30/07/2026 05:29:54: [INSPECAO] Upload recebido: R_000250_1444543.zip -> E:\projetos_hitss\geo-pme-notas\files\r_000250.zip
30/07/2026 05:29:54: --- INICIANDO ETL R_000250 ---
30/07/2026 05:29:54: Extraindo ZIP: E:\projetos_hitss\geo-pme-notas\files\r_000250.zip
30/07/2026 05:29:54: Delimitador detectado: ";"
30/07/2026 05:29:54: Arquivo limpo escrito: E:\projetos_hitss\geo-pme-notas\files\r_000250_cleaned.csv
30/07/2026 05:29:54: Tabela verificada/criada.
30/07/2026 05:29:54: Dados antigos removidos.
30/07/2026 05:29:54: Dados carregados com sucesso via COPY.
30/07/2026 05:29:54: --- ETL R_000250 CONCLUÍDO: 769 registros ---
30/07/2026 05:29:54: [CLASSIFICACAO] Conectado ao banco de dados.
30/07/2026 05:29:54: [CLASSIFICACAO] 0 cotações classificadas.
30/07/2026 05:29:54: [CLASSIFICACAO] Total "Pendente - Classificação": 279
30/07/2026 05:40:27: [PUT] Atualizando cotação: 22894046
30/07/2026 05:40:27: [PUT] Usuário: gustavo.sanches
30/07/2026 05:40:27: [PUT] Dados recebidos: {
30/07/2026 05:40:27:   anotacao: undefined,
30/07/2026 05:40:27:   status: 'reprovado',
30/07/2026 05:40:27:   auditoria_anotacao: undefined,
30/07/2026 05:40:27:   auditoria_status: undefined
30/07/2026 05:40:27: }
30/07/2026 05:40:27: [PUT] Linhas afetadas: 1
30/07/2026 05:40:27: [PUT] Cotação atualizada com sucesso: {
30/07/2026 05:40:27:   id_cotacao: 17871,
30/07/2026 05:40:27:   cotacao: 'Q6391564',
30/07/2026 05:40:27:   id_qldd: null,
30/07/2026 05:40:27:   anotacao: 'Tarefa: E001 - PME - 42.303.087/0001-16 | Fila: CPC - PME',
30/07/2026 05:40:27:   status: 'reprovado',
30/07/2026 05:40:27:   data_de_criacao: '30/07/2026 05:36',
30/07/2026 05:40:27:   data_da_ultima_atualizacao: '30/07/2026 05:40',
30/07/2026 05:40:27:   usuario_login: 'gustavo.sanches',
30/07/2026 05:40:27:   validacao: 'Ativo',
30/07/2026 05:40:27:   usuario_id: '134',
30/07/2026 05:40:27:   tarefa: '22894046',
30/07/2026 05:40:27:   origem: 'r_000250',
30/07/2026 05:40:27:   data_historico: 2026-07-29T13:00:43.000Z
30/07/2026 05:40:27: }
30/07/2026 05:43:56: [PUT] Atualizando cotação: 22894047
30/07/2026 05:43:56: [PUT] Usuário: gustavo.sanches
30/07/2026 05:43:56: [PUT] Dados recebidos: {
30/07/2026 05:43:56:   anotacao: undefined,
30/07/2026 05:43:56:   status: 'reprovado',
30/07/2026 05:43:56:   auditoria_anotacao: undefined,
30/07/2026 05:43:56:   auditoria_status: undefined
30/07/2026 05:43:56: }
30/07/2026 05:43:56: [PUT] Linhas afetadas: 1
30/07/2026 05:43:56: [PUT] Cotação atualizada com sucesso: {
30/07/2026 05:43:56:   id_cotacao: 17870,
30/07/2026 05:43:56:   cotacao: 'Q6390161',
30/07/2026 05:43:56:   id_qldd: null,
30/07/2026 05:43:56:   anotacao: 'Tarefa: E001 - PME - 29.729.586/0001-01 | Fila: CPC - PME',
30/07/2026 05:43:56:   status: 'reprovado',
30/07/2026 05:43:56:   data_de_criacao: '30/07/2026 05:36',
30/07/2026 05:43:56:   data_da_ultima_atualizacao: '30/07/2026 05:43',
30/07/2026 05:43:56:   usuario_login: 'gustavo.sanches',
30/07/2026 05:43:56:   validacao: 'Ativo',
30/07/2026 05:43:56:   usuario_id: '134',
30/07/2026 05:43:56:   tarefa: '22894047',
30/07/2026 05:43:56:   origem: 'r_000250',
30/07/2026 05:43:56:   data_historico: 2026-07-29T13:00:45.000Z
30/07/2026 05:43:56: }
30/07/2026 05:47:05: [PUT] Atualizando cotação: 22894053
30/07/2026 05:47:05: [PUT] Usuário: gustavo.sanches
30/07/2026 05:47:05: [PUT] Dados recebidos: {
30/07/2026 05:47:05:   anotacao: undefined,
30/07/2026 05:47:05:   status: 'aprovado',
30/07/2026 05:47:05:   auditoria_anotacao: undefined,
30/07/2026 05:47:05:   auditoria_status: undefined
30/07/2026 05:47:05: }
30/07/2026 05:47:05: [PUT] Linhas afetadas: 1
30/07/2026 05:47:05: [PUT] Cotação atualizada com sucesso: {
30/07/2026 05:47:05:   id_cotacao: 17869,
30/07/2026 05:47:05:   cotacao: 'Q6391728',
30/07/2026 05:47:05:   id_qldd: null,
30/07/2026 05:47:05:   anotacao: 'Tarefa: E001 - PME - 21.856.600/0001-26 | Fila: CPC - PME',
30/07/2026 05:47:05:   status: 'aprovado',
30/07/2026 05:47:05:   data_de_criacao: '30/07/2026 05:36',
30/07/2026 05:47:05:   data_da_ultima_atualizacao: '30/07/2026 05:47',
30/07/2026 05:47:05:   usuario_login: 'gustavo.sanches',
30/07/2026 05:47:05:   validacao: 'Ativo',
30/07/2026 05:47:05:   usuario_id: '134',
30/07/2026 05:47:05:   tarefa: '22894053',
30/07/2026 05:47:05:   origem: 'r_000250',
30/07/2026 05:47:05:   data_historico: 2026-07-29T13:01:12.000Z
30/07/2026 05:47:05: }
30/07/2026 05:50:35: [PUT] Atualizando cotação: 22894078
30/07/2026 05:50:35: [PUT] Usuário: gustavo.sanches
30/07/2026 05:50:35: [PUT] Dados recebidos: {
30/07/2026 05:50:35:   anotacao: undefined,
30/07/2026 05:50:35:   status: 'reprovado',
30/07/2026 05:50:35:   auditoria_anotacao: undefined,
30/07/2026 05:50:35:   auditoria_status: undefined
30/07/2026 05:50:35: }
30/07/2026 05:50:35: [PUT] Linhas afetadas: 1
30/07/2026 05:50:35: [PUT] Cotação atualizada com sucesso: {
30/07/2026 05:50:35:   id_cotacao: 17868,
30/07/2026 05:50:35:   cotacao: 'Q6390777',
30/07/2026 05:50:35:   id_qldd: null,
30/07/2026 05:50:35:   anotacao: 'Tarefa: E001 - PME - 31.008.646/0001-49 | Fila: CPC - PME',
30/07/2026 05:50:35:   status: 'reprovado',
30/07/2026 05:50:35:   data_de_criacao: '30/07/2026 05:36',
30/07/2026 05:50:35:   data_da_ultima_atualizacao: '30/07/2026 05:50',
30/07/2026 05:50:35:   usuario_login: 'gustavo.sanches',
30/07/2026 05:50:35:   validacao: 'Ativo',
30/07/2026 05:50:35:   usuario_id: '134',
30/07/2026 05:50:35:   tarefa: '22894078',
30/07/2026 05:50:35:   origem: 'r_000250',
30/07/2026 05:50:35:   data_historico: 2026-07-29T13:05:19.000Z
30/07/2026 05:50:35: }
30/07/2026 05:53:31: [PUT] Atualizando cotação: 22894150
30/07/2026 05:53:31: [PUT] Usuário: gustavo.sanches
30/07/2026 05:53:31: [PUT] Dados recebidos: {
30/07/2026 05:53:31:   anotacao: undefined,
30/07/2026 05:53:31:   status: 'aprovado',
30/07/2026 05:53:31:   auditoria_anotacao: undefined,
30/07/2026 05:53:31:   auditoria_status: undefined
30/07/2026 05:53:31: }
30/07/2026 05:53:31: [PUT] Linhas afetadas: 1
30/07/2026 05:53:31: [PUT] Cotação atualizada com sucesso: {
30/07/2026 05:53:31:   id_cotacao: 17867,
30/07/2026 05:53:31:   cotacao: 'Q6391703',
30/07/2026 05:53:31:   id_qldd: null,
30/07/2026 05:53:31:   anotacao: 'Tarefa: E001 - PME - 02.470.033/0001-20 | Fila: CPC - PME',
30/07/2026 05:53:31:   status: 'aprovado',
30/07/2026 05:53:31:   data_de_criacao: '30/07/2026 05:36',
30/07/2026 05:53:31:   data_da_ultima_atualizacao: '30/07/2026 05:53',
30/07/2026 05:53:31:   usuario_login: 'gustavo.sanches',
30/07/2026 05:53:31:   validacao: 'Ativo',
30/07/2026 05:53:31:   usuario_id: '134',
30/07/2026 05:53:31:   tarefa: '22894150',
30/07/2026 05:53:31:   origem: 'r_000250',
30/07/2026 05:53:31:   data_historico: 2026-07-29T13:07:17.000Z
30/07/2026 05:53:31: }
30/07/2026 05:57:12: [PUT] Atualizando cotação: 22894160
30/07/2026 05:57:12: [PUT] Usuário: gustavo.sanches
30/07/2026 05:57:12: [PUT] Dados recebidos: {
30/07/2026 05:57:12:   anotacao: undefined,
30/07/2026 05:57:12:   status: 'reprovado',
30/07/2026 05:57:12:   auditoria_anotacao: undefined,
30/07/2026 05:57:12:   auditoria_status: undefined
30/07/2026 05:57:12: }
30/07/2026 05:57:12: [PUT] Linhas afetadas: 1
30/07/2026 05:57:12: [PUT] Cotação atualizada com sucesso: {
30/07/2026 05:57:12:   id_cotacao: 17866,
30/07/2026 05:57:12:   cotacao: 'Q6391720',
30/07/2026 05:57:12:   id_qldd: null,
30/07/2026 05:57:12:   anotacao: 'Tarefa: E001 - PME - 33.026.664/0001-89 | Fila: CPC - PME',
30/07/2026 05:57:12:   status: 'reprovado',
30/07/2026 05:57:12:   data_de_criacao: '30/07/2026 05:36',
30/07/2026 05:57:12:   data_da_ultima_atualizacao: '30/07/2026 05:57',
30/07/2026 05:57:12:   usuario_login: 'gustavo.sanches',
30/07/2026 05:57:12:   validacao: 'Ativo',
30/07/2026 05:57:12:   usuario_id: '134',
30/07/2026 05:57:12:   tarefa: '22894160',
30/07/2026 05:57:12:   origem: 'r_000250',
30/07/2026 05:57:12:   data_historico: 2026-07-29T13:08:37.000Z
30/07/2026 05:57:12: }
30/07/2026 06:00:51: [PUT] Atualizando cotação: 22894165
30/07/2026 06:00:51: [PUT] Usuário: gustavo.sanches
30/07/2026 06:00:51: [PUT] Dados recebidos: {
30/07/2026 06:00:51:   anotacao: undefined,
30/07/2026 06:00:51:   status: 'reprovado',
30/07/2026 06:00:51:   auditoria_anotacao: undefined,
30/07/2026 06:00:51:   auditoria_status: undefined
30/07/2026 06:00:51: }
30/07/2026 06:00:51: [PUT] Linhas afetadas: 1
30/07/2026 06:00:51: [PUT] Cotação atualizada com sucesso: {
30/07/2026 06:00:51:   id_cotacao: 17865,
30/07/2026 06:00:51:   cotacao: 'Q6391717',
30/07/2026 06:00:51:   id_qldd: null,
30/07/2026 06:00:51:   anotacao: 'Tarefa: E001 - PME - 05.589.895/0001-65 | Fila: CPC - PME',
30/07/2026 06:00:51:   status: 'reprovado',
30/07/2026 06:00:51:   data_de_criacao: '30/07/2026 05:36',
30/07/2026 06:00:51:   data_da_ultima_atualizacao: '30/07/2026 06:00',
30/07/2026 06:00:51:   usuario_login: 'gustavo.sanches',
30/07/2026 06:00:51:   validacao: 'Ativo',
30/07/2026 06:00:51:   usuario_id: '134',
30/07/2026 06:00:51:   tarefa: '22894165',
30/07/2026 06:00:51:   origem: 'r_000250',
30/07/2026 06:00:51:   data_historico: 2026-07-29T13:09:27.000Z
30/07/2026 06:00:51: }
30/07/2026 06:04:56: [PUT] Atualizando cotação: 22894223
30/07/2026 06:04:56: [PUT] Usuário: gustavo.sanches
30/07/2026 06:04:56: [PUT] Dados recebidos: {
30/07/2026 06:04:56:   anotacao: undefined,
30/07/2026 06:04:56:   status: 'reprovado',
30/07/2026 06:04:56:   auditoria_anotacao: undefined,
30/07/2026 06:04:56:   auditoria_status: undefined
30/07/2026 06:04:56: }
30/07/2026 06:04:56: [PUT] Linhas afetadas: 1
30/07/2026 06:04:56: [PUT] Cotação atualizada com sucesso: {
30/07/2026 06:04:56:   id_cotacao: 17864,
30/07/2026 06:04:56:   cotacao: 'Q6391825',
30/07/2026 06:04:56:   id_qldd: null,
30/07/2026 06:04:56:   anotacao: 'Tarefa: E001 - PME - 43.335.481/0001-07 | Fila: CPC - PME',
30/07/2026 06:04:56:   status: 'reprovado',
30/07/2026 06:04:56:   data_de_criacao: '30/07/2026 05:36',
30/07/2026 06:04:56:   data_da_ultima_atualizacao: '30/07/2026 06:04',
30/07/2026 06:04:56:   usuario_login: 'gustavo.sanches',
30/07/2026 06:04:56:   validacao: 'Ativo',
30/07/2026 06:04:56:   usuario_id: '134',
30/07/2026 06:04:56:   tarefa: '22894223',
30/07/2026 06:04:56:   origem: 'r_000250',
30/07/2026 06:04:56:   data_historico: 2026-07-29T13:17:38.000Z
30/07/2026 06:04:56: }
30/07/2026 06:08:15: [PUT] Atualizando cotação: 22894285
30/07/2026 06:08:15: [PUT] Usuário: gustavo.sanches
30/07/2026 06:08:15: [PUT] Dados recebidos: {
30/07/2026 06:08:15:   anotacao: undefined,
30/07/2026 06:08:15:   status: 'aprovado',
30/07/2026 06:08:15:   auditoria_anotacao: undefined,
30/07/2026 06:08:15:   auditoria_status: undefined
30/07/2026 06:08:15: }
30/07/2026 06:08:15: [PUT] Linhas afetadas: 1
30/07/2026 06:08:15: [PUT] Cotação atualizada com sucesso: {
30/07/2026 06:08:15:   id_cotacao: 17863,
30/07/2026 06:08:15:   cotacao: 'Q6387245',
30/07/2026 06:08:15:   id_qldd: null,
30/07/2026 06:08:15:   anotacao: 'Tarefa: E001 - PME - 15.576.917/0001-06 | Fila: CPC - PME',
30/07/2026 06:08:15:   status: 'aprovado',
30/07/2026 06:08:15:   data_de_criacao: '30/07/2026 05:36',
30/07/2026 06:08:15:   data_da_ultima_atualizacao: '30/07/2026 06:08',
30/07/2026 06:08:15:   usuario_login: 'gustavo.sanches',
30/07/2026 06:08:15:   validacao: 'Ativo',
30/07/2026 06:08:15:   usuario_id: '134',
30/07/2026 06:08:15:   tarefa: '22894285',
30/07/2026 06:08:15:   origem: 'r_000250',
30/07/2026 06:08:15:   data_historico: 2026-07-29T13:27:50.000Z
30/07/2026 06:08:15: }
30/07/2026 06:12:10: [PUT] Atualizando cotação: 22894291
30/07/2026 06:12:10: [PUT] Usuário: gustavo.sanches
30/07/2026 06:12:10: [PUT] Dados recebidos: {
30/07/2026 06:12:10:   anotacao: undefined,
30/07/2026 06:12:10:   status: 'reprovado',
30/07/2026 06:12:10:   auditoria_anotacao: undefined,
30/07/2026 06:12:10:   auditoria_status: undefined
30/07/2026 06:12:10: }
30/07/2026 06:12:10: [PUT] Linhas afetadas: 1
30/07/2026 06:12:10: [PUT] Cotação atualizada com sucesso: {
30/07/2026 06:12:10:   id_cotacao: 17862,
30/07/2026 06:12:10:   cotacao: 'Q6391897',
30/07/2026 06:12:10:   id_qldd: null,
30/07/2026 06:12:10:   anotacao: 'Tarefa: E001 - PME - 57.273.336/0001-45 | Fila: CPC - PME',
30/07/2026 06:12:10:   status: 'reprovado',
30/07/2026 06:12:10:   data_de_criacao: '30/07/2026 05:36',
30/07/2026 06:12:10:   data_da_ultima_atualizacao: '30/07/2026 06:12',
30/07/2026 06:12:10:   usuario_login: 'gustavo.sanches',
30/07/2026 06:12:10:   validacao: 'Ativo',
30/07/2026 06:12:10:   usuario_id: '134',
30/07/2026 06:12:10:   tarefa: '22894291',
30/07/2026 06:12:10:   origem: 'r_000250',
30/07/2026 06:12:10:   data_historico: 2026-07-29T13:29:07.000Z
30/07/2026 06:12:10: }
30/07/2026 06:16:04: [PUT] Atualizando cotação: 22894330
30/07/2026 06:16:04: [PUT] Usuário: gustavo.sanches
30/07/2026 06:16:04: [PUT] Dados recebidos: {
30/07/2026 06:16:04:   anotacao: undefined,
30/07/2026 06:16:04:   status: 'reprovado',
30/07/2026 06:16:04:   auditoria_anotacao: undefined,
30/07/2026 06:16:04:   auditoria_status: undefined
30/07/2026 06:16:04: }
30/07/2026 06:16:04: [PUT] Linhas afetadas: 1
30/07/2026 06:16:04: [PUT] Cotação atualizada com sucesso: {
30/07/2026 06:16:04:   id_cotacao: 17861,
30/07/2026 06:16:04:   cotacao: 'Q6391888',
30/07/2026 06:16:04:   id_qldd: null,
30/07/2026 06:16:04:   anotacao: 'Tarefa: E001 - PME - 04.648.163/0001-36 | Fila: CPC - PME',
30/07/2026 06:16:04:   status: 'reprovado',
30/07/2026 06:16:04:   data_de_criacao: '30/07/2026 05:36',
30/07/2026 06:16:04:   data_da_ultima_atualizacao: '30/07/2026 06:16',
30/07/2026 06:16:04:   usuario_login: 'gustavo.sanches',
30/07/2026 06:16:04:   validacao: 'Ativo',
30/07/2026 06:16:04:   usuario_id: '134',
30/07/2026 06:16:04:   tarefa: '22894330',
30/07/2026 06:16:04:   origem: 'r_000250',
30/07/2026 06:16:04:   data_historico: 2026-07-29T13:37:05.000Z
30/07/2026 06:16:04: }
30/07/2026 06:20:14: [PUT] Atualizando cotação: 22894349
30/07/2026 06:20:14: [PUT] Usuário: gustavo.sanches
30/07/2026 06:20:14: [PUT] Dados recebidos: {
30/07/2026 06:20:14:   anotacao: undefined,
30/07/2026 06:20:14:   status: 'reprovado',
30/07/2026 06:20:14:   auditoria_anotacao: undefined,
30/07/2026 06:20:14:   auditoria_status: undefined
30/07/2026 06:20:14: }
30/07/2026 06:20:15: [PUT] Linhas afetadas: 1
30/07/2026 06:20:15: [PUT] Cotação atualizada com sucesso: {
30/07/2026 06:20:15:   id_cotacao: 17860,
30/07/2026 06:20:15:   cotacao: 'Q6391730',
30/07/2026 06:20:15:   id_qldd: null,
30/07/2026 06:20:15:   anotacao: 'Tarefa: E001 - PME - 32.706.393/0001-40 | Fila: CPC - PME',
30/07/2026 06:20:15:   status: 'reprovado',
30/07/2026 06:20:15:   data_de_criacao: '30/07/2026 05:36',
30/07/2026 06:20:15:   data_da_ultima_atualizacao: '30/07/2026 06:20',
30/07/2026 06:20:15:   usuario_login: 'gustavo.sanches',
30/07/2026 06:20:15:   validacao: 'Ativo',
30/07/2026 06:20:15:   usuario_id: '134',
30/07/2026 06:20:15:   tarefa: '22894349',
30/07/2026 06:20:15:   origem: 'r_000250',
30/07/2026 06:20:15:   data_historico: 2026-07-29T13:39:07.000Z
30/07/2026 06:20:15: }
30/07/2026 06:24:01: [PUT] Atualizando cotação: 22894392
30/07/2026 06:24:01: [PUT] Usuário: gustavo.sanches
30/07/2026 06:24:01: [PUT] Dados recebidos: {
30/07/2026 06:24:01:   anotacao: undefined,
30/07/2026 06:24:01:   status: 'reprovado',
30/07/2026 06:24:01:   auditoria_anotacao: undefined,
30/07/2026 06:24:01:   auditoria_status: undefined
30/07/2026 06:24:01: }
30/07/2026 06:24:01: [PUT] Linhas afetadas: 1
30/07/2026 06:24:01: [PUT] Cotação atualizada com sucesso: {
30/07/2026 06:24:01:   id_cotacao: 17859,
30/07/2026 06:24:01:   cotacao: 'Q6391844',
30/07/2026 06:24:01:   id_qldd: null,
30/07/2026 06:24:01:   anotacao: 'Tarefa: E001 - PME - 14.214.220/0001-22 | Fila: CPC - PME',
30/07/2026 06:24:01:   status: 'reprovado',
30/07/2026 06:24:01:   data_de_criacao: '30/07/2026 05:36',
30/07/2026 06:24:01:   data_da_ultima_atualizacao: '30/07/2026 06:24',
30/07/2026 06:24:01:   usuario_login: 'gustavo.sanches',
30/07/2026 06:24:01:   validacao: 'Ativo',
30/07/2026 06:24:01:   usuario_id: '134',
30/07/2026 06:24:01:   tarefa: '22894392',
30/07/2026 06:24:01:   origem: 'r_000250',
30/07/2026 06:24:01:   data_historico: 2026-07-29T13:45:35.000Z
30/07/2026 06:24:01: }
30/07/2026 06:28:26: [PUT] Atualizando cotação: 22894398
30/07/2026 06:28:26: [PUT] Usuário: gustavo.sanches
30/07/2026 06:28:26: [PUT] Dados recebidos: {
30/07/2026 06:28:26:   anotacao: undefined,
30/07/2026 06:28:26:   status: 'reprovado',
30/07/2026 06:28:26:   auditoria_anotacao: undefined,
30/07/2026 06:28:26:   auditoria_status: undefined
30/07/2026 06:28:26: }
30/07/2026 06:28:26: [PUT] Linhas afetadas: 1
30/07/2026 06:28:26: [PUT] Cotação atualizada com sucesso: {
30/07/2026 06:28:26:   id_cotacao: 17858,
30/07/2026 06:28:26:   cotacao: 'Q6391745',
30/07/2026 06:28:26:   id_qldd: null,
30/07/2026 06:28:26:   anotacao: 'Tarefa: E001 - PME - 08.831.007/0001-67 | Fila: CPC - PME',
30/07/2026 06:28:26:   status: 'reprovado',
30/07/2026 06:28:26:   data_de_criacao: '30/07/2026 05:36',
30/07/2026 06:28:26:   data_da_ultima_atualizacao: '30/07/2026 06:28',
30/07/2026 06:28:26:   usuario_login: 'gustavo.sanches',
30/07/2026 06:28:26:   validacao: 'Ativo',
30/07/2026 06:28:26:   usuario_id: '134',
30/07/2026 06:28:26:   tarefa: '22894398',
30/07/2026 06:28:26:   origem: 'r_000250',
30/07/2026 06:28:26:   data_historico: 2026-07-29T13:45:59.000Z
30/07/2026 06:28:26: }
30/07/2026 06:31:34: [PUT] Atualizando cotação: 22894409
30/07/2026 06:31:34: [PUT] Usuário: gustavo.sanches
30/07/2026 06:31:34: [PUT] Dados recebidos: {
30/07/2026 06:31:34:   anotacao: undefined,
30/07/2026 06:31:34:   status: 'reprovado',
30/07/2026 06:31:34:   auditoria_anotacao: undefined,
30/07/2026 06:31:34:   auditoria_status: undefined
30/07/2026 06:31:34: }
30/07/2026 06:31:34: [PUT] Linhas afetadas: 1
30/07/2026 06:31:34: [PUT] Cotação atualizada com sucesso: {
30/07/2026 06:31:34:   id_cotacao: 17857,
30/07/2026 06:31:34:   cotacao: 'Q6391773',
30/07/2026 06:31:34:   id_qldd: null,
30/07/2026 06:31:34:   anotacao: 'Tarefa: E001 - PME - 60.222.077/0001-38 | Fila: CPC - PME',
30/07/2026 06:31:34:   status: 'reprovado',
30/07/2026 06:31:34:   data_de_criacao: '30/07/2026 05:36',
30/07/2026 06:31:34:   data_da_ultima_atualizacao: '30/07/2026 06:31',
30/07/2026 06:31:34:   usuario_login: 'gustavo.sanches',
30/07/2026 06:31:34:   validacao: 'Ativo',
30/07/2026 06:31:34:   usuario_id: '134',
30/07/2026 06:31:34:   tarefa: '22894409',
30/07/2026 06:31:34:   origem: 'r_000250',
30/07/2026 06:31:34:   data_historico: 2026-07-29T13:48:02.000Z
30/07/2026 06:31:34: }
30/07/2026 06:31:36: [PUT] Atualizando cotação: 22894409
30/07/2026 06:31:36: [PUT] Usuário: gustavo.sanches
30/07/2026 06:31:36: [PUT] Dados recebidos: {
30/07/2026 06:31:36:   anotacao: undefined,
30/07/2026 06:31:36:   status: 'aprovado',
30/07/2026 06:31:36:   auditoria_anotacao: undefined,
30/07/2026 06:31:36:   auditoria_status: undefined
30/07/2026 06:31:36: }
30/07/2026 06:31:36: [PUT] Linhas afetadas: 1
30/07/2026 06:31:36: [PUT] Cotação atualizada com sucesso: {
30/07/2026 06:31:36:   id_cotacao: 17857,
30/07/2026 06:31:36:   cotacao: 'Q6391773',
30/07/2026 06:31:36:   id_qldd: null,
30/07/2026 06:31:36:   anotacao: 'Tarefa: E001 - PME - 60.222.077/0001-38 | Fila: CPC - PME',
30/07/2026 06:31:36:   status: 'aprovado',
30/07/2026 06:31:36:   data_de_criacao: '30/07/2026 05:36',
30/07/2026 06:31:36:   data_da_ultima_atualizacao: '30/07/2026 06:31',
30/07/2026 06:31:36:   usuario_login: 'gustavo.sanches',
30/07/2026 06:31:36:   validacao: 'Ativo',
30/07/2026 06:31:36:   usuario_id: '134',
30/07/2026 06:31:36:   tarefa: '22894409',
30/07/2026 06:31:36:   origem: 'r_000250',
30/07/2026 06:31:36:   data_historico: 2026-07-29T13:48:02.000Z
30/07/2026 06:31:36: }
30/07/2026 06:40:32: [PUT] Atualizando cotação: 22894435
30/07/2026 06:40:32: [PUT] Usuário: gustavo.sanches
30/07/2026 06:40:32: [PUT] Dados recebidos: {
30/07/2026 06:40:32:   anotacao: undefined,
30/07/2026 06:40:32:   status: 'aprovado',
30/07/2026 06:40:32:   auditoria_anotacao: undefined,
30/07/2026 06:40:32:   auditoria_status: undefined
30/07/2026 06:40:32: }
30/07/2026 06:40:32: [PUT] Linhas afetadas: 1
30/07/2026 06:40:32: [PUT] Cotação atualizada com sucesso: {
30/07/2026 06:40:32:   id_cotacao: 17884,
30/07/2026 06:40:32:   cotacao: 'Q6391998',
30/07/2026 06:40:32:   id_qldd: null,
30/07/2026 06:40:32:   anotacao: 'Tarefa: E001 - PME - 64.168.682/0001-29 | Fila: CPC - PME',
30/07/2026 06:40:32:   status: 'aprovado',
30/07/2026 06:40:32:   data_de_criacao: '30/07/2026 06:37',
30/07/2026 06:40:32:   data_da_ultima_atualizacao: '30/07/2026 06:40',
30/07/2026 06:40:32:   usuario_login: 'gustavo.sanches',
30/07/2026 06:40:32:   validacao: 'Ativo',
30/07/2026 06:40:32:   usuario_id: '134',
30/07/2026 06:40:32:   tarefa: '22894435',
30/07/2026 06:40:32:   origem: 'r_000250',
30/07/2026 06:40:32:   data_historico: 2026-07-29T13:52:06.000Z
30/07/2026 06:40:32: }
30/07/2026 06:44:31: [PUT] Atualizando cotação: 22894482
30/07/2026 06:44:31: [PUT] Usuário: gustavo.sanches
30/07/2026 06:44:31: [PUT] Dados recebidos: {
30/07/2026 06:44:31:   anotacao: undefined,
30/07/2026 06:44:31:   status: 'reprovado',
30/07/2026 06:44:31:   auditoria_anotacao: undefined,
30/07/2026 06:44:31:   auditoria_status: undefined
30/07/2026 06:44:31: }
30/07/2026 06:44:31: [PUT] Linhas afetadas: 1
30/07/2026 06:44:31: [PUT] Cotação atualizada com sucesso: {
30/07/2026 06:44:31:   id_cotacao: 17883,
30/07/2026 06:44:31:   cotacao: 'Q6392075',
30/07/2026 06:44:31:   id_qldd: null,
30/07/2026 06:44:31:   anotacao: 'Tarefa: E001 - PME - 04.176.672/0001-03 | Fila: CPC - PME',
30/07/2026 06:44:31:   status: 'reprovado',
30/07/2026 06:44:31:   data_de_criacao: '30/07/2026 06:37',
30/07/2026 06:44:31:   data_da_ultima_atualizacao: '30/07/2026 06:44',
30/07/2026 06:44:31:   usuario_login: 'gustavo.sanches',
30/07/2026 06:44:31:   validacao: 'Ativo',
30/07/2026 06:44:31:   usuario_id: '134',
30/07/2026 06:44:31:   tarefa: '22894482',
30/07/2026 06:44:31:   origem: 'r_000250',
30/07/2026 06:44:31:   data_historico: 2026-07-29T13:58:18.000Z
30/07/2026 06:44:31: }
30/07/2026 06:47:54: [PUT] Atualizando cotação: 22894500
30/07/2026 06:47:54: [PUT] Usuário: gustavo.sanches
30/07/2026 06:47:54: [PUT] Dados recebidos: {
30/07/2026 06:47:54:   anotacao: undefined,
30/07/2026 06:47:54:   status: 'reprovado',
30/07/2026 06:47:54:   auditoria_anotacao: undefined,
30/07/2026 06:47:54:   auditoria_status: undefined
30/07/2026 06:47:54: }
30/07/2026 06:47:54: [PUT] Linhas afetadas: 1
30/07/2026 06:47:54: [PUT] Cotação atualizada com sucesso: {
30/07/2026 06:47:54:   id_cotacao: 17882,
30/07/2026 06:47:54:   cotacao: 'Q6391847',
30/07/2026 06:47:54:   id_qldd: null,
30/07/2026 06:47:54:   anotacao: 'Tarefa: E001 - PME - 14.826.338/0001-01 | Fila: CPC - PME',
30/07/2026 06:47:54:   status: 'reprovado',
30/07/2026 06:47:54:   data_de_criacao: '30/07/2026 06:37',
30/07/2026 06:47:54:   data_da_ultima_atualizacao: '30/07/2026 06:47',
30/07/2026 06:47:54:   usuario_login: 'gustavo.sanches',
30/07/2026 06:47:54:   validacao: 'Ativo',
30/07/2026 06:47:54:   usuario_id: '134',
30/07/2026 06:47:54:   tarefa: '22894500',
30/07/2026 06:47:54:   origem: 'r_000250',
30/07/2026 06:47:54:   data_historico: 2026-07-29T14:01:02.000Z
30/07/2026 06:47:54: }
30/07/2026 06:51:17: [PUT] Atualizando cotação: 22894501
30/07/2026 06:51:17: [PUT] Usuário: gustavo.sanches
30/07/2026 06:51:17: [PUT] Dados recebidos: {
30/07/2026 06:51:17:   anotacao: undefined,
30/07/2026 06:51:17:   status: 'aprovado',
30/07/2026 06:51:17:   auditoria_anotacao: undefined,
30/07/2026 06:51:17:   auditoria_status: undefined
30/07/2026 06:51:17: }
30/07/2026 06:51:17: [PUT] Linhas afetadas: 1
30/07/2026 06:51:17: [PUT] Cotação atualizada com sucesso: {
30/07/2026 06:51:17:   id_cotacao: 17881,
30/07/2026 06:51:17:   cotacao: 'Q6381158',
30/07/2026 06:51:17:   id_qldd: null,
30/07/2026 06:51:17:   anotacao: 'Tarefa: E001 - PME - 26.968.501/0001-50 | Fila: CPC - PME',
30/07/2026 06:51:17:   status: 'aprovado',
30/07/2026 06:51:17:   data_de_criacao: '30/07/2026 06:37',
30/07/2026 06:51:17:   data_da_ultima_atualizacao: '30/07/2026 06:51',
30/07/2026 06:51:17:   usuario_login: 'gustavo.sanches',
30/07/2026 06:51:17:   validacao: 'Ativo',
30/07/2026 06:51:17:   usuario_id: '134',
30/07/2026 06:51:17:   tarefa: '22894501',
30/07/2026 06:51:17:   origem: 'r_000250',
30/07/2026 06:51:17:   data_historico: 2026-07-29T14:01:07.000Z
30/07/2026 06:51:17: }
30/07/2026 06:54:21: [PUT] Atualizando cotação: 22894562
30/07/2026 06:54:21: [PUT] Usuário: gustavo.sanches
30/07/2026 06:54:21: [PUT] Dados recebidos: {
30/07/2026 06:54:21:   anotacao: undefined,
30/07/2026 06:54:21:   status: 'aprovado',
30/07/2026 06:54:21:   auditoria_anotacao: undefined,
30/07/2026 06:54:21:   auditoria_status: undefined
30/07/2026 06:54:21: }
30/07/2026 06:54:21: [PUT] Linhas afetadas: 1
30/07/2026 06:54:21: [PUT] Cotação atualizada com sucesso: {
30/07/2026 06:54:21:   id_cotacao: 17880,
30/07/2026 06:54:21:   cotacao: 'Q6391787',
30/07/2026 06:54:21:   id_qldd: null,
30/07/2026 06:54:21:   anotacao: 'Tarefa: E001 - PME - 52.568.205/0001-71 | Fila: CPC - PME',
30/07/2026 06:54:21:   status: 'aprovado',
30/07/2026 06:54:21:   data_de_criacao: '30/07/2026 06:37',
30/07/2026 06:54:21:   data_da_ultima_atualizacao: '30/07/2026 06:54',
30/07/2026 06:54:21:   usuario_login: 'gustavo.sanches',
30/07/2026 06:54:21:   validacao: 'Ativo',
30/07/2026 06:54:21:   usuario_id: '134',
30/07/2026 06:54:21:   tarefa: '22894562',
30/07/2026 06:54:21:   origem: 'r_000250',
30/07/2026 06:54:21:   data_historico: 2026-07-29T14:09:49.000Z
30/07/2026 06:54:21: }
30/07/2026 06:57:22: [PUT] Atualizando cotação: 22894567
30/07/2026 06:57:22: [PUT] Usuário: gustavo.sanches
30/07/2026 06:57:22: [PUT] Dados recebidos: {
30/07/2026 06:57:22:   anotacao: undefined,
30/07/2026 06:57:22:   status: 'aprovado',
30/07/2026 06:57:22:   auditoria_anotacao: undefined,
30/07/2026 06:57:22:   auditoria_status: undefined
30/07/2026 06:57:22: }
30/07/2026 06:57:22: [PUT] Linhas afetadas: 1
30/07/2026 06:57:22: [PUT] Cotação atualizada com sucesso: {
30/07/2026 06:57:22:   id_cotacao: 17879,
30/07/2026 06:57:22:   cotacao: 'Q6391940',
30/07/2026 06:57:22:   id_qldd: null,
30/07/2026 06:57:22:   anotacao: 'Tarefa: E001 - PME - 48.318.173/0001-89 | Fila: CPC - PME',
30/07/2026 06:57:22:   status: 'aprovado',
30/07/2026 06:57:22:   data_de_criacao: '30/07/2026 06:37',
30/07/2026 06:57:22:   data_da_ultima_atualizacao: '30/07/2026 06:57',
30/07/2026 06:57:22:   usuario_login: 'gustavo.sanches',
30/07/2026 06:57:22:   validacao: 'Ativo',
30/07/2026 06:57:22:   usuario_id: '134',
30/07/2026 06:57:22:   tarefa: '22894567',
30/07/2026 06:57:22:   origem: 'r_000250',
30/07/2026 06:57:22:   data_historico: 2026-07-29T14:10:23.000Z
30/07/2026 06:57:22: }
30/07/2026 07:01:04: [PUT] Atualizando cotação: 22894620
30/07/2026 07:01:04: [PUT] Usuário: gustavo.sanches
30/07/2026 07:01:04: [PUT] Dados recebidos: {
30/07/2026 07:01:04:   anotacao: undefined,
30/07/2026 07:01:04:   status: 'reprovado',
30/07/2026 07:01:04:   auditoria_anotacao: undefined,
30/07/2026 07:01:04:   auditoria_status: undefined
30/07/2026 07:01:04: }
30/07/2026 07:01:04: [PUT] Linhas afetadas: 1
30/07/2026 07:01:04: [PUT] Cotação atualizada com sucesso: {
30/07/2026 07:01:04:   id_cotacao: 17878,
30/07/2026 07:01:04:   cotacao: 'Q6392002',
30/07/2026 07:01:04:   id_qldd: null,
30/07/2026 07:01:04:   anotacao: 'Tarefa: E001 - PME - 57.309.537/0001-55 | Fila: CPC - PME',
30/07/2026 07:01:04:   status: 'reprovado',
30/07/2026 07:01:04:   data_de_criacao: '30/07/2026 06:37',
30/07/2026 07:01:04:   data_da_ultima_atualizacao: '30/07/2026 07:01',
30/07/2026 07:01:04:   usuario_login: 'gustavo.sanches',
30/07/2026 07:01:04:   validacao: 'Ativo',
30/07/2026 07:01:04:   usuario_id: '134',
30/07/2026 07:01:04:   tarefa: '22894620',
30/07/2026 07:01:04:   origem: 'r_000250',
30/07/2026 07:01:04:   data_historico: 2026-07-29T14:18:26.000Z
30/07/2026 07:01:04: }
30/07/2026 07:14:35: [PUT] Atualizando cotação: 22894646
30/07/2026 07:14:35: [PUT] Usuário: gustavo.sanches
30/07/2026 07:14:35: [PUT] Dados recebidos: {
30/07/2026 07:14:35:   anotacao: undefined,
30/07/2026 07:14:35:   status: 'aprovado',
30/07/2026 07:14:35:   auditoria_anotacao: undefined,
30/07/2026 07:14:35:   auditoria_status: undefined
30/07/2026 07:14:35: }
30/07/2026 07:14:35: [PUT] Linhas afetadas: 1
30/07/2026 07:14:36: [PUT] Cotação atualizada com sucesso: {
30/07/2026 07:14:36:   id_cotacao: 17877,
30/07/2026 07:14:36:   cotacao: 'Q6392105',
30/07/2026 07:14:36:   id_qldd: null,
30/07/2026 07:14:36:   anotacao: 'Tarefa: E001 - PME - 29.141.043/0001-79 | Fila: CPC - PME',
30/07/2026 07:14:36:   status: 'aprovado',
30/07/2026 07:14:36:   data_de_criacao: '30/07/2026 06:37',
30/07/2026 07:14:36:   data_da_ultima_atualizacao: '30/07/2026 07:14',
30/07/2026 07:14:36:   usuario_login: 'gustavo.sanches',
30/07/2026 07:14:36:   validacao: 'Ativo',
30/07/2026 07:14:36:   usuario_id: '134',
30/07/2026 07:14:36:   tarefa: '22894646',
30/07/2026 07:14:36:   origem: 'r_000250',
30/07/2026 07:14:36:   data_historico: 2026-07-29T14:21:49.000Z
30/07/2026 07:14:36: }
30/07/2026 07:17:29: [PUT] Atualizando cotação: 22894677
30/07/2026 07:17:29: [PUT] Usuário: gustavo.sanches
30/07/2026 07:17:29: [PUT] Dados recebidos: {
30/07/2026 07:17:29:   anotacao: undefined,
30/07/2026 07:17:29:   status: 'aprovado',
30/07/2026 07:17:29:   auditoria_anotacao: undefined,
30/07/2026 07:17:29:   auditoria_status: undefined
30/07/2026 07:17:29: }
30/07/2026 07:17:29: [PUT] Linhas afetadas: 1
30/07/2026 07:17:29: [PUT] Cotação atualizada com sucesso: {
30/07/2026 07:17:29:   id_cotacao: 17876,
30/07/2026 07:17:29:   cotacao: 'Q6392118',
30/07/2026 07:17:29:   id_qldd: null,
30/07/2026 07:17:29:   anotacao: 'Tarefa: E001 - PME - 55.999.932/0001-81 | Fila: CPC - PME',
30/07/2026 07:17:29:   status: 'aprovado',
30/07/2026 07:17:29:   data_de_criacao: '30/07/2026 06:37',
30/07/2026 07:17:29:   data_da_ultima_atualizacao: '30/07/2026 07:17',
30/07/2026 07:17:29:   usuario_login: 'gustavo.sanches',
30/07/2026 07:17:29:   validacao: 'Ativo',
30/07/2026 07:17:29:   usuario_id: '134',
30/07/2026 07:17:29:   tarefa: '22894677',
30/07/2026 07:17:29:   origem: 'r_000250',
30/07/2026 07:17:29:   data_historico: 2026-07-29T14:26:39.000Z
30/07/2026 07:17:29: }
30/07/2026 07:22:23: [PUT] Atualizando cotação: 22894685
30/07/2026 07:22:23: [PUT] Usuário: gustavo.sanches
30/07/2026 07:22:23: [PUT] Dados recebidos: {
30/07/2026 07:22:23:   anotacao: undefined,
30/07/2026 07:22:23:   status: 'reprovado',
30/07/2026 07:22:23:   auditoria_anotacao: undefined,
30/07/2026 07:22:23:   auditoria_status: undefined
30/07/2026 07:22:23: }
30/07/2026 07:22:23: [PUT] Linhas afetadas: 1
30/07/2026 07:22:23: [PUT] Cotação atualizada com sucesso: {
30/07/2026 07:22:23:   id_cotacao: 17875,
30/07/2026 07:22:23:   cotacao: 'Q6387149',
30/07/2026 07:22:23:   id_qldd: null,
30/07/2026 07:22:23:   anotacao: 'Tarefa: E001 - PME - 43.446.741/0001-03 | Fila: CPC - PME',
30/07/2026 07:22:23:   status: 'reprovado',
30/07/2026 07:22:23:   data_de_criacao: '30/07/2026 06:37',
30/07/2026 07:22:23:   data_da_ultima_atualizacao: '30/07/2026 07:22',
30/07/2026 07:22:23:   usuario_login: 'gustavo.sanches',
30/07/2026 07:22:23:   validacao: 'Ativo',
30/07/2026 07:22:23:   usuario_id: '134',
30/07/2026 07:22:23:   tarefa: '22894685',
30/07/2026 07:22:23:   origem: 'r_000250',
30/07/2026 07:22:23:   data_historico: 2026-07-29T14:28:45.000Z
30/07/2026 07:22:23: }
30/07/2026 07:25:43: [PUT] Atualizando cotação: 22894687
30/07/2026 07:25:43: [PUT] Usuário: gustavo.sanches
30/07/2026 07:25:43: [PUT] Dados recebidos: {
30/07/2026 07:25:43:   anotacao: undefined,
30/07/2026 07:25:43:   status: 'aprovado',
30/07/2026 07:25:43:   auditoria_anotacao: undefined,
30/07/2026 07:25:43:   auditoria_status: undefined
30/07/2026 07:25:43: }
30/07/2026 07:25:43: [PUT] Linhas afetadas: 1
30/07/2026 07:25:43: [PUT] Cotação atualizada com sucesso: {
30/07/2026 07:25:43:   id_cotacao: 17874,
30/07/2026 07:25:43:   cotacao: 'Q6382866',
30/07/2026 07:25:43:   id_qldd: null,
30/07/2026 07:25:43:   anotacao: 'Tarefa: E001 - PME - 65.424.971/0001-04 | Fila: CPC - PME',
30/07/2026 07:25:43:   status: 'aprovado',
30/07/2026 07:25:43:   data_de_criacao: '30/07/2026 06:37',
30/07/2026 07:25:43:   data_da_ultima_atualizacao: '30/07/2026 07:25',
30/07/2026 07:25:43:   usuario_login: 'gustavo.sanches',
30/07/2026 07:25:43:   validacao: 'Ativo',
30/07/2026 07:25:43:   usuario_id: '134',
30/07/2026 07:25:43:   tarefa: '22894687',
30/07/2026 07:25:43:   origem: 'r_000250',
30/07/2026 07:25:43:   data_historico: 2026-07-29T14:28:49.000Z
30/07/2026 07:25:43: }
30/07/2026 07:29:29: [PUT] Atualizando cotação: 22894699
30/07/2026 07:29:29: [PUT] Usuário: gustavo.sanches
30/07/2026 07:29:29: [PUT] Dados recebidos: {
30/07/2026 07:29:29:   anotacao: undefined,
30/07/2026 07:29:29:   status: 'reprovado',
30/07/2026 07:29:29:   auditoria_anotacao: undefined,
30/07/2026 07:29:29:   auditoria_status: undefined
30/07/2026 07:29:29: }
30/07/2026 07:29:29: [PUT] Linhas afetadas: 1
30/07/2026 07:29:29: [PUT] Cotação atualizada com sucesso: {
30/07/2026 07:29:29:   id_cotacao: 17873,
30/07/2026 07:29:29:   cotacao: 'Q6391877',
30/07/2026 07:29:29:   id_qldd: null,
30/07/2026 07:29:29:   anotacao: 'Tarefa: E001 - PME - 32.941.939/0001-47 | Fila: CPC - PME',
30/07/2026 07:29:29:   status: 'reprovado',
30/07/2026 07:29:29:   data_de_criacao: '30/07/2026 06:37',
30/07/2026 07:29:29:   data_da_ultima_atualizacao: '30/07/2026 07:29',
30/07/2026 07:29:29:   usuario_login: 'gustavo.sanches',
30/07/2026 07:29:29:   validacao: 'Ativo',
30/07/2026 07:29:29:   usuario_id: '134',
30/07/2026 07:29:29:   tarefa: '22894699',
30/07/2026 07:29:29:   origem: 'r_000250',
30/07/2026 07:29:29:   data_historico: 2026-07-29T14:31:12.000Z
30/07/2026 07:29:29: }
30/07/2026 07:29:48: [INSPECAO] Upload recebido: R_000250_1444568.csv -> E:\projetos_hitss\geo-pme-notas\files\r_000250.csv
30/07/2026 07:29:48: --- INICIANDO ETL R_000250 ---
30/07/2026 07:29:48: Delimitador detectado: ";"
30/07/2026 07:29:48: Arquivo limpo escrito: E:\projetos_hitss\geo-pme-notas\files\r_000250_cleaned.csv
30/07/2026 07:29:48: Tabela verificada/criada.
30/07/2026 07:29:48: Dados antigos removidos.
30/07/2026 07:29:48: Dados carregados com sucesso via COPY.
30/07/2026 07:29:48: --- ETL R_000250 CONCLUÍDO: 744 registros ---
30/07/2026 07:29:48: [CLASSIFICACAO] Conectado ao banco de dados.
30/07/2026 07:29:48: [CLASSIFICACAO] 0 cotações classificadas.
30/07/2026 07:29:48: [CLASSIFICACAO] Total "Pendente - Classificação": 279
30/07/2026 07:32:13: [PUT] Atualizando cotação: 22894733
30/07/2026 07:32:13: [PUT] Usuário: gustavo.sanches
30/07/2026 07:32:13: [PUT] Dados recebidos: {
30/07/2026 07:32:13:   anotacao: undefined,
30/07/2026 07:32:13:   status: 'aprovado',
30/07/2026 07:32:13:   auditoria_anotacao: undefined,
30/07/2026 07:32:13:   auditoria_status: undefined
30/07/2026 07:32:13: }
30/07/2026 07:32:13: [PUT] Linhas afetadas: 1
30/07/2026 07:32:13: [PUT] Cotação atualizada com sucesso: {
30/07/2026 07:32:13:   id_cotacao: 17872,
30/07/2026 07:32:13:   cotacao: 'Q6392183',
30/07/2026 07:32:13:   id_qldd: null,
30/07/2026 07:32:13:   anotacao: 'Tarefa: E001 - PME - 10.844.461/0001-02 | Fila: CPC - PME',
30/07/2026 07:32:13:   status: 'aprovado',
30/07/2026 07:32:13:   data_de_criacao: '30/07/2026 06:37',
30/07/2026 07:32:13:   data_da_ultima_atualizacao: '30/07/2026 07:32',
30/07/2026 07:32:13:   usuario_login: 'gustavo.sanches',
30/07/2026 07:32:13:   validacao: 'Ativo',
30/07/2026 07:32:13:   usuario_id: '134',
30/07/2026 07:32:13:   tarefa: '22894733',
30/07/2026 07:32:13:   origem: 'r_000250',
30/07/2026 07:32:13:   data_historico: 2026-07-29T14:35:22.000Z
30/07/2026 07:32:13: }
30/07/2026 07:43:51: [PUT] Atualizando cotação: 22894854
30/07/2026 07:43:51: [PUT] Usuário: gustavo.sanches
30/07/2026 07:43:51: [PUT] Dados recebidos: {
30/07/2026 07:43:51:   anotacao: undefined,
30/07/2026 07:43:51:   status: 'aprovado',
30/07/2026 07:43:51:   auditoria_anotacao: undefined,
30/07/2026 07:43:51:   auditoria_status: undefined
30/07/2026 07:43:51: }
30/07/2026 07:43:51: [PUT] Linhas afetadas: 1
30/07/2026 07:43:51: [PUT] Cotação atualizada com sucesso: {
30/07/2026 07:43:51:   id_cotacao: 17973,
30/07/2026 07:43:51:   cotacao: 'Q6392056',
30/07/2026 07:43:51:   id_qldd: null,
30/07/2026 07:43:51:   anotacao: 'Tarefa: E001 - PME - 67.161.633/0001-52 | Fila: CPC - PME',
30/07/2026 07:43:51:   status: 'aprovado',
30/07/2026 07:43:51:   data_de_criacao: '30/07/2026 07:40',
30/07/2026 07:43:51:   data_da_ultima_atualizacao: '30/07/2026 07:43',
30/07/2026 07:43:51:   usuario_login: 'gustavo.sanches',
30/07/2026 07:43:51:   validacao: 'Ativo',
30/07/2026 07:43:51:   usuario_id: '134',
30/07/2026 07:43:51:   tarefa: '22894854',
30/07/2026 07:43:51:   origem: 'r_000250',
30/07/2026 07:43:51:   data_historico: 2026-07-29T14:50:46.000Z
30/07/2026 07:43:51: }
30/07/2026 07:43:54: [PUT] Atualizando cotação: 22894035
30/07/2026 07:43:54: [PUT] Usuário: erycka.oliveira.3
30/07/2026 07:43:54: [PUT] Dados recebidos: {
30/07/2026 07:43:54:   anotacao: undefined,
30/07/2026 07:43:54:   status: 'assumido',
30/07/2026 07:43:54:   auditoria_anotacao: undefined,
30/07/2026 07:43:54:   auditoria_status: undefined
30/07/2026 07:43:54: }
30/07/2026 07:43:54: [PUT] Linhas afetadas: 1
30/07/2026 07:43:54: [PUT] Cotação atualizada com sucesso: {
30/07/2026 07:43:54:   id_cotacao: 17885,
30/07/2026 07:43:54:   cotacao: 'Q6390025',
30/07/2026 07:43:54:   id_qldd: null,
30/07/2026 07:43:54:   anotacao: 'Tarefa: E001 - PME - 34.036.675/0001-02 | Fila: CPC - PME',
30/07/2026 07:43:54:   status: 'assumido',
30/07/2026 07:43:54:   data_de_criacao: '30/07/2026 07:17',
30/07/2026 07:43:54:   data_da_ultima_atualizacao: '30/07/2026 07:43',
30/07/2026 07:43:54:   usuario_login: 'tuany.marques.3',
30/07/2026 07:43:54:   validacao: 'Ativo',
30/07/2026 07:43:54:   usuario_id: '131',
30/07/2026 07:43:54:   tarefa: '22894035',
30/07/2026 07:43:54:   origem: 'r_000250',
30/07/2026 07:43:54:   data_historico: 2026-07-29T12:59:37.000Z
30/07/2026 07:43:54: }
30/07/2026 07:45:23: [PUT] Atualizando cotação: 22894052
30/07/2026 07:45:23: [PUT] Usuário: erycka.oliveira.3
30/07/2026 07:45:23: [PUT] Dados recebidos: {
30/07/2026 07:45:23:   anotacao: undefined,
30/07/2026 07:45:23:   status: 'assumido',
30/07/2026 07:45:23:   auditoria_anotacao: undefined,
30/07/2026 07:45:23:   auditoria_status: undefined
30/07/2026 07:45:23: }
30/07/2026 07:45:23: [PUT] Linhas afetadas: 1
30/07/2026 07:45:23: [PUT] Cotação atualizada com sucesso: {
30/07/2026 07:45:23:   id_cotacao: 17886,
30/07/2026 07:45:23:   cotacao: 'Q6390148',
30/07/2026 07:45:23:   id_qldd: null,
30/07/2026 07:45:23:   anotacao: 'Tarefa: E001 - PME - 08.291.637/0001-96 | Fila: CPC - PME',
30/07/2026 07:45:23:   status: 'assumido',
30/07/2026 07:45:23:   data_de_criacao: '30/07/2026 07:17',
30/07/2026 07:45:23:   data_da_ultima_atualizacao: '30/07/2026 07:45',
30/07/2026 07:45:23:   usuario_login: 'tuany.marques.3',
30/07/2026 07:45:23:   validacao: 'Ativo',
30/07/2026 07:45:23:   usuario_id: '131',
30/07/2026 07:45:23:   tarefa: '22894052',
30/07/2026 07:45:23:   origem: 'r_000250',
30/07/2026 07:45:23:   data_historico: 2026-07-29T13:01:11.000Z
30/07/2026 07:45:23: }
30/07/2026 07:45:24: [PUT] Atualizando cotação: 22894055
30/07/2026 07:45:24: [PUT] Usuário: erycka.oliveira.3
30/07/2026 07:45:24: [PUT] Dados recebidos: {
30/07/2026 07:45:24:   anotacao: undefined,
30/07/2026 07:45:24:   status: 'assumido',
30/07/2026 07:45:24:   auditoria_anotacao: undefined,
30/07/2026 07:45:24:   auditoria_status: undefined
30/07/2026 07:45:24: }
30/07/2026 07:45:24: [PUT] Linhas afetadas: 1
30/07/2026 07:45:24: [PUT] Cotação atualizada com sucesso: {
30/07/2026 07:45:24:   id_cotacao: 17887,
30/07/2026 07:45:24:   cotacao: 'Q6391729',
30/07/2026 07:45:24:   id_qldd: null,
30/07/2026 07:45:24:   anotacao: 'Tarefa: E001 - PME - 13.126.031/0001-35 | Fila: CPC - PME',
30/07/2026 07:45:24:   status: 'assumido',
30/07/2026 07:45:24:   data_de_criacao: '30/07/2026 07:17',
30/07/2026 07:45:24:   data_da_ultima_atualizacao: '30/07/2026 07:45',
30/07/2026 07:45:24:   usuario_login: 'tuany.marques.3',
30/07/2026 07:45:24:   validacao: 'Ativo',
30/07/2026 07:45:24:   usuario_id: '131',
30/07/2026 07:45:24:   tarefa: '22894055',
30/07/2026 07:45:24:   origem: 'r_000250',
30/07/2026 07:45:24:   data_historico: 2026-07-29T13:01:44.000Z
30/07/2026 07:45:24: }
30/07/2026 07:45:26: [PUT] Atualizando cotação: 22894057
30/07/2026 07:45:26: [PUT] Usuário: erycka.oliveira.3
30/07/2026 07:45:26: [PUT] Dados recebidos: {
30/07/2026 07:45:26:   anotacao: undefined,
30/07/2026 07:45:26:   status: 'assumido',
30/07/2026 07:45:26:   auditoria_anotacao: undefined,
30/07/2026 07:45:26:   auditoria_status: undefined
30/07/2026 07:45:26: }
30/07/2026 07:45:26: [PUT] Linhas afetadas: 1
30/07/2026 07:45:26: [PUT] Cotação atualizada com sucesso: {
30/07/2026 07:45:26:   id_cotacao: 17888,
30/07/2026 07:45:26:   cotacao: 'Q6384406',
30/07/2026 07:45:26:   id_qldd: null,
30/07/2026 07:45:26:   anotacao: 'Tarefa: E001 - PME - 01.194.404/0001-26 | Fila: CPC - PME',
30/07/2026 07:45:26:   status: 'assumido',
30/07/2026 07:45:26:   data_de_criacao: '30/07/2026 07:17',
30/07/2026 07:45:26:   data_da_ultima_atualizacao: '30/07/2026 07:45',
30/07/2026 07:45:26:   usuario_login: 'tuany.marques.3',
30/07/2026 07:45:26:   validacao: 'Ativo',
30/07/2026 07:45:26:   usuario_id: '131',
30/07/2026 07:45:26:   tarefa: '22894057',
30/07/2026 07:45:26:   origem: 'r_000250',
30/07/2026 07:45:26:   data_historico: 2026-07-29T13:01:55.000Z
30/07/2026 07:45:26: }
30/07/2026 07:45:27: [PUT] Atualizando cotação: 22894066
30/07/2026 07:45:27: [PUT] Usuário: erycka.oliveira.3
30/07/2026 07:45:27: [PUT] Dados recebidos: {
30/07/2026 07:45:27:   anotacao: undefined,
30/07/2026 07:45:27:   status: 'assumido',
30/07/2026 07:45:27:   auditoria_anotacao: undefined,
30/07/2026 07:45:27:   auditoria_status: undefined
30/07/2026 07:45:27: }
30/07/2026 07:45:28: [PUT] Linhas afetadas: 1
30/07/2026 07:45:28: [PUT] Cotação atualizada com sucesso: {
30/07/2026 07:45:28:   id_cotacao: 17889,
30/07/2026 07:45:28:   cotacao: 'Q6391704',
30/07/2026 07:45:28:   id_qldd: null,
30/07/2026 07:45:28:   anotacao: 'Tarefa: E001 - PME - 04.752.020/0001-70 | Fila: CPC - PME',
30/07/2026 07:45:28:   status: 'assumido',
30/07/2026 07:45:28:   data_de_criacao: '30/07/2026 07:17',
30/07/2026 07:45:28:   data_da_ultima_atualizacao: '30/07/2026 07:45',
30/07/2026 07:45:28:   usuario_login: 'tuany.marques.3',
30/07/2026 07:45:28:   validacao: 'Ativo',
30/07/2026 07:45:28:   usuario_id: '131',
30/07/2026 07:45:28:   tarefa: '22894066',
30/07/2026 07:45:28:   origem: 'r_000250',
30/07/2026 07:45:28:   data_historico: 2026-07-29T13:03:16.000Z
30/07/2026 07:45:28: }
30/07/2026 07:45:30: [PUT] Atualizando cotação: 22894276
30/07/2026 07:45:30: [PUT] Usuário: erycka.oliveira.3
30/07/2026 07:45:30: [PUT] Dados recebidos: {
30/07/2026 07:45:30:   anotacao: undefined,
30/07/2026 07:45:30:   status: 'assumido',
30/07/2026 07:45:30:   auditoria_anotacao: undefined,
30/07/2026 07:45:30:   auditoria_status: undefined
30/07/2026 07:45:30: }
30/07/2026 07:45:30: [PUT] Linhas afetadas: 1
30/07/2026 07:45:30: [PUT] Cotação atualizada com sucesso: {
30/07/2026 07:45:30:   id_cotacao: 17925,
30/07/2026 07:45:30:   cotacao: 'Q6391880',
30/07/2026 07:45:30:   id_qldd: null,
30/07/2026 07:45:30:   anotacao: 'Tarefa: E001 - PME - 02.130.301/0001-65 | Fila: CPC - PME',
30/07/2026 07:45:30:   status: 'assumido',
30/07/2026 07:45:30:   data_de_criacao: '30/07/2026 07:32',
30/07/2026 07:45:30:   data_da_ultima_atualizacao: '30/07/2026 07:45',
30/07/2026 07:45:30:   usuario_login: 'tuany.marques.3',
30/07/2026 07:45:30:   validacao: 'Ativo',
30/07/2026 07:45:30:   usuario_id: '131',
30/07/2026 07:45:30:   tarefa: '22894276',
30/07/2026 07:45:30:   origem: 'r_000250',
30/07/2026 07:45:30:   data_historico: 2026-07-29T13:26:48.000Z
30/07/2026 07:45:30: }
30/07/2026 07:45:31: [PUT] Atualizando cotação: 22894280
30/07/2026 07:45:31: [PUT] Usuário: erycka.oliveira.3
30/07/2026 07:45:31: [PUT] Dados recebidos: {
30/07/2026 07:45:31:   anotacao: undefined,
30/07/2026 07:45:31:   status: 'assumido',
30/07/2026 07:45:31:   auditoria_anotacao: undefined,
30/07/2026 07:45:31:   auditoria_status: undefined
30/07/2026 07:45:31: }
30/07/2026 07:45:31: [PUT] Linhas afetadas: 1
30/07/2026 07:45:31: [PUT] Cotação atualizada com sucesso: {
30/07/2026 07:45:31:   id_cotacao: 17926,
30/07/2026 07:45:31:   cotacao: 'Q6391556',
30/07/2026 07:45:31:   id_qldd: null,
30/07/2026 07:45:31:   anotacao: 'Tarefa: E001 - PME - 44.283.952/0001-35 | Fila: CPC - PME',
30/07/2026 07:45:31:   status: 'assumido',
30/07/2026 07:45:31:   data_de_criacao: '30/07/2026 07:32',
30/07/2026 07:45:31:   data_da_ultima_atualizacao: '30/07/2026 07:45',
30/07/2026 07:45:31:   usuario_login: 'tuany.marques.3',
30/07/2026 07:45:31:   validacao: 'Ativo',
30/07/2026 07:45:31:   usuario_id: '131',
30/07/2026 07:45:31:   tarefa: '22894280',
30/07/2026 07:45:31:   origem: 'r_000250',
30/07/2026 07:45:31:   data_historico: 2026-07-29T13:27:09.000Z
30/07/2026 07:45:31: }
30/07/2026 07:47:37: [PUT] Atualizando cotação: 22894876
30/07/2026 07:47:37: [PUT] Usuário: gustavo.sanches
30/07/2026 07:47:37: [PUT] Dados recebidos: {
30/07/2026 07:47:37:   anotacao: undefined,
30/07/2026 07:47:37:   status: 'aprovado',
30/07/2026 07:47:37:   auditoria_anotacao: undefined,
30/07/2026 07:47:37:   auditoria_status: undefined
30/07/2026 07:47:37: }
30/07/2026 07:47:37: [PUT] Linhas afetadas: 1
30/07/2026 07:47:37: [PUT] Cotação atualizada com sucesso: {
30/07/2026 07:47:37:   id_cotacao: 17972,
30/07/2026 07:47:37:   cotacao: 'Q6391763',
30/07/2026 07:47:37:   id_qldd: null,
30/07/2026 07:47:37:   anotacao: 'Tarefa: E001 - PME - 67.259.851/0001-24 | Fila: CPC - PME',
30/07/2026 07:47:37:   status: 'aprovado',
30/07/2026 07:47:37:   data_de_criacao: '30/07/2026 07:40',
30/07/2026 07:47:37:   data_da_ultima_atualizacao: '30/07/2026 07:47',
30/07/2026 07:47:37:   usuario_login: 'gustavo.sanches',
30/07/2026 07:47:37:   validacao: 'Ativo',
30/07/2026 07:47:37:   usuario_id: '134',
30/07/2026 07:47:37:   tarefa: '22894876',
30/07/2026 07:47:37:   origem: 'r_000250',
30/07/2026 07:47:37:   data_historico: 2026-07-29T14:52:40.000Z
30/07/2026 07:47:37: }
30/07/2026 07:50:27: [PUT] Atualizando cotação: 22894140
30/07/2026 07:50:27: [PUT] Usuário: karen.santos.3
30/07/2026 07:50:27: [PUT] Dados recebidos: {
30/07/2026 07:50:27:   anotacao: undefined,
30/07/2026 07:50:27:   status: 'assumido',
30/07/2026 07:50:27:   auditoria_anotacao: undefined,
30/07/2026 07:50:27:   auditoria_status: undefined
30/07/2026 07:50:27: }
30/07/2026 07:50:27: [PUT] Linhas afetadas: 1
30/07/2026 07:50:27: [PUT] Cotação atualizada com sucesso: {
30/07/2026 07:50:27:   id_cotacao: 17895,
30/07/2026 07:50:27:   cotacao: 'Q6389588',
30/07/2026 07:50:27:   id_qldd: null,
30/07/2026 07:50:27:   anotacao: 'Tarefa: E001 - PME - 77.998.912/0001-29 | Fila: CPC - PME',
30/07/2026 07:50:27:   status: 'assumido',
30/07/2026 07:50:27:   data_de_criacao: '30/07/2026 07:17',
30/07/2026 07:50:27:   data_da_ultima_atualizacao: '30/07/2026 07:50',
30/07/2026 07:50:27:   usuario_login: 'tuany.marques.3',
30/07/2026 07:50:27:   validacao: 'Ativo',
30/07/2026 07:50:27:   usuario_id: '136',
30/07/2026 07:50:27:   tarefa: '22894140',
30/07/2026 07:50:27:   origem: 'r_000250',
30/07/2026 07:50:27:   data_historico: 2026-07-29T13:05:53.000Z
30/07/2026 07:50:27: }
30/07/2026 07:51:49: [PUT] Atualizando cotação: 22894934
30/07/2026 07:51:49: [PUT] Usuário: gustavo.sanches
30/07/2026 07:51:49: [PUT] Dados recebidos: {
30/07/2026 07:51:49:   anotacao: undefined,
30/07/2026 07:51:49:   status: 'reprovado',
30/07/2026 07:51:49:   auditoria_anotacao: undefined,
30/07/2026 07:51:49:   auditoria_status: undefined
30/07/2026 07:51:49: }
30/07/2026 07:51:49: [PUT] Linhas afetadas: 1
30/07/2026 07:51:49: [PUT] Cotação atualizada com sucesso: {
30/07/2026 07:51:49:   id_cotacao: 17971,
30/07/2026 07:51:49:   cotacao: 'Q6391960',
30/07/2026 07:51:49:   id_qldd: null,
30/07/2026 07:51:49:   anotacao: 'Tarefa: E001 - PME - 48.618.843/0001-82 | Fila: CPC - PME',
30/07/2026 07:51:49:   status: 'reprovado',
30/07/2026 07:51:49:   data_de_criacao: '30/07/2026 07:40',
30/07/2026 07:51:49:   data_da_ultima_atualizacao: '30/07/2026 07:51',
30/07/2026 07:51:49:   usuario_login: 'gustavo.sanches',
30/07/2026 07:51:49:   validacao: 'Ativo',
30/07/2026 07:51:49:   usuario_id: '134',
30/07/2026 07:51:49:   tarefa: '22894934',
30/07/2026 07:51:49:   origem: 'r_000250',
30/07/2026 07:51:49:   data_historico: 2026-07-29T15:02:18.000Z
30/07/2026 07:51:49: }
30/07/2026 07:53:16: [PUT] Atualizando cotação: 22894159
30/07/2026 07:53:16: [PUT] Usuário: rita.meira.3
30/07/2026 07:53:16: [PUT] Dados recebidos: {
30/07/2026 07:53:16:   anotacao: undefined,
30/07/2026 07:53:16:   status: 'assumido',
30/07/2026 07:53:16:   auditoria_anotacao: undefined,
30/07/2026 07:53:16:   auditoria_status: undefined
30/07/2026 07:53:16: }
30/07/2026 07:53:16: [PUT] Linhas afetadas: 1
30/07/2026 07:53:16: [PUT] Cotação atualizada com sucesso: {
30/07/2026 07:53:16:   id_cotacao: 17900,
30/07/2026 07:53:16:   cotacao: 'Q6391756',
30/07/2026 07:53:16:   id_qldd: null,
30/07/2026 07:53:16:   anotacao: 'Tarefa: E001 - PME - 43.588.821/0001-01 | Fila: CPC - PME',
30/07/2026 07:53:16:   status: 'assumido',
30/07/2026 07:53:16:   data_de_criacao: '30/07/2026 07:17',
30/07/2026 07:53:16:   data_da_ultima_atualizacao: '30/07/2026 07:53',
30/07/2026 07:53:16:   usuario_login: 'tuany.marques.3',
30/07/2026 07:53:16:   validacao: 'Ativo',
30/07/2026 07:53:16:   usuario_id: '147',
30/07/2026 07:53:16:   tarefa: '22894159',
30/07/2026 07:53:16:   origem: 'r_000250',
30/07/2026 07:53:16:   data_historico: 2026-07-29T13:08:37.000Z
30/07/2026 07:53:16: }
30/07/2026 07:53:18: [PUT] Atualizando cotação: 22894169
30/07/2026 07:53:18: [PUT] Usuário: rita.meira.3
30/07/2026 07:53:18: [PUT] Dados recebidos: {
30/07/2026 07:53:18:   anotacao: undefined,
30/07/2026 07:53:18:   status: 'assumido',
30/07/2026 07:53:18:   auditoria_anotacao: undefined,
30/07/2026 07:53:18:   auditoria_status: undefined
30/07/2026 07:53:18: }
30/07/2026 07:53:18: [PUT] Linhas afetadas: 1
30/07/2026 07:53:18: [PUT] Cotação atualizada com sucesso: {
30/07/2026 07:53:18:   id_cotacao: 17901,
30/07/2026 07:53:18:   cotacao: 'Q6391712',
30/07/2026 07:53:18:   id_qldd: null,
30/07/2026 07:53:18:   anotacao: 'Tarefa: E001 - PME - 04.893.161/0001-02 | Fila: CPC - PME',
30/07/2026 07:53:18:   status: 'assumido',
30/07/2026 07:53:18:   data_de_criacao: '30/07/2026 07:17',
30/07/2026 07:53:18:   data_da_ultima_atualizacao: '30/07/2026 07:53',
30/07/2026 07:53:18:   usuario_login: 'tuany.marques.3',
30/07/2026 07:53:18:   validacao: 'Ativo',
30/07/2026 07:53:18:   usuario_id: '147',
30/07/2026 07:53:18:   tarefa: '22894169',
30/07/2026 07:53:18:   origem: 'r_000250',
30/07/2026 07:53:18:   data_historico: 2026-07-29T13:09:54.000Z
30/07/2026 07:53:18: }
30/07/2026 07:53:22: [PUT] Atualizando cotação: 22894177
30/07/2026 07:53:22: [PUT] Usuário: rita.meira.3
30/07/2026 07:53:22: [PUT] Dados recebidos: {
30/07/2026 07:53:22:   anotacao: undefined,
30/07/2026 07:53:22:   status: 'assumido',
30/07/2026 07:53:22:   auditoria_anotacao: undefined,
30/07/2026 07:53:22:   auditoria_status: undefined
30/07/2026 07:53:22: }
30/07/2026 07:53:22: [PUT] Linhas afetadas: 1
30/07/2026 07:53:22: [PUT] Cotação atualizada com sucesso: {
30/07/2026 07:53:22:   id_cotacao: 17902,
30/07/2026 07:53:22:   cotacao: 'Q6390630',
30/07/2026 07:53:22:   id_qldd: null,
30/07/2026 07:53:22:   anotacao: 'Tarefa: E001 - PME - 03.215.975/0001-25 | Fila: CPC - PME',
30/07/2026 07:53:22:   status: 'assumido',
30/07/2026 07:53:22:   data_de_criacao: '30/07/2026 07:17',
30/07/2026 07:53:22:   data_da_ultima_atualizacao: '30/07/2026 07:53',
30/07/2026 07:53:22:   usuario_login: 'tuany.marques.3',
30/07/2026 07:53:22:   validacao: 'Ativo',
30/07/2026 07:53:22:   usuario_id: '147',
30/07/2026 07:53:22:   tarefa: '22894177',
30/07/2026 07:53:22:   origem: 'r_000250',
30/07/2026 07:53:22:   data_historico: 2026-07-29T13:10:52.000Z
30/07/2026 07:53:22: }
30/07/2026 07:53:27: [PUT] Atualizando cotação: 22894242
30/07/2026 07:53:27: [PUT] Usuário: samanta.andrade
30/07/2026 07:53:27: [PUT] Dados recebidos: {
30/07/2026 07:53:27:   anotacao: undefined,
30/07/2026 07:53:27:   status: 'aprovado',
30/07/2026 07:53:27:   auditoria_anotacao: undefined,
30/07/2026 07:53:27:   auditoria_status: undefined
30/07/2026 07:53:27: }
30/07/2026 07:53:27: [PUT] Linhas afetadas: 1
30/07/2026 07:53:27: [PUT] Cotação atualizada com sucesso: {
30/07/2026 07:53:27:   id_cotacao: 17920,
30/07/2026 07:53:27:   cotacao: 'Q6391883',
30/07/2026 07:53:27:   id_qldd: null,
30/07/2026 07:53:27:   anotacao: 'Tarefa: E001 - PME - 21.571.441/0001-13 | Fila: CPC - PME',
30/07/2026 07:53:27:   status: 'aprovado',
30/07/2026 07:53:27:   data_de_criacao: '30/07/2026 07:25',
30/07/2026 07:53:27:   data_da_ultima_atualizacao: '30/07/2026 07:53',
30/07/2026 07:53:27:   usuario_login: 'tuany.marques.3',
30/07/2026 07:53:27:   validacao: 'Ativo',
30/07/2026 07:53:27:   usuario_id: '150',
30/07/2026 07:53:27:   tarefa: '22894242',
30/07/2026 07:53:27:   origem: 'r_000250',
30/07/2026 07:53:27:   data_historico: 2026-07-29T13:20:06.000Z
30/07/2026 07:53:27: }
30/07/2026 07:55:14: [PUT] Atualizando cotação: 22894208
30/07/2026 07:55:14: [PUT] Usuário: luiza.franco.3
30/07/2026 07:55:14: [PUT] Dados recebidos: {
30/07/2026 07:55:14:   anotacao: undefined,
30/07/2026 07:55:14:   status: 'aprovado',
30/07/2026 07:55:14:   auditoria_anotacao: undefined,
30/07/2026 07:55:14:   auditoria_status: undefined
30/07/2026 07:55:14: }
30/07/2026 07:55:14: [PUT] Linhas afetadas: 1
30/07/2026 07:55:14: [PUT] Cotação atualizada com sucesso: {
30/07/2026 07:55:14:   id_cotacao: 17910,
30/07/2026 07:55:14:   cotacao: 'Q6391722',
30/07/2026 07:55:14:   id_qldd: null,
30/07/2026 07:55:14:   anotacao: 'Tarefa: E001 - PME - 08.361.400/0001-34 | Fila: CPC - PME',
30/07/2026 07:55:14:   status: 'aprovado',
30/07/2026 07:55:14:   data_de_criacao: '30/07/2026 07:23',
30/07/2026 07:55:14:   data_da_ultima_atualizacao: '30/07/2026 07:55',
30/07/2026 07:55:14:   usuario_login: 'tuany.marques.3',
30/07/2026 07:55:14:   validacao: 'Ativo',
30/07/2026 07:55:14:   usuario_id: '140',
30/07/2026 07:55:14:   tarefa: '22894208',
30/07/2026 07:55:14:   origem: 'r_000250',
30/07/2026 07:55:14:   data_historico: 2026-07-29T13:15:17.000Z
30/07/2026 07:55:14: }
30/07/2026 07:55:31: [PUT] Atualizando cotação: 22892748
30/07/2026 07:55:31: [PUT] Usuário: maristela.martins
30/07/2026 07:55:31: [PUT] Dados recebidos: {
30/07/2026 07:55:31:   anotacao: undefined,
30/07/2026 07:55:31:   status: 'aprovado',
30/07/2026 07:55:31:   auditoria_anotacao: undefined,
30/07/2026 07:55:31:   auditoria_status: undefined
30/07/2026 07:55:31: }
30/07/2026 07:55:31: [PUT] Linhas afetadas: 1
30/07/2026 07:55:31: [PUT] Cotação atualizada com sucesso: {
30/07/2026 07:55:31:   id_cotacao: 17615,
30/07/2026 07:55:31:   cotacao: 'Q6390965',
30/07/2026 07:55:31:   id_qldd: null,
30/07/2026 07:55:31:   anotacao: 'Tarefa: E001 - PME - 32.305.500/0001-28 | Fila: CPC - PME',
30/07/2026 07:55:31:   status: 'aprovado',
30/07/2026 07:55:31:   data_de_criacao: '29/07/2026 11:40',
30/07/2026 07:55:31:   data_da_ultima_atualizacao: '30/07/2026 07:55',
30/07/2026 07:55:31:   usuario_login: 'tuany.marques.3',
30/07/2026 07:55:31:   validacao: 'Ativo',
30/07/2026 07:55:31:   usuario_id: '143',
30/07/2026 07:55:31:   tarefa: '22892748',
30/07/2026 07:55:31:   origem: 'r_000250',
30/07/2026 07:55:31:   data_historico: 2026-07-28T20:38:06.000Z
30/07/2026 07:55:31: }
30/07/2026 07:57:47: [PUT] Atualizando cotação: 22894191
30/07/2026 07:57:47: [PUT] Usuário: yasmin.santana
30/07/2026 07:57:47: [PUT] Dados recebidos: {
30/07/2026 07:57:47:   anotacao: undefined,
30/07/2026 07:57:47:   status: 'assumido',
30/07/2026 07:57:47:   auditoria_anotacao: undefined,
30/07/2026 07:57:47:   auditoria_status: undefined
30/07/2026 07:57:47: }
30/07/2026 07:57:47: [PUT] Linhas afetadas: 1
30/07/2026 07:57:47: [PUT] Cotação atualizada com sucesso: {
30/07/2026 07:57:47:   id_cotacao: 17905,
30/07/2026 07:57:47:   cotacao: 'Q6386468',
30/07/2026 07:57:47:   id_qldd: null,
30/07/2026 07:57:47:   anotacao: 'Tarefa: E001 - PME - 39.890.250/0001-80 | Fila: CPC - PME',
30/07/2026 07:57:47:   status: 'assumido',
30/07/2026 07:57:47:   data_de_criacao: '30/07/2026 07:18',
30/07/2026 07:57:47:   data_da_ultima_atualizacao: '30/07/2026 07:57',
30/07/2026 07:57:47:   usuario_login: 'tuany.marques.3',
30/07/2026 07:57:47:   validacao: 'Ativo',
30/07/2026 07:57:47:   usuario_id: '156',
30/07/2026 07:57:47:   tarefa: '22894191',
30/07/2026 07:57:47:   origem: 'r_000250',
30/07/2026 07:57:47:   data_historico: 2026-07-29T13:13:08.000Z
30/07/2026 07:57:47: }
30/07/2026 07:57:57: [PUT] Atualizando cotação: 22894290
30/07/2026 07:57:57: [PUT] Usuário: giovanna.mozzarelo.3
30/07/2026 07:57:57: [PUT] Dados recebidos: {
30/07/2026 07:57:57:   anotacao: undefined,
30/07/2026 07:57:57:   status: 'reprovado',
30/07/2026 07:57:57:   auditoria_anotacao: undefined,
30/07/2026 07:57:57:   auditoria_status: undefined
30/07/2026 07:57:57: }
30/07/2026 07:57:57: [PUT] Linhas afetadas: 1
30/07/2026 07:57:57: [PUT] Cotação atualizada com sucesso: {
30/07/2026 07:57:57:   id_cotacao: 17927,
30/07/2026 07:57:57:   cotacao: 'Q6391831',
30/07/2026 07:57:57:   id_qldd: null,
30/07/2026 07:57:57:   anotacao: 'Tarefa: E001 - PME - 34.764.874/0001-37 | Fila: CPC - PME',
30/07/2026 07:57:57:   status: 'reprovado',
30/07/2026 07:57:57:   data_de_criacao: '30/07/2026 07:32',
30/07/2026 07:57:57:   data_da_ultima_atualizacao: '30/07/2026 07:57',
30/07/2026 07:57:57:   usuario_login: 'tuany.marques.3',
30/07/2026 07:57:57:   validacao: 'Ativo',
30/07/2026 07:57:57:   usuario_id: '199',
30/07/2026 07:57:57:   tarefa: '22894290',
30/07/2026 07:57:57:   origem: 'r_000250',
30/07/2026 07:57:57:   data_historico: 2026-07-29T13:28:39.000Z
30/07/2026 07:57:57: }
30/07/2026 07:58:02: [PUT] Atualizando cotação: 22894290
30/07/2026 07:58:02: [PUT] Usuário: giovanna.mozzarelo.3
30/07/2026 07:58:02: [PUT] Dados recebidos: {
30/07/2026 07:58:02:   anotacao: 'Tarefa: E001 - PME - 34.764.874/0001-37 | Fila: CPC - PME\n' +
30/07/2026 07:58:02:     '\n' +
30/07/2026 07:58:02:     '> O endereço informao na Cotação Detalhada e TCPJ diverge do informado na Receita Federal. Para endereços rurais, é necessário encaminhar um e-mail de autorização para divergencia. \n' +
30/07/2026 07:58:02:     '\n' +
30/07/2026 07:58:02:     '> O documento CNH encaminhado não está dentro dos padrões aceitos para análise pois a partir de 01/04/2022 em que o documento do sócio enviado for a CNH, deverá ser obrigatoriamente validado o envio do QRCode nas CNH’s emitidas a partir de 01/05/2017, tanto no formato impresso, quanto digital. OBS: É necessário enviar os dois lados do documento no mesmo anexo.**Documento CNH QRCode**\n',
30/07/2026 07:58:02:   status: 'reprovado',
30/07/2026 07:58:02:   auditoria_anotacao: '',
30/07/2026 07:58:02:   auditoria_status: ''
30/07/2026 07:58:02: }
30/07/2026 07:58:02: [PUT] Linhas afetadas: 1
30/07/2026 07:58:02: [PUT] Cotação atualizada com sucesso: {
30/07/2026 07:58:02:   id_cotacao: 17927,
30/07/2026 07:58:02:   cotacao: 'Q6391831',
30/07/2026 07:58:02:   id_qldd: null,
30/07/2026 07:58:02:   anotacao: 'Tarefa: E001 - PME - 34.764.874/0001-37 | Fila: CPC - PME\n' +
30/07/2026 07:58:02:     '\n' +
30/07/2026 07:58:02:     '> O endereço informao na Cotação Detalhada e TCPJ diverge do informado na Receita Federal. Para endereços rurais, é necessário encaminhar um e-mail de autorização para divergencia. \n' +
30/07/2026 07:58:02:     '\n' +
30/07/2026 07:58:02:     '> O documento CNH encaminhado não está dentro dos padrões aceitos para análise pois a partir de 01/04/2022 em que o documento do sócio enviado for a CNH, deverá ser obrigatoriamente validado o envio do QRCode nas CNH’s emitidas a partir de 01/05/2017, tanto no formato impresso, quanto digital. OBS: É necessário enviar os dois lados do documento no mesmo anexo.**Documento CNH QRCode**\n',
30/07/2026 07:58:02:   status: 'reprovado',
30/07/2026 07:58:02:   data_de_criacao: '30/07/2026 07:32',
30/07/2026 07:58:02:   data_da_ultima_atualizacao: '30/07/2026 07:58',
30/07/2026 07:58:02:   usuario_login: 'tuany.marques.3',
30/07/2026 07:58:02:   validacao: 'Ativo',
30/07/2026 07:58:02:   usuario_id: '199',
30/07/2026 07:58:02:   tarefa: '22894290',
30/07/2026 07:58:02:   origem: 'r_000250',
30/07/2026 07:58:02:   data_historico: 2026-07-29T13:28:39.000Z
30/07/2026 07:58:02: }
30/07/2026 07:58:49: [PUT] Atualizando cotação: 22894140
30/07/2026 07:58:49: [PUT] Usuário: karen.santos.3
30/07/2026 07:58:49: [PUT] Dados recebidos: {
30/07/2026 07:58:49:   anotacao: undefined,
30/07/2026 07:58:49:   status: 'aprovado',
30/07/2026 07:58:49:   auditoria_anotacao: undefined,
30/07/2026 07:58:49:   auditoria_status: undefined
30/07/2026 07:58:49: }
30/07/2026 07:58:49: [PUT] Linhas afetadas: 1
30/07/2026 07:58:49: [PUT] Cotação atualizada com sucesso: {
30/07/2026 07:58:49:   id_cotacao: 17895,
30/07/2026 07:58:49:   cotacao: 'Q6389588',
30/07/2026 07:58:49:   id_qldd: null,
30/07/2026 07:58:49:   anotacao: 'Tarefa: E001 - PME - 77.998.912/0001-29 | Fila: CPC - PME',
30/07/2026 07:58:49:   status: 'aprovado',
30/07/2026 07:58:49:   data_de_criacao: '30/07/2026 07:17',
30/07/2026 07:58:49:   data_da_ultima_atualizacao: '30/07/2026 07:58',
30/07/2026 07:58:49:   usuario_login: 'tuany.marques.3',
30/07/2026 07:58:49:   validacao: 'Ativo',
30/07/2026 07:58:49:   usuario_id: '136',
30/07/2026 07:58:49:   tarefa: '22894140',
30/07/2026 07:58:49:   origem: 'r_000250',
30/07/2026 07:58:49:   data_historico: 2026-07-29T13:05:53.000Z
30/07/2026 07:58:49: }
30/07/2026 07:58:51: [PUT] Atualizando cotação: 22894142
30/07/2026 07:58:51: [PUT] Usuário: karen.santos.3
30/07/2026 07:58:51: [PUT] Dados recebidos: {
30/07/2026 07:58:51:   anotacao: undefined,
30/07/2026 07:58:51:   status: 'assumido',
30/07/2026 07:58:51:   auditoria_anotacao: undefined,
30/07/2026 07:58:51:   auditoria_status: undefined
30/07/2026 07:58:51: }
30/07/2026 07:58:51: [PUT] Linhas afetadas: 1
30/07/2026 07:58:51: [PUT] Cotação atualizada com sucesso: {
30/07/2026 07:58:51:   id_cotacao: 17896,
30/07/2026 07:58:51:   cotacao: 'Q6389416',
30/07/2026 07:58:51:   id_qldd: null,
30/07/2026 07:58:51:   anotacao: 'Tarefa: E001 - PME - 11.230.563/0001-92 | Fila: CPC - PME',
30/07/2026 07:58:51:   status: 'assumido',
30/07/2026 07:58:51:   data_de_criacao: '30/07/2026 07:17',
30/07/2026 07:58:51:   data_da_ultima_atualizacao: '30/07/2026 07:58',
30/07/2026 07:58:51:   usuario_login: 'tuany.marques.3',
30/07/2026 07:58:51:   validacao: 'Ativo',
30/07/2026 07:58:51:   usuario_id: '136',
30/07/2026 07:58:51:   tarefa: '22894142',
30/07/2026 07:58:51:   origem: 'r_000250',
30/07/2026 07:58:51:   data_historico: 2026-07-29T13:06:04.000Z
30/07/2026 07:58:51: }
30/07/2026 07:59:18: [PUT] Atualizando cotação: 22894252
30/07/2026 07:59:18: [PUT] Usuário: samanta.andrade
30/07/2026 07:59:18: [PUT] Dados recebidos: {
30/07/2026 07:59:18:   anotacao: undefined,
30/07/2026 07:59:18:   status: 'assumido',
30/07/2026 07:59:18:   auditoria_anotacao: undefined,
30/07/2026 07:59:18:   auditoria_status: undefined
30/07/2026 07:59:18: }
30/07/2026 07:59:18: [PUT] Linhas afetadas: 1
30/07/2026 07:59:18: [PUT] Cotação atualizada com sucesso: {
30/07/2026 07:59:18:   id_cotacao: 17921,
30/07/2026 07:59:18:   cotacao: 'Q6391658',
30/07/2026 07:59:18:   id_qldd: null,
30/07/2026 07:59:18:   anotacao: 'Tarefa: E001 - PME - 11.674.821/0001-20 | Fila: CPC - PME',
30/07/2026 07:59:18:   status: 'assumido',
30/07/2026 07:59:18:   data_de_criacao: '30/07/2026 07:25',
30/07/2026 07:59:18:   data_da_ultima_atualizacao: '30/07/2026 07:59',
30/07/2026 07:59:18:   usuario_login: 'tuany.marques.3',
30/07/2026 07:59:18:   validacao: 'Ativo',
30/07/2026 07:59:18:   usuario_id: '150',
30/07/2026 07:59:18:   tarefa: '22894252',
30/07/2026 07:59:18:   origem: 'r_000250',
30/07/2026 07:59:18:   data_historico: 2026-07-29T13:21:19.000Z
30/07/2026 07:59:18: }
30/07/2026 08:00:56: [PUT] Atualizando cotação: 22894252
30/07/2026 08:00:56: [PUT] Usuário: samanta.andrade
30/07/2026 08:00:56: [PUT] Dados recebidos: {
30/07/2026 08:00:56:   anotacao: undefined,
30/07/2026 08:00:56:   status: 'reprovado',
30/07/2026 08:00:56:   auditoria_anotacao: undefined,
30/07/2026 08:00:56:   auditoria_status: undefined
30/07/2026 08:00:56: }
30/07/2026 08:00:56: [PUT] Linhas afetadas: 1
30/07/2026 08:00:56: [PUT] Cotação atualizada com sucesso: {
30/07/2026 08:00:56:   id_cotacao: 17921,
30/07/2026 08:00:56:   cotacao: 'Q6391658',
30/07/2026 08:00:56:   id_qldd: null,
30/07/2026 08:00:56:   anotacao: 'Tarefa: E001 - PME - 11.674.821/0001-20 | Fila: CPC - PME',
30/07/2026 08:00:56:   status: 'reprovado',
30/07/2026 08:00:56:   data_de_criacao: '30/07/2026 07:25',
30/07/2026 08:00:56:   data_da_ultima_atualizacao: '30/07/2026 08:00',
30/07/2026 08:00:56:   usuario_login: 'tuany.marques.3',
30/07/2026 08:00:56:   validacao: 'Ativo',
30/07/2026 08:00:56:   usuario_id: '150',
30/07/2026 08:00:56:   tarefa: '22894252',
30/07/2026 08:00:56:   origem: 'r_000250',
30/07/2026 08:00:56:   data_historico: 2026-07-29T13:21:19.000Z
30/07/2026 08:00:56: }
30/07/2026 08:01:30: [PUT] Atualizando cotação: 22894253
30/07/2026 08:01:30: [PUT] Usuário: samanta.andrade
30/07/2026 08:01:30: [PUT] Dados recebidos: {
30/07/2026 08:01:30:   anotacao: undefined,
30/07/2026 08:01:30:   status: 'assumido',
30/07/2026 08:01:30:   auditoria_anotacao: undefined,
30/07/2026 08:01:30:   auditoria_status: undefined
30/07/2026 08:01:30: }
30/07/2026 08:01:30: [PUT] Linhas afetadas: 1
30/07/2026 08:01:30: [PUT] Cotação atualizada com sucesso: {
30/07/2026 08:01:30:   id_cotacao: 17922,
30/07/2026 08:01:30:   cotacao: 'Q6389642',
30/07/2026 08:01:30:   id_qldd: null,
30/07/2026 08:01:30:   anotacao: 'Tarefa: E001 - PME - 05.798.428/0001-45 | Fila: CPC - PME',
30/07/2026 08:01:30:   status: 'assumido',
30/07/2026 08:01:30:   data_de_criacao: '30/07/2026 07:25',
30/07/2026 08:01:30:   data_da_ultima_atualizacao: '30/07/2026 08:01',
30/07/2026 08:01:30:   usuario_login: 'tuany.marques.3',
30/07/2026 08:01:30:   validacao: 'Ativo',
30/07/2026 08:01:30:   usuario_id: '150',
30/07/2026 08:01:30:   tarefa: '22894253',
30/07/2026 08:01:30:   origem: 'r_000250',
30/07/2026 08:01:30:   data_historico: 2026-07-29T13:21:29.000Z
30/07/2026 08:01:30: }
30/07/2026 08:04:54: [PUT] Atualizando cotação: 22894220
30/07/2026 08:04:54: [PUT] Usuário: luiza.franco.3
30/07/2026 08:04:54: [PUT] Dados recebidos: {
30/07/2026 08:04:54:   anotacao: '> Conforme a nova regra RGC, pedidos assinados a partir do dia 09/09/2025 devem conter no TCPJ o Código único informado nas paginas da contratação das franquias para validação. Obs: A divergencia está no primeiro TCPJ na franquia de 10GB.',
30/07/2026 08:04:54:   status: 'pendente',
30/07/2026 08:04:54:   auditoria_anotacao: '',
30/07/2026 08:04:54:   auditoria_status: ''
30/07/2026 08:04:54: }
30/07/2026 08:04:54: [PUT] Linhas afetadas: 1
30/07/2026 08:04:54: [PUT] Cotação atualizada com sucesso: {
30/07/2026 08:04:54:   id_cotacao: 17911,
30/07/2026 08:04:54:   cotacao: 'Q6390189',
30/07/2026 08:04:54:   id_qldd: null,
30/07/2026 08:04:54:   anotacao: '> Conforme a nova regra RGC, pedidos assinados a partir do dia 09/09/2025 devem conter no TCPJ o Código único informado nas paginas da contratação das franquias para validação. Obs: A divergencia está no primeiro TCPJ na franquia de 10GB.',
30/07/2026 08:04:54:   status: 'pendente',
30/07/2026 08:04:54:   data_de_criacao: '30/07/2026 07:23',
30/07/2026 08:04:54:   data_da_ultima_atualizacao: '30/07/2026 08:04',
30/07/2026 08:04:54:   usuario_login: 'tuany.marques.3',
30/07/2026 08:04:54:   validacao: 'Ativo',
30/07/2026 08:04:54:   usuario_id: '140',
30/07/2026 08:04:54:   tarefa: '22894220',
30/07/2026 08:04:54:   origem: 'r_000250',
30/07/2026 08:04:54:   data_historico: 2026-07-29T13:17:14.000Z
30/07/2026 08:04:54: }
30/07/2026 08:05:00: [PUT] Atualizando cotação: 22894220
30/07/2026 08:05:00: [PUT] Usuário: luiza.franco.3
30/07/2026 08:05:00: [PUT] Dados recebidos: {
30/07/2026 08:05:00:   anotacao: undefined,
30/07/2026 08:05:00:   status: 'reprovado',
30/07/2026 08:05:00:   auditoria_anotacao: undefined,
30/07/2026 08:05:00:   auditoria_status: undefined
30/07/2026 08:05:00: }
30/07/2026 08:05:00: [PUT] Linhas afetadas: 1
30/07/2026 08:05:00: [PUT] Cotação atualizada com sucesso: {
30/07/2026 08:05:00:   id_cotacao: 17911,
30/07/2026 08:05:00:   cotacao: 'Q6390189',
30/07/2026 08:05:00:   id_qldd: null,
30/07/2026 08:05:00:   anotacao: '> Conforme a nova regra RGC, pedidos assinados a partir do dia 09/09/2025 devem conter no TCPJ o Código único informado nas paginas da contratação das franquias para validação. Obs: A divergencia está no primeiro TCPJ na franquia de 10GB.',
30/07/2026 08:05:00:   status: 'reprovado',
30/07/2026 08:05:00:   data_de_criacao: '30/07/2026 07:23',
30/07/2026 08:05:00:   data_da_ultima_atualizacao: '30/07/2026 08:05',
30/07/2026 08:05:00:   usuario_login: 'tuany.marques.3',
30/07/2026 08:05:00:   validacao: 'Ativo',
30/07/2026 08:05:00:   usuario_id: '140',
30/07/2026 08:05:00:   tarefa: '22894220',
30/07/2026 08:05:00:   origem: 'r_000250',
30/07/2026 08:05:00:   data_historico: 2026-07-29T13:17:14.000Z
30/07/2026 08:05:00: }
30/07/2026 08:13:20: [PUT] Atualizando cotação: 22894142
30/07/2026 08:13:20: [PUT] Usuário: karen.santos.3
30/07/2026 08:13:20: [PUT] Dados recebidos: {
30/07/2026 08:13:20:   anotacao: undefined,
30/07/2026 08:13:20:   status: 'aprovado',
30/07/2026 08:13:20:   auditoria_anotacao: undefined,
30/07/2026 08:13:20:   auditoria_status: undefined
30/07/2026 08:13:20: }
30/07/2026 08:13:20: [PUT] Linhas afetadas: 1
30/07/2026 08:13:20: [PUT] Cotação atualizada com sucesso: {
30/07/2026 08:13:20:   id_cotacao: 17896,
30/07/2026 08:13:20:   cotacao: 'Q6389416',
30/07/2026 08:13:20:   id_qldd: null,
30/07/2026 08:13:20:   anotacao: 'Tarefa: E001 - PME - 11.230.563/0001-92 | Fila: CPC - PME',
30/07/2026 08:13:20:   status: 'aprovado',
30/07/2026 08:13:20:   data_de_criacao: '30/07/2026 07:17',
30/07/2026 08:13:20:   data_da_ultima_atualizacao: '30/07/2026 08:13',
30/07/2026 08:13:20:   usuario_login: 'tuany.marques.3',
30/07/2026 08:13:20:   validacao: 'Ativo',
30/07/2026 08:13:20:   usuario_id: '136',
30/07/2026 08:13:20:   tarefa: '22894142',
30/07/2026 08:13:20:   origem: 'r_000250',
30/07/2026 08:13:20:   data_historico: 2026-07-29T13:06:04.000Z
30/07/2026 08:13:20: }
30/07/2026 08:13:24: [PUT] Atualizando cotação: 22894148
30/07/2026 08:13:24: [PUT] Usuário: karen.santos.3
30/07/2026 08:13:24: [PUT] Dados recebidos: {
30/07/2026 08:13:24:   anotacao: undefined,
30/07/2026 08:13:24:   status: 'assumido',
30/07/2026 08:13:24:   auditoria_anotacao: undefined,
30/07/2026 08:13:24:   auditoria_status: undefined
30/07/2026 08:13:24: }
30/07/2026 08:13:24: [PUT] Linhas afetadas: 1
30/07/2026 08:13:24: [PUT] Cotação atualizada com sucesso: {
30/07/2026 08:13:24:   id_cotacao: 17897,
30/07/2026 08:13:24:   cotacao: 'Q6377633',
30/07/2026 08:13:24:   id_qldd: null,
30/07/2026 08:13:24:   anotacao: 'Tarefa: E001 - PME - 42.349.153/0001-99 | Fila: CPC - PME',
30/07/2026 08:13:24:   status: 'assumido',
30/07/2026 08:13:24:   data_de_criacao: '30/07/2026 07:17',
30/07/2026 08:13:24:   data_da_ultima_atualizacao: '30/07/2026 08:13',
30/07/2026 08:13:24:   usuario_login: 'tuany.marques.3',
30/07/2026 08:13:24:   validacao: 'Ativo',
30/07/2026 08:13:24:   usuario_id: '136',
30/07/2026 08:13:24:   tarefa: '22894148',
30/07/2026 08:13:24:   origem: 'r_000250',
30/07/2026 08:13:24:   data_historico: 2026-07-29T13:06:46.000Z
30/07/2026 08:13:24: }
30/07/2026 08:15:06: [PUT] Atualizando cotação: 22894191
30/07/2026 08:15:06: [PUT] Usuário: yasmin.santana
30/07/2026 08:15:06: [PUT] Dados recebidos: {
30/07/2026 08:15:06:   anotacao: undefined,
30/07/2026 08:15:06:   status: 'aprovado',
30/07/2026 08:15:06:   auditoria_anotacao: undefined,
30/07/2026 08:15:06:   auditoria_status: undefined
30/07/2026 08:15:06: }
30/07/2026 08:15:06: [PUT] Linhas afetadas: 1
30/07/2026 08:15:06: [PUT] Cotação atualizada com sucesso: {
30/07/2026 08:15:06:   id_cotacao: 17905,
30/07/2026 08:15:06:   cotacao: 'Q6386468',
30/07/2026 08:15:06:   id_qldd: null,
30/07/2026 08:15:06:   anotacao: 'Tarefa: E001 - PME - 39.890.250/0001-80 | Fila: CPC - PME',
30/07/2026 08:15:06:   status: 'aprovado',
30/07/2026 08:15:06:   data_de_criacao: '30/07/2026 07:18',
30/07/2026 08:15:06:   data_da_ultima_atualizacao: '30/07/2026 08:15',
30/07/2026 08:15:06:   usuario_login: 'tuany.marques.3',
30/07/2026 08:15:06:   validacao: 'Ativo',
30/07/2026 08:15:06:   usuario_id: '156',
30/07/2026 08:15:06:   tarefa: '22894191',
30/07/2026 08:15:06:   origem: 'r_000250',
30/07/2026 08:15:06:   data_historico: 2026-07-29T13:13:08.000Z
30/07/2026 08:15:06: }
30/07/2026 08:15:09: [PUT] Atualizando cotação: 22894193
30/07/2026 08:15:09: [PUT] Usuário: yasmin.santana
30/07/2026 08:15:09: [PUT] Dados recebidos: {
30/07/2026 08:15:09:   anotacao: undefined,
30/07/2026 08:15:09:   status: 'assumido',
30/07/2026 08:15:09:   auditoria_anotacao: undefined,
30/07/2026 08:15:09:   auditoria_status: undefined
30/07/2026 08:15:09: }
30/07/2026 08:15:09: [PUT] Linhas afetadas: 1
30/07/2026 08:15:09: [PUT] Cotação atualizada com sucesso: {
30/07/2026 08:15:09:   id_cotacao: 17906,
30/07/2026 08:15:09:   cotacao: 'Q6391039',
30/07/2026 08:15:09:   id_qldd: null,
30/07/2026 08:15:09:   anotacao: 'Tarefa: E001 - PME - 80.459.928/0001-78 | Fila: CPC - PME',
30/07/2026 08:15:09:   status: 'assumido',
30/07/2026 08:15:09:   data_de_criacao: '30/07/2026 07:18',
30/07/2026 08:15:09:   data_da_ultima_atualizacao: '30/07/2026 08:15',
30/07/2026 08:15:09:   usuario_login: 'tuany.marques.3',
30/07/2026 08:15:09:   validacao: 'Ativo',
30/07/2026 08:15:09:   usuario_id: '156',
30/07/2026 08:15:09:   tarefa: '22894193',
30/07/2026 08:15:09:   origem: 'r_000250',
30/07/2026 08:15:09:   data_historico: 2026-07-29T13:13:16.000Z
30/07/2026 08:15:09: }
30/07/2026 08:15:31: [PUT] Atualizando cotação: 22894052
30/07/2026 08:15:31: [PUT] Usuário: erycka.oliveira.3
30/07/2026 08:15:31: [PUT] Dados recebidos: {
30/07/2026 08:15:31:   anotacao: undefined,
30/07/2026 08:15:31:   status: 'reprovado',
30/07/2026 08:15:31:   auditoria_anotacao: undefined,
30/07/2026 08:15:31:   auditoria_status: undefined
30/07/2026 08:15:31: }
30/07/2026 08:15:31: [PUT] Linhas afetadas: 1
30/07/2026 08:15:31: [PUT] Cotação atualizada com sucesso: {
30/07/2026 08:15:31:   id_cotacao: 17886,
30/07/2026 08:15:31:   cotacao: 'Q6390148',
30/07/2026 08:15:31:   id_qldd: null,
30/07/2026 08:15:31:   anotacao: 'Tarefa: E001 - PME - 08.291.637/0001-96 | Fila: CPC - PME',
30/07/2026 08:15:31:   status: 'reprovado',
30/07/2026 08:15:31:   data_de_criacao: '30/07/2026 07:17',
30/07/2026 08:15:31:   data_da_ultima_atualizacao: '30/07/2026 08:15',
30/07/2026 08:15:31:   usuario_login: 'tuany.marques.3',
30/07/2026 08:15:31:   validacao: 'Ativo',
30/07/2026 08:15:31:   usuario_id: '131',
30/07/2026 08:15:31:   tarefa: '22894052',
30/07/2026 08:15:31:   origem: 'r_000250',
30/07/2026 08:15:31:   data_historico: 2026-07-29T13:01:11.000Z
30/07/2026 08:15:31: }
30/07/2026 08:15:35: [PUT] Atualizando cotação: 22894553
30/07/2026 08:15:35: [PUT] Usuário: maristela.martins
30/07/2026 08:15:35: [PUT] Dados recebidos: {
30/07/2026 08:15:35:   anotacao: undefined,
30/07/2026 08:15:35:   status: 'reprovado',
30/07/2026 08:15:35:   auditoria_anotacao: undefined,
30/07/2026 08:15:35:   auditoria_status: undefined
30/07/2026 08:15:35: }
30/07/2026 08:15:35: [PUT] Linhas afetadas: 1
30/07/2026 08:15:35: [PUT] Cotação atualizada com sucesso: {
30/07/2026 08:15:35:   id_cotacao: 17983,
30/07/2026 08:15:35:   cotacao: 'Q6369738',
30/07/2026 08:15:35:   id_qldd: null,
30/07/2026 08:15:35:   anotacao: 'Tarefa: E001 - PME - 18.044.490/0001-93 | Fila: CPC - PME',
30/07/2026 08:15:35:   status: 'reprovado',
30/07/2026 08:15:35:   data_de_criacao: '30/07/2026 07:50',
30/07/2026 08:15:35:   data_da_ultima_atualizacao: '30/07/2026 08:15',
30/07/2026 08:15:35:   usuario_login: 'tuany.marques.3',
30/07/2026 08:15:35:   validacao: 'Ativo',
30/07/2026 08:15:35:   usuario_id: '143',
30/07/2026 08:15:35:   tarefa: '22894553',
30/07/2026 08:15:35:   origem: 'r_000250',
30/07/2026 08:15:35:   data_historico: 2026-07-29T14:07:52.000Z
30/07/2026 08:15:35: }
30/07/2026 08:15:38: [PUT] Atualizando cotação: 22894052
30/07/2026 08:15:38: [PUT] Usuário: erycka.oliveira.3
30/07/2026 08:15:38: [PUT] Dados recebidos: {
30/07/2026 08:15:38:   anotacao: 'Tarefa: E001 - PME - 08.291.637/0001-96 | Fila: CPC - PME\n' +
30/07/2026 08:15:38:     '> Os seguintes dados cadastrais do administrador de contas Antonio informado divergem entre CPC e TCPJ: Nome **Divergência de Dados Administrador (ADM)**\n' +
30/07/2026 08:15:38:     'Reprovado\n',
30/07/2026 08:15:38:   status: 'reprovado',
30/07/2026 08:15:38:   auditoria_anotacao: '',
30/07/2026 08:15:38:   auditoria_status: ''
30/07/2026 08:15:38: }
30/07/2026 08:15:38: [PUT] Linhas afetadas: 1
30/07/2026 08:15:38: [PUT] Cotação atualizada com sucesso: {
30/07/2026 08:15:38:   id_cotacao: 17886,
30/07/2026 08:15:38:   cotacao: 'Q6390148',
30/07/2026 08:15:38:   id_qldd: null,
30/07/2026 08:15:38:   anotacao: 'Tarefa: E001 - PME - 08.291.637/0001-96 | Fila: CPC - PME\n' +
30/07/2026 08:15:38:     '> Os seguintes dados cadastrais do administrador de contas Antonio informado divergem entre CPC e TCPJ: Nome **Divergência de Dados Administrador (ADM)**\n' +
30/07/2026 08:15:38:     'Reprovado\n',
30/07/2026 08:15:38:   status: 'reprovado',
30/07/2026 08:15:38:   data_de_criacao: '30/07/2026 07:17',
30/07/2026 08:15:38:   data_da_ultima_atualizacao: '30/07/2026 08:15',
30/07/2026 08:15:38:   usuario_login: 'tuany.marques.3',
30/07/2026 08:15:38:   validacao: 'Ativo',
30/07/2026 08:15:38:   usuario_id: '131',
30/07/2026 08:15:38:   tarefa: '22894052',
30/07/2026 08:15:38:   origem: 'r_000250',
30/07/2026 08:15:38:   data_historico: 2026-07-29T13:01:11.000Z
30/07/2026 08:15:38: }
30/07/2026 08:15:40: [PUT] Atualizando cotação: 22894553
30/07/2026 08:15:40: [PUT] Usuário: maristela.martins
30/07/2026 08:15:40: [PUT] Dados recebidos: {
30/07/2026 08:15:40:   anotacao: 'Tarefa: E001 - PME - 18.044.490/0001-93 | Fila: CPC - PME\n' +
30/07/2026 08:15:40:     '\n' +
30/07/2026 08:15:40:     '> Na cotação detalhada o PJ Pacote Mobilidade Combo não foi inserido na Ordem Assinante 1629719469 -1629735027-1629744302-1629749629 divergindo do informado do TCPJ e Ofertas Vigentes.  ** SVA não inserido**\n',
30/07/2026 08:15:40:   status: 'reprovado',
30/07/2026 08:15:40:   auditoria_anotacao: '',
30/07/2026 08:15:40:   auditoria_status: ''
30/07/2026 08:15:40: }
30/07/2026 08:15:40: [PUT] Linhas afetadas: 1
30/07/2026 08:15:40: [PUT] Cotação atualizada com sucesso: {
30/07/2026 08:15:40:   id_cotacao: 17983,
30/07/2026 08:15:40:   cotacao: 'Q6369738',
30/07/2026 08:15:40:   id_qldd: null,
30/07/2026 08:15:40:   anotacao: 'Tarefa: E001 - PME - 18.044.490/0001-93 | Fila: CPC - PME\n' +
30/07/2026 08:15:40:     '\n' +
30/07/2026 08:15:40:     '> Na cotação detalhada o PJ Pacote Mobilidade Combo não foi inserido na Ordem Assinante 1629719469 -1629735027-1629744302-1629749629 divergindo do informado do TCPJ e Ofertas Vigentes.  ** SVA não inserido**\n',
30/07/2026 08:15:40:   status: 'reprovado',
30/07/2026 08:15:40:   data_de_criacao: '30/07/2026 07:50',
30/07/2026 08:15:40:   data_da_ultima_atualizacao: '30/07/2026 08:15',
30/07/2026 08:15:40:   usuario_login: 'tuany.marques.3',
30/07/2026 08:15:40:   validacao: 'Ativo',
30/07/2026 08:15:40:   usuario_id: '143',
30/07/2026 08:15:40:   tarefa: '22894553',
30/07/2026 08:15:40:   origem: 'r_000250',
30/07/2026 08:15:40:   data_historico: 2026-07-29T14:07:52.000Z
30/07/2026 08:15:40: }
30/07/2026 08:15:50: [PUT] Atualizando cotação: 22894035
30/07/2026 08:15:50: [PUT] Usuário: erycka.oliveira.3
30/07/2026 08:15:50: [PUT] Dados recebidos: {
30/07/2026 08:15:50:   anotacao: undefined,
30/07/2026 08:15:50:   status: 'aprovado',
30/07/2026 08:15:50:   auditoria_anotacao: undefined,
30/07/2026 08:15:50:   auditoria_status: undefined
30/07/2026 08:15:50: }
30/07/2026 08:15:50: [PUT] Linhas afetadas: 1
30/07/2026 08:15:50: [PUT] Cotação atualizada com sucesso: {
30/07/2026 08:15:50:   id_cotacao: 17885,
30/07/2026 08:15:50:   cotacao: 'Q6390025',
30/07/2026 08:15:50:   id_qldd: null,
30/07/2026 08:15:50:   anotacao: 'Tarefa: E001 - PME - 34.036.675/0001-02 | Fila: CPC - PME',
30/07/2026 08:15:50:   status: 'aprovado',
30/07/2026 08:15:50:   data_de_criacao: '30/07/2026 07:17',
30/07/2026 08:15:50:   data_da_ultima_atualizacao: '30/07/2026 08:15',
30/07/2026 08:15:50:   usuario_login: 'tuany.marques.3',
30/07/2026 08:15:50:   validacao: 'Ativo',
30/07/2026 08:15:50:   usuario_id: '131',
30/07/2026 08:15:50:   tarefa: '22894035',
30/07/2026 08:15:50:   origem: 'r_000250',
30/07/2026 08:15:50:   data_historico: 2026-07-29T12:59:37.000Z
30/07/2026 08:15:50: }
30/07/2026 08:16:34: [PUT] Atualizando cotação: 22894148
30/07/2026 08:16:34: [PUT] Usuário: karen.santos.3
30/07/2026 08:16:34: [PUT] Dados recebidos: {
30/07/2026 08:16:34:   anotacao: undefined,
30/07/2026 08:16:34:   status: 'aprovado',
30/07/2026 08:16:34:   auditoria_anotacao: undefined,
30/07/2026 08:16:34:   auditoria_status: undefined
30/07/2026 08:16:34: }
30/07/2026 08:16:34: [PUT] Linhas afetadas: 1
30/07/2026 08:16:34: [PUT] Cotação atualizada com sucesso: {
30/07/2026 08:16:34:   id_cotacao: 17897,
30/07/2026 08:16:34:   cotacao: 'Q6377633',
30/07/2026 08:16:34:   id_qldd: null,
30/07/2026 08:16:34:   anotacao: 'Tarefa: E001 - PME - 42.349.153/0001-99 | Fila: CPC - PME',
30/07/2026 08:16:34:   status: 'aprovado',
30/07/2026 08:16:34:   data_de_criacao: '30/07/2026 07:17',
30/07/2026 08:16:34:   data_da_ultima_atualizacao: '30/07/2026 08:16',
30/07/2026 08:16:34:   usuario_login: 'tuany.marques.3',
30/07/2026 08:16:34:   validacao: 'Ativo',
30/07/2026 08:16:34:   usuario_id: '136',
30/07/2026 08:16:34:   tarefa: '22894148',
30/07/2026 08:16:34:   origem: 'r_000250',
30/07/2026 08:16:34:   data_historico: 2026-07-29T13:06:46.000Z
30/07/2026 08:16:34: }
30/07/2026 08:16:36: [PUT] Atualizando cotação: 22894149
30/07/2026 08:16:36: [PUT] Usuário: karen.santos.3
30/07/2026 08:16:36: [PUT] Dados recebidos: {
30/07/2026 08:16:36:   anotacao: undefined,
30/07/2026 08:16:36:   status: 'assumido',
30/07/2026 08:16:36:   auditoria_anotacao: undefined,
30/07/2026 08:16:36:   auditoria_status: undefined
30/07/2026 08:16:36: }
30/07/2026 08:16:36: [PUT] Linhas afetadas: 1
30/07/2026 08:16:36: [PUT] Cotação atualizada com sucesso: {
30/07/2026 08:16:36:   id_cotacao: 17898,
30/07/2026 08:16:36:   cotacao: 'Q6391648',
30/07/2026 08:16:36:   id_qldd: null,
30/07/2026 08:16:36:   anotacao: 'Tarefa: E001 - PME - 19.832.624/0001-01 | Fila: CPC - PME',
30/07/2026 08:16:36:   status: 'assumido',
30/07/2026 08:16:36:   data_de_criacao: '30/07/2026 07:17',
30/07/2026 08:16:36:   data_da_ultima_atualizacao: '30/07/2026 08:16',
30/07/2026 08:16:36:   usuario_login: 'tuany.marques.3',
30/07/2026 08:16:36:   validacao: 'Ativo',
30/07/2026 08:16:36:   usuario_id: '136',
30/07/2026 08:16:36:   tarefa: '22894149',
30/07/2026 08:16:36:   origem: 'r_000250',
30/07/2026 08:16:36:   data_historico: 2026-07-29T13:07:14.000Z
30/07/2026 08:16:36: }
30/07/2026 08:19:48: [PUT] Atualizando cotação: 22894149
30/07/2026 08:19:48: [PUT] Usuário: karen.santos.3
30/07/2026 08:19:48: [PUT] Dados recebidos: {
30/07/2026 08:19:48:   anotacao: undefined,
30/07/2026 08:19:48:   status: 'aprovado',
30/07/2026 08:19:48:   auditoria_anotacao: undefined,
30/07/2026 08:19:48:   auditoria_status: undefined
30/07/2026 08:19:48: }
30/07/2026 08:19:48: [PUT] Linhas afetadas: 1
30/07/2026 08:19:48: [PUT] Cotação atualizada com sucesso: {
30/07/2026 08:19:48:   id_cotacao: 17898,
30/07/2026 08:19:48:   cotacao: 'Q6391648',
30/07/2026 08:19:48:   id_qldd: null,
30/07/2026 08:19:48:   anotacao: 'Tarefa: E001 - PME - 19.832.624/0001-01 | Fila: CPC - PME',
30/07/2026 08:19:48:   status: 'aprovado',
30/07/2026 08:19:48:   data_de_criacao: '30/07/2026 07:17',
30/07/2026 08:19:48:   data_da_ultima_atualizacao: '30/07/2026 08:19',
30/07/2026 08:19:48:   usuario_login: 'tuany.marques.3',
30/07/2026 08:19:48:   validacao: 'Ativo',
30/07/2026 08:19:48:   usuario_id: '136',
30/07/2026 08:19:48:   tarefa: '22894149',
30/07/2026 08:19:48:   origem: 'r_000250',
30/07/2026 08:19:48:   data_historico: 2026-07-29T13:07:14.000Z
30/07/2026 08:19:48: }
30/07/2026 08:19:48: [PUT] Atualizando cotação: 22894943
30/07/2026 08:19:48: [PUT] Usuário: gustavo.sanches
30/07/2026 08:19:48: [PUT] Dados recebidos: {
30/07/2026 08:19:48:   anotacao: undefined,
30/07/2026 08:19:48:   status: 'aprovado',
30/07/2026 08:19:48:   auditoria_anotacao: undefined,
30/07/2026 08:19:48:   auditoria_status: undefined
30/07/2026 08:19:48: }
30/07/2026 08:19:48: [PUT] Linhas afetadas: 1
30/07/2026 08:19:48: [PUT] Cotação atualizada com sucesso: {
30/07/2026 08:19:48:   id_cotacao: 17970,
30/07/2026 08:19:48:   cotacao: 'Q6392143',
30/07/2026 08:19:48:   id_qldd: null,
30/07/2026 08:19:48:   anotacao: 'Tarefa: E001 - PME - 47.094.192/0001-06 | Fila: CPC - PME',
30/07/2026 08:19:48:   status: 'aprovado',
30/07/2026 08:19:48:   data_de_criacao: '30/07/2026 07:40',
30/07/2026 08:19:48:   data_da_ultima_atualizacao: '30/07/2026 08:19',
30/07/2026 08:19:48:   usuario_login: 'gustavo.sanches',
30/07/2026 08:19:48:   validacao: 'Ativo',
30/07/2026 08:19:48:   usuario_id: '134',
30/07/2026 08:19:48:   tarefa: '22894943',
30/07/2026 08:19:48:   origem: 'r_000250',
30/07/2026 08:19:48:   data_historico: 2026-07-29T15:03:34.000Z
30/07/2026 08:19:48: }
30/07/2026 08:19:50: [PUT] Atualizando cotação: 22894151
30/07/2026 08:19:50: [PUT] Usuário: karen.santos.3
30/07/2026 08:19:50: [PUT] Dados recebidos: {
30/07/2026 08:19:50:   anotacao: undefined,
30/07/2026 08:19:50:   status: 'aprovado',
30/07/2026 08:19:50:   auditoria_anotacao: undefined,
30/07/2026 08:19:50:   auditoria_status: undefined
30/07/2026 08:19:50: }
30/07/2026 08:19:50: [PUT] Linhas afetadas: 1
30/07/2026 08:19:50: [PUT] Cotação atualizada com sucesso: {
30/07/2026 08:19:50:   id_cotacao: 17899,
30/07/2026 08:19:50:   cotacao: 'Q6388849',
30/07/2026 08:19:50:   id_qldd: null,
30/07/2026 08:19:50:   anotacao: 'Tarefa: E001 - PME - 65.808.842/0001-10 | Fila: CPC - PME',
30/07/2026 08:19:50:   status: 'aprovado',
30/07/2026 08:19:50:   data_de_criacao: '30/07/2026 07:17',
30/07/2026 08:19:50:   data_da_ultima_atualizacao: '30/07/2026 08:19',
30/07/2026 08:19:50:   usuario_login: 'tuany.marques.3',
30/07/2026 08:19:50:   validacao: 'Ativo',
30/07/2026 08:19:50:   usuario_id: '136',
30/07/2026 08:19:50:   tarefa: '22894151',
30/07/2026 08:19:50:   origem: 'r_000250',
30/07/2026 08:19:50:   data_historico: 2026-07-29T13:07:53.000Z
30/07/2026 08:19:50: }
30/07/2026 08:19:53: [PUT] Atualizando cotação: 22894151
30/07/2026 08:19:53: [PUT] Usuário: karen.santos.3
30/07/2026 08:19:53: [PUT] Dados recebidos: {
30/07/2026 08:19:53:   anotacao: undefined,
30/07/2026 08:19:53:   status: 'assumido',
30/07/2026 08:19:53:   auditoria_anotacao: undefined,
30/07/2026 08:19:53:   auditoria_status: undefined
30/07/2026 08:19:53: }
30/07/2026 08:19:53: [PUT] Linhas afetadas: 1
30/07/2026 08:19:53: [PUT] Cotação atualizada com sucesso: {
30/07/2026 08:19:53:   id_cotacao: 17899,
30/07/2026 08:19:53:   cotacao: 'Q6388849',
30/07/2026 08:19:53:   id_qldd: null,
30/07/2026 08:19:53:   anotacao: 'Tarefa: E001 - PME - 65.808.842/0001-10 | Fila: CPC - PME',
30/07/2026 08:19:53:   status: 'assumido',
30/07/2026 08:19:53:   data_de_criacao: '30/07/2026 07:17',
30/07/2026 08:19:53:   data_da_ultima_atualizacao: '30/07/2026 08:19',
30/07/2026 08:19:53:   usuario_login: 'tuany.marques.3',
30/07/2026 08:19:53:   validacao: 'Ativo',
30/07/2026 08:19:53:   usuario_id: '136',
30/07/2026 08:19:53:   tarefa: '22894151',
30/07/2026 08:19:53:   origem: 'r_000250',
30/07/2026 08:19:53:   data_historico: 2026-07-29T13:07:53.000Z
30/07/2026 08:19:53: }
30/07/2026 08:22:51: [PUT] Atualizando cotação: 22894181
30/07/2026 08:22:51: [PUT] Usuário: rita.meira.3
30/07/2026 08:22:51: [PUT] Dados recebidos: {
30/07/2026 08:22:51:   anotacao: undefined,
30/07/2026 08:22:51:   status: 'assumido',
30/07/2026 08:22:51:   auditoria_anotacao: undefined,
30/07/2026 08:22:51:   auditoria_status: undefined
30/07/2026 08:22:51: }
30/07/2026 08:22:51: [PUT] Linhas afetadas: 1
30/07/2026 08:22:51: [PUT] Cotação atualizada com sucesso: {
30/07/2026 08:22:51:   id_cotacao: 17903,
30/07/2026 08:22:51:   cotacao: 'Q6382980',
30/07/2026 08:22:51:   id_qldd: null,
30/07/2026 08:22:51:   anotacao: 'Tarefa: E001 - PME - 17.566.434/0001-56 | Fila: CPC - PME',
30/07/2026 08:22:51:   status: 'assumido',
30/07/2026 08:22:51:   data_de_criacao: '30/07/2026 07:17',
30/07/2026 08:22:51:   data_da_ultima_atualizacao: '30/07/2026 08:22',
30/07/2026 08:22:51:   usuario_login: 'tuany.marques.3',
30/07/2026 08:22:51:   validacao: 'Ativo',
30/07/2026 08:22:51:   usuario_id: '147',
30/07/2026 08:22:51:   tarefa: '22894181',
30/07/2026 08:22:51:   origem: 'r_000250',
30/07/2026 08:22:51:   data_historico: 2026-07-29T13:11:28.000Z
30/07/2026 08:22:51: }
30/07/2026 08:22:54: [PUT] Atualizando cotação: 22894184
30/07/2026 08:22:54: [PUT] Usuário: rita.meira.3
30/07/2026 08:22:54: [PUT] Dados recebidos: {
30/07/2026 08:22:54:   anotacao: undefined,
30/07/2026 08:22:54:   status: 'assumido',
30/07/2026 08:22:54:   auditoria_anotacao: undefined,
30/07/2026 08:22:54:   auditoria_status: undefined
30/07/2026 08:22:54: }
30/07/2026 08:22:54: [PUT] Linhas afetadas: 1
30/07/2026 08:22:54: [PUT] Cotação atualizada com sucesso: {
30/07/2026 08:22:54:   id_cotacao: 17904,
30/07/2026 08:22:54:   cotacao: 'Q6384767',
30/07/2026 08:22:54:   id_qldd: null,
30/07/2026 08:22:54:   anotacao: 'Tarefa: E001 - PME - 04.719.584/0001-00 | Fila: CPC - PME',
30/07/2026 08:22:54:   status: 'assumido',
30/07/2026 08:22:54:   data_de_criacao: '30/07/2026 07:17',
30/07/2026 08:22:54:   data_da_ultima_atualizacao: '30/07/2026 08:22',
30/07/2026 08:22:54:   usuario_login: 'tuany.marques.3',
30/07/2026 08:22:54:   validacao: 'Ativo',
30/07/2026 08:22:54:   usuario_id: '147',
30/07/2026 08:22:54:   tarefa: '22894184',
30/07/2026 08:22:54:   origem: 'r_000250',
30/07/2026 08:22:54:   data_historico: 2026-07-29T13:12:06.000Z
30/07/2026 08:22:54: }
30/07/2026 08:23:42: [PUT] Atualizando cotação: 22894560
30/07/2026 08:23:42: [PUT] Usuário: eduardo.jesus.3
30/07/2026 08:23:42: [PUT] Dados recebidos: {
30/07/2026 08:23:42:   anotacao: undefined,
30/07/2026 08:23:42:   status: 'reprovado',
30/07/2026 08:23:42:   auditoria_anotacao: undefined,
30/07/2026 08:23:42:   auditoria_status: undefined
30/07/2026 08:23:42: }
30/07/2026 08:23:42: [PUT] Linhas afetadas: 1
30/07/2026 08:23:42: [PUT] Cotação atualizada com sucesso: {
30/07/2026 08:23:42:   id_cotacao: 17984,
30/07/2026 08:23:42:   cotacao: 'Q6389309',
30/07/2026 08:23:42:   id_qldd: null,
30/07/2026 08:23:42:   anotacao: 'Tarefa: E001 - PME - 03.092.201/0001-54 | Fila: CPC - PME',
30/07/2026 08:23:42:   status: 'reprovado',
30/07/2026 08:23:42:   data_de_criacao: '30/07/2026 07:51',
30/07/2026 08:23:42:   data_da_ultima_atualizacao: '30/07/2026 08:23',
30/07/2026 08:23:42:   usuario_login: 'tuany.marques.3',
30/07/2026 08:23:42:   validacao: 'Ativo',
30/07/2026 08:23:42:   usuario_id: '200',
30/07/2026 08:23:42:   tarefa: '22894560',
30/07/2026 08:23:42:   origem: 'r_000250',
30/07/2026 08:23:42:   data_historico: 2026-07-29T14:09:17.000Z
30/07/2026 08:23:42: }
30/07/2026 08:23:43: [PUT] Atualizando cotação: 22894320
30/07/2026 08:23:43: [PUT] Usuário: giovanna.mozzarelo.3
30/07/2026 08:23:43: [PUT] Dados recebidos: {
30/07/2026 08:23:43:   anotacao: undefined,
30/07/2026 08:23:43:   status: 'aprovado',
30/07/2026 08:23:43:   auditoria_anotacao: undefined,
30/07/2026 08:23:43:   auditoria_status: undefined
30/07/2026 08:23:43: }
30/07/2026 08:23:43: [PUT] Linhas afetadas: 1
30/07/2026 08:23:43: [PUT] Cotação atualizada com sucesso: {
30/07/2026 08:23:43:   id_cotacao: 17931,
30/07/2026 08:23:43:   cotacao: 'Q6384495',
30/07/2026 08:23:43:   id_qldd: null,
30/07/2026 08:23:43:   anotacao: 'Tarefa: E001 - PME - 60.636.770/0001-57 | Fila: CPC - PME',
30/07/2026 08:23:43:   status: 'aprovado',
30/07/2026 08:23:43:   data_de_criacao: '30/07/2026 07:32',
30/07/2026 08:23:43:   data_da_ultima_atualizacao: '30/07/2026 08:23',
30/07/2026 08:23:43:   usuario_login: 'tuany.marques.3',
30/07/2026 08:23:43:   validacao: 'Ativo',
30/07/2026 08:23:43:   usuario_id: '199',
30/07/2026 08:23:43:   tarefa: '22894320',
30/07/2026 08:23:43:   origem: 'r_000250',
30/07/2026 08:23:43:   data_historico: 2026-07-29T13:35:36.000Z
30/07/2026 08:23:43: }
30/07/2026 08:23:44: [PUT] Atualizando cotação: 22894151
30/07/2026 08:23:44: [PUT] Usuário: karen.santos.3
30/07/2026 08:23:44: [PUT] Dados recebidos: {
30/07/2026 08:23:44:   anotacao: undefined,
30/07/2026 08:23:44:   status: 'aprovado',
30/07/2026 08:23:44:   auditoria_anotacao: undefined,
30/07/2026 08:23:44:   auditoria_status: undefined
30/07/2026 08:23:44: }
30/07/2026 08:23:44: [PUT] Linhas afetadas: 1
30/07/2026 08:23:44: [PUT] Cotação atualizada com sucesso: {
30/07/2026 08:23:44:   id_cotacao: 17899,
30/07/2026 08:23:44:   cotacao: 'Q6388849',
30/07/2026 08:23:44:   id_qldd: null,
30/07/2026 08:23:44:   anotacao: 'Tarefa: E001 - PME - 65.808.842/0001-10 | Fila: CPC - PME',
30/07/2026 08:23:44:   status: 'aprovado',
30/07/2026 08:23:44:   data_de_criacao: '30/07/2026 07:17',
30/07/2026 08:23:44:   data_da_ultima_atualizacao: '30/07/2026 08:23',
30/07/2026 08:23:44:   usuario_login: 'tuany.marques.3',
30/07/2026 08:23:44:   validacao: 'Ativo',
30/07/2026 08:23:44:   usuario_id: '136',
30/07/2026 08:23:44:   tarefa: '22894151',
30/07/2026 08:23:44:   origem: 'r_000250',
30/07/2026 08:23:44:   data_historico: 2026-07-29T13:07:53.000Z
30/07/2026 08:23:44: }
30/07/2026 08:23:45: [PUT] Atualizando cotação: 22894560
30/07/2026 08:23:45: [PUT] Usuário: eduardo.jesus.3
30/07/2026 08:23:45: [PUT] Dados recebidos: {
30/07/2026 08:23:45:   anotacao: '> o valor dos aparelhos contratados na cotação detalhada divergem da tabela pme intranet.',
30/07/2026 08:23:45:   status: 'reprovado',
30/07/2026 08:23:45:   auditoria_anotacao: '',
30/07/2026 08:23:45:   auditoria_status: ''
30/07/2026 08:23:45: }
30/07/2026 08:23:45: [PUT] Linhas afetadas: 1
30/07/2026 08:23:45: [PUT] Cotação atualizada com sucesso: {
30/07/2026 08:23:45:   id_cotacao: 17984,
30/07/2026 08:23:45:   cotacao: 'Q6389309',
30/07/2026 08:23:45:   id_qldd: null,
30/07/2026 08:23:45:   anotacao: '> o valor dos aparelhos contratados na cotação detalhada divergem da tabela pme intranet.',
30/07/2026 08:23:45:   status: 'reprovado',
30/07/2026 08:23:45:   data_de_criacao: '30/07/2026 07:51',
30/07/2026 08:23:45:   data_da_ultima_atualizacao: '30/07/2026 08:23',
30/07/2026 08:23:45:   usuario_login: 'tuany.marques.3',
30/07/2026 08:23:45:   validacao: 'Ativo',
30/07/2026 08:23:45:   usuario_id: '200',
30/07/2026 08:23:45:   tarefa: '22894560',
30/07/2026 08:23:45:   origem: 'r_000250',
30/07/2026 08:23:45:   data_historico: 2026-07-29T14:09:17.000Z
30/07/2026 08:23:45: }
30/07/2026 08:23:46: [PUT] Atualizando cotação: 22894322
30/07/2026 08:23:46: [PUT] Usuário: karen.santos.3
30/07/2026 08:23:46: [PUT] Dados recebidos: {
30/07/2026 08:23:46:   anotacao: undefined,
30/07/2026 08:23:46:   status: 'assumido',
30/07/2026 08:23:46:   auditoria_anotacao: undefined,
30/07/2026 08:23:46:   auditoria_status: undefined
30/07/2026 08:23:46: }
30/07/2026 08:23:46: [PUT] Linhas afetadas: 1
30/07/2026 08:23:46: [PUT] Cotação atualizada com sucesso: {
30/07/2026 08:23:46:   id_cotacao: 17932,
30/07/2026 08:23:46:   cotacao: 'Q6382299',
30/07/2026 08:23:46:   id_qldd: null,
30/07/2026 08:23:46:   anotacao: 'Tarefa: E001 - PME - 09.633.103/0001-63 | Fila: CPC - PME',
30/07/2026 08:23:46:   status: 'assumido',
30/07/2026 08:23:46:   data_de_criacao: '30/07/2026 07:32',
30/07/2026 08:23:46:   data_da_ultima_atualizacao: '30/07/2026 08:23',
30/07/2026 08:23:46:   usuario_login: 'tuany.marques.3',
30/07/2026 08:23:46:   validacao: 'Ativo',
30/07/2026 08:23:46:   usuario_id: '136',
30/07/2026 08:23:46:   tarefa: '22894322',
30/07/2026 08:23:46:   origem: 'r_000250',
30/07/2026 08:23:46:   data_historico: 2026-07-29T13:35:43.000Z
30/07/2026 08:23:46: }
30/07/2026 08:23:48: [PUT] Atualizando cotação: 22894318
30/07/2026 08:23:48: [PUT] Usuário: giovanna.mozzarelo.3
30/07/2026 08:23:48: [PUT] Dados recebidos: {
30/07/2026 08:23:48:   anotacao: undefined,
30/07/2026 08:23:48:   status: 'aprovado',
30/07/2026 08:23:48:   auditoria_anotacao: undefined,
30/07/2026 08:23:48:   auditoria_status: undefined
30/07/2026 08:23:48: }
30/07/2026 08:23:48: [PUT] Linhas afetadas: 1
30/07/2026 08:23:48: [PUT] Cotação atualizada com sucesso: {
30/07/2026 08:23:48:   id_cotacao: 17930,
30/07/2026 08:23:48:   cotacao: 'Q6391933',
30/07/2026 08:23:48:   id_qldd: null,
30/07/2026 08:23:48:   anotacao: 'Tarefa: E001 - PME - 01.577.562/0001-65 | Fila: CPC - PME',
30/07/2026 08:23:48:   status: 'aprovado',
30/07/2026 08:23:48:   data_de_criacao: '30/07/2026 07:32',
30/07/2026 08:23:48:   data_da_ultima_atualizacao: '30/07/2026 08:23',
30/07/2026 08:23:48:   usuario_login: 'tuany.marques.3',
30/07/2026 08:23:48:   validacao: 'Ativo',
30/07/2026 08:23:48:   usuario_id: '199',
30/07/2026 08:23:48:   tarefa: '22894318',
30/07/2026 08:23:48:   origem: 'r_000250',
30/07/2026 08:23:48:   data_historico: 2026-07-29T13:35:00.000Z
30/07/2026 08:23:48: }
30/07/2026 08:23:53: [PUT] Atualizando cotação: 22894315
30/07/2026 08:23:53: [PUT] Usuário: giovanna.mozzarelo.3
30/07/2026 08:23:53: [PUT] Dados recebidos: {
30/07/2026 08:23:53:   anotacao: undefined,
30/07/2026 08:23:53:   status: 'aprovado',
30/07/2026 08:23:53:   auditoria_anotacao: undefined,
30/07/2026 08:23:53:   auditoria_status: undefined
30/07/2026 08:23:53: }
30/07/2026 08:23:53: [PUT] Linhas afetadas: 1
30/07/2026 08:23:53: [PUT] Cotação atualizada com sucesso: {
30/07/2026 08:23:53:   id_cotacao: 17929,
30/07/2026 08:23:53:   cotacao: 'Q6391737',
30/07/2026 08:23:53:   id_qldd: null,
30/07/2026 08:23:53:   anotacao: 'Tarefa: E001 - PME - 44.754.653/0001-31 | Fila: CPC - PME',
30/07/2026 08:23:53:   status: 'aprovado',
30/07/2026 08:23:53:   data_de_criacao: '30/07/2026 07:32',
30/07/2026 08:23:53:   data_da_ultima_atualizacao: '30/07/2026 08:23',
30/07/2026 08:23:53:   usuario_login: 'tuany.marques.3',
30/07/2026 08:23:53:   validacao: 'Ativo',
30/07/2026 08:23:53:   usuario_id: '199',
30/07/2026 08:23:53:   tarefa: '22894315',
30/07/2026 08:23:53:   origem: 'r_000250',
30/07/2026 08:23:53:   data_historico: 2026-07-29T13:34:37.000Z
30/07/2026 08:23:53: }
30/07/2026 08:23:55: [PUT] Atualizando cotação: 22894301
30/07/2026 08:23:55: [PUT] Usuário: giovanna.mozzarelo.3
30/07/2026 08:23:55: [PUT] Dados recebidos: {
30/07/2026 08:23:55:   anotacao: undefined,
30/07/2026 08:23:55:   status: 'aprovado',
30/07/2026 08:23:55:   auditoria_anotacao: undefined,
30/07/2026 08:23:55:   auditoria_status: undefined
30/07/2026 08:23:55: }
30/07/2026 08:23:55: [PUT] Linhas afetadas: 1
30/07/2026 08:23:55: [PUT] Cotação atualizada com sucesso: {
30/07/2026 08:23:55:   id_cotacao: 17928,
30/07/2026 08:23:55:   cotacao: 'Q6391839',
30/07/2026 08:23:55:   id_qldd: null,
30/07/2026 08:23:55:   anotacao: 'Tarefa: E001 - PME - 09.256.302/0001-08 | Fila: CPC - PME',
30/07/2026 08:23:55:   status: 'aprovado',
30/07/2026 08:23:55:   data_de_criacao: '30/07/2026 07:32',
30/07/2026 08:23:55:   data_da_ultima_atualizacao: '30/07/2026 08:23',
30/07/2026 08:23:55:   usuario_login: 'tuany.marques.3',
30/07/2026 08:23:55:   validacao: 'Ativo',
30/07/2026 08:23:55:   usuario_id: '199',
30/07/2026 08:23:55:   tarefa: '22894301',
30/07/2026 08:23:55:   origem: 'r_000250',
30/07/2026 08:23:55:   data_historico: 2026-07-29T13:31:22.000Z
30/07/2026 08:23:55: }
30/07/2026 08:24:01: [PUT] Atualizando cotação: 22894945
30/07/2026 08:24:01: [PUT] Usuário: gustavo.sanches
30/07/2026 08:24:01: [PUT] Dados recebidos: {
30/07/2026 08:24:01:   anotacao: undefined,
30/07/2026 08:24:01:   status: 'reprovado',
30/07/2026 08:24:01:   auditoria_anotacao: undefined,
30/07/2026 08:24:01:   auditoria_status: undefined
30/07/2026 08:24:01: }
30/07/2026 08:24:01: [PUT] Linhas afetadas: 1
30/07/2026 08:24:01: [PUT] Cotação atualizada com sucesso: {
30/07/2026 08:24:01:   id_cotacao: 17969,
30/07/2026 08:24:01:   cotacao: 'Q6392330',
30/07/2026 08:24:01:   id_qldd: null,
30/07/2026 08:24:01:   anotacao: 'Tarefa: E001 - PME - 21.034.654/0001-06 | Fila: CPC - PME',
30/07/2026 08:24:01:   status: 'reprovado',
30/07/2026 08:24:01:   data_de_criacao: '30/07/2026 07:40',
30/07/2026 08:24:01:   data_da_ultima_atualizacao: '30/07/2026 08:24',
30/07/2026 08:24:01:   usuario_login: 'gustavo.sanches',
30/07/2026 08:24:01:   validacao: 'Ativo',
30/07/2026 08:24:01:   usuario_id: '134',
30/07/2026 08:24:01:   tarefa: '22894945',
30/07/2026 08:24:01:   origem: 'r_000250',
30/07/2026 08:24:01:   data_historico: 2026-07-29T15:03:50.000Z
30/07/2026 08:24:01: }
30/07/2026 08:25:13: [PUT] Atualizando cotação: 22894253
30/07/2026 08:25:13: [PUT] Usuário: samanta.andrade
30/07/2026 08:25:13: [PUT] Dados recebidos: {
30/07/2026 08:25:13:   anotacao: undefined,
30/07/2026 08:25:13:   status: 'aprovado',
30/07/2026 08:25:13:   auditoria_anotacao: undefined,
30/07/2026 08:25:13:   auditoria_status: undefined
30/07/2026 08:25:13: }
30/07/2026 08:25:13: [PUT] Linhas afetadas: 1
30/07/2026 08:25:13: [PUT] Cotação atualizada com sucesso: {
30/07/2026 08:25:13:   id_cotacao: 17922,
30/07/2026 08:25:13:   cotacao: 'Q6389642',
30/07/2026 08:25:13:   id_qldd: null,
30/07/2026 08:25:13:   anotacao: 'Tarefa: E001 - PME - 05.798.428/0001-45 | Fila: CPC - PME',
30/07/2026 08:25:13:   status: 'aprovado',
30/07/2026 08:25:13:   data_de_criacao: '30/07/2026 07:25',
30/07/2026 08:25:13:   data_da_ultima_atualizacao: '30/07/2026 08:25',
30/07/2026 08:25:13:   usuario_login: 'tuany.marques.3',
30/07/2026 08:25:13:   validacao: 'Ativo',
30/07/2026 08:25:13:   usuario_id: '150',
30/07/2026 08:25:13:   tarefa: '22894253',
30/07/2026 08:25:13:   origem: 'r_000250',
30/07/2026 08:25:13:   data_historico: 2026-07-29T13:21:29.000Z
30/07/2026 08:25:13: }
30/07/2026 08:25:16: [PUT] Atualizando cotação: 22894563
30/07/2026 08:25:16: [PUT] Usuário: eduardo.jesus.3
30/07/2026 08:25:16: [PUT] Dados recebidos: {
30/07/2026 08:25:16:   anotacao: undefined,
30/07/2026 08:25:16:   status: 'aprovado',
30/07/2026 08:25:16:   auditoria_anotacao: undefined,
30/07/2026 08:25:16:   auditoria_status: undefined
30/07/2026 08:25:16: }
30/07/2026 08:25:16: [PUT] Linhas afetadas: 1
30/07/2026 08:25:16: [PUT] Cotação atualizada com sucesso: {
30/07/2026 08:25:16:   id_cotacao: 17985,
30/07/2026 08:25:16:   cotacao: 'Q6391938',
30/07/2026 08:25:16:   id_qldd: null,
30/07/2026 08:25:16:   anotacao: 'Tarefa: E001 - PME - 05.406.959/0001-45 | Fila: CPC - PME',
30/07/2026 08:25:16:   status: 'aprovado',
30/07/2026 08:25:16:   data_de_criacao: '30/07/2026 07:51',
30/07/2026 08:25:16:   data_da_ultima_atualizacao: '30/07/2026 08:25',
30/07/2026 08:25:16:   usuario_login: 'tuany.marques.3',
30/07/2026 08:25:16:   validacao: 'Ativo',
30/07/2026 08:25:16:   usuario_id: '200',
30/07/2026 08:25:16:   tarefa: '22894563',
30/07/2026 08:25:16:   origem: 'r_000250',
30/07/2026 08:25:16:   data_historico: 2026-07-29T14:10:03.000Z
30/07/2026 08:25:16: }
30/07/2026 08:25:21: [PUT] Atualizando cotação: 22894563
30/07/2026 08:25:21: [PUT] Usuário: eduardo.jesus.3
30/07/2026 08:25:21: [PUT] Dados recebidos: {
30/07/2026 08:25:21:   anotacao: 'aprovado',
30/07/2026 08:25:21:   status: 'aprovado',
30/07/2026 08:25:21:   auditoria_anotacao: '',
30/07/2026 08:25:21:   auditoria_status: ''
30/07/2026 08:25:21: }
30/07/2026 08:25:21: [PUT] Linhas afetadas: 1
30/07/2026 08:25:21: [PUT] Cotação atualizada com sucesso: {
30/07/2026 08:25:21:   id_cotacao: 17985,
30/07/2026 08:25:21:   cotacao: 'Q6391938',
30/07/2026 08:25:21:   id_qldd: null,
30/07/2026 08:25:21:   anotacao: 'aprovado',
30/07/2026 08:25:21:   status: 'aprovado',
30/07/2026 08:25:21:   data_de_criacao: '30/07/2026 07:51',
30/07/2026 08:25:21:   data_da_ultima_atualizacao: '30/07/2026 08:25',
30/07/2026 08:25:21:   usuario_login: 'tuany.marques.3',
30/07/2026 08:25:21:   validacao: 'Ativo',
30/07/2026 08:25:21:   usuario_id: '200',
30/07/2026 08:25:21:   tarefa: '22894563',
30/07/2026 08:25:21:   origem: 'r_000250',
30/07/2026 08:25:21:   data_historico: 2026-07-29T14:10:03.000Z
30/07/2026 08:25:21: }
30/07/2026 08:25:31: [PUT] Atualizando cotação: 22894222
30/07/2026 08:25:31: [PUT] Usuário: luiza.franco.3
30/07/2026 08:25:31: [PUT] Dados recebidos: {
30/07/2026 08:25:31:   anotacao: '> Foi informado no termo de contratação "cliente NET" e o mega bônus no campo resumos, porem não foi informado o mega bônus na Cotação Detalhada dentro das ordens, favor corrigir o termo.**Cliente NET - Mega Bônus**\n' +
30/07/2026 08:25:31:     '\n' +
30/07/2026 08:25:31:     '> A data informada no título/descrição da planilha de produtos instalados no CPC diverge da data de extração que consta dentro da planilha. **Divergência de Datas - Planilha de Produtos Instalados** Obs Falta data.',
30/07/2026 08:25:31:   status: 'pendente',
30/07/2026 08:25:31:   auditoria_anotacao: '',
30/07/2026 08:25:31:   auditoria_status: ''
30/07/2026 08:25:31: }
30/07/2026 08:25:31: [PUT] Linhas afetadas: 1
30/07/2026 08:25:31: [PUT] Cotação atualizada com sucesso: {
30/07/2026 08:25:31:   id_cotacao: 17912,
30/07/2026 08:25:31:   cotacao: 'Q6391639',
30/07/2026 08:25:31:   id_qldd: null,
30/07/2026 08:25:31:   anotacao: '> Foi informado no termo de contratação "cliente NET" e o mega bônus no campo resumos, porem não foi informado o mega bônus na Cotação Detalhada dentro das ordens, favor corrigir o termo.**Cliente NET - Mega Bônus**\n' +
30/07/2026 08:25:31:     '\n' +
30/07/2026 08:25:31:     '> A data informada no título/descrição da planilha de produtos instalados no CPC diverge da data de extração que consta dentro da planilha. **Divergência de Datas - Planilha de Produtos Instalados** Obs Falta data.',
30/07/2026 08:25:31:   status: 'pendente',
30/07/2026 08:25:31:   data_de_criacao: '30/07/2026 07:23',
30/07/2026 08:25:31:   data_da_ultima_atualizacao: '30/07/2026 08:25',
30/07/2026 08:25:31:   usuario_login: 'tuany.marques.3',
30/07/2026 08:25:31:   validacao: 'Ativo',
30/07/2026 08:25:31:   usuario_id: '140',
30/07/2026 08:25:31:   tarefa: '22894222',
30/07/2026 08:25:31:   origem: 'r_000250',
30/07/2026 08:25:31:   data_historico: 2026-07-29T13:17:28.000Z
30/07/2026 08:25:31: }
30/07/2026 08:25:37: [PUT] Atualizando cotação: 22894222
30/07/2026 08:25:37: [PUT] Usuário: luiza.franco.3
30/07/2026 08:25:37: [PUT] Dados recebidos: {
30/07/2026 08:25:37:   anotacao: undefined,
30/07/2026 08:25:37:   status: 'reprovado',
30/07/2026 08:25:37:   auditoria_anotacao: undefined,
30/07/2026 08:25:37:   auditoria_status: undefined
30/07/2026 08:25:37: }
30/07/2026 08:25:38: [PUT] Linhas afetadas: 1
30/07/2026 08:25:38: [PUT] Cotação atualizada com sucesso: {
30/07/2026 08:25:38:   id_cotacao: 17912,
30/07/2026 08:25:38:   cotacao: 'Q6391639',
30/07/2026 08:25:38:   id_qldd: null,
30/07/2026 08:25:38:   anotacao: '> Foi informado no termo de contratação "cliente NET" e o mega bônus no campo resumos, porem não foi informado o mega bônus na Cotação Detalhada dentro das ordens, favor corrigir o termo.**Cliente NET - Mega Bônus**\n' +
30/07/2026 08:25:38:     '\n' +
30/07/2026 08:25:38:     '> A data informada no título/descrição da planilha de produtos instalados no CPC diverge da data de extração que consta dentro da planilha. **Divergência de Datas - Planilha de Produtos Instalados** Obs Falta data.',
30/07/2026 08:25:38:   status: 'reprovado',
30/07/2026 08:25:38:   data_de_criacao: '30/07/2026 07:23',
30/07/2026 08:25:38:   data_da_ultima_atualizacao: '30/07/2026 08:25',
30/07/2026 08:25:38:   usuario_login: 'tuany.marques.3',
30/07/2026 08:25:38:   validacao: 'Ativo',
30/07/2026 08:25:38:   usuario_id: '140',
30/07/2026 08:25:38:   tarefa: '22894222',
30/07/2026 08:25:38:   origem: 'r_000250',
30/07/2026 08:25:38:   data_historico: 2026-07-29T13:17:28.000Z
30/07/2026 08:25:38: }
30/07/2026 08:26:15: [PUT] Atualizando cotação: 22894193
30/07/2026 08:26:15: [PUT] Usuário: yasmin.santana
30/07/2026 08:26:15: [PUT] Dados recebidos: {
30/07/2026 08:26:15:   anotacao: undefined,
30/07/2026 08:26:15:   status: 'pendente-correcao-cadastral',
30/07/2026 08:26:15:   auditoria_anotacao: undefined,
30/07/2026 08:26:15:   auditoria_status: undefined
30/07/2026 08:26:15: }
30/07/2026 08:26:15: [PUT] Linhas afetadas: 1
30/07/2026 08:26:15: [PUT] Cotação atualizada com sucesso: {
30/07/2026 08:26:15:   id_cotacao: 17906,
30/07/2026 08:26:15:   cotacao: 'Q6391039',
30/07/2026 08:26:15:   id_qldd: null,
30/07/2026 08:26:15:   anotacao: 'Tarefa: E001 - PME - 80.459.928/0001-78 | Fila: CPC - PME',
30/07/2026 08:26:15:   status: 'pendente-correcao-cadastral',
30/07/2026 08:26:15:   data_de_criacao: '30/07/2026 07:18',
30/07/2026 08:26:15:   data_da_ultima_atualizacao: '30/07/2026 08:26',
30/07/2026 08:26:15:   usuario_login: 'tuany.marques.3',
30/07/2026 08:26:15:   validacao: 'Ativo',
30/07/2026 08:26:15:   usuario_id: '156',
30/07/2026 08:26:15:   tarefa: '22894193',
30/07/2026 08:26:15:   origem: 'r_000250',
30/07/2026 08:26:15:   data_historico: 2026-07-29T13:13:16.000Z
30/07/2026 08:26:15: }
30/07/2026 08:27:02: [PUT] Atualizando cotação: 22894996
30/07/2026 08:27:02: [PUT] Usuário: gustavo.sanches
30/07/2026 08:27:02: [PUT] Dados recebidos: {
30/07/2026 08:27:02:   anotacao: undefined,
30/07/2026 08:27:02:   status: 'aprovado',
30/07/2026 08:27:02:   auditoria_anotacao: undefined,
30/07/2026 08:27:02:   auditoria_status: undefined
30/07/2026 08:27:02: }
30/07/2026 08:27:02: [PUT] Linhas afetadas: 1
30/07/2026 08:27:02: [PUT] Cotação atualizada com sucesso: {
30/07/2026 08:27:02:   id_cotacao: 17968,
30/07/2026 08:27:02:   cotacao: 'Q6392259',
30/07/2026 08:27:02:   id_qldd: null,
30/07/2026 08:27:02:   anotacao: 'Tarefa: E001 - PME - 02.184.384/0001-75 | Fila: CPC - PME',
30/07/2026 08:27:02:   status: 'aprovado',
30/07/2026 08:27:02:   data_de_criacao: '30/07/2026 07:40',
30/07/2026 08:27:02:   data_da_ultima_atualizacao: '30/07/2026 08:27',
30/07/2026 08:27:02:   usuario_login: 'gustavo.sanches',
30/07/2026 08:27:02:   validacao: 'Ativo',
30/07/2026 08:27:02:   usuario_id: '134',
30/07/2026 08:27:02:   tarefa: '22894996',
30/07/2026 08:27:02:   origem: 'r_000250',
30/07/2026 08:27:02:   data_historico: 2026-07-29T15:10:23.000Z
30/07/2026 08:27:02: }
30/07/2026 08:27:12: [PUT] Atualizando cotação: 22894569
30/07/2026 08:27:12: [PUT] Usuário: eduardo.jesus.3
30/07/2026 08:27:12: [PUT] Dados recebidos: {
30/07/2026 08:27:12:   anotacao: undefined,
30/07/2026 08:27:12:   status: 'aprovado',
30/07/2026 08:27:12:   auditoria_anotacao: undefined,
30/07/2026 08:27:12:   auditoria_status: undefined
30/07/2026 08:27:12: }
30/07/2026 08:27:12: [PUT] Linhas afetadas: 1
30/07/2026 08:27:12: [PUT] Cotação atualizada com sucesso: {
30/07/2026 08:27:12:   id_cotacao: 17986,
30/07/2026 08:27:12:   cotacao: 'Q6391732',
30/07/2026 08:27:12:   id_qldd: null,
30/07/2026 08:27:12:   anotacao: 'Tarefa: E001 - PME - 05.300.197/0002-89 | Fila: CPC - PME',
30/07/2026 08:27:12:   status: 'aprovado',
30/07/2026 08:27:12:   data_de_criacao: '30/07/2026 07:51',
30/07/2026 08:27:12:   data_da_ultima_atualizacao: '30/07/2026 08:27',
30/07/2026 08:27:12:   usuario_login: 'tuany.marques.3',
30/07/2026 08:27:12:   validacao: 'Ativo',
30/07/2026 08:27:12:   usuario_id: '200',
30/07/2026 08:27:12:   tarefa: '22894569',
30/07/2026 08:27:12:   origem: 'r_000250',
30/07/2026 08:27:12:   data_historico: 2026-07-29T14:10:51.000Z
30/07/2026 08:27:12: }
30/07/2026 08:27:16: [PUT] Atualizando cotação: 22894569
30/07/2026 08:27:16: [PUT] Usuário: eduardo.jesus.3
30/07/2026 08:27:16: [PUT] Dados recebidos: {
30/07/2026 08:27:16:   anotacao: 'aprovado',
30/07/2026 08:27:16:   status: 'aprovado',
30/07/2026 08:27:16:   auditoria_anotacao: '',
30/07/2026 08:27:16:   auditoria_status: ''
30/07/2026 08:27:16: }
30/07/2026 08:27:17: [PUT] Linhas afetadas: 1
30/07/2026 08:27:17: [PUT] Cotação atualizada com sucesso: {
30/07/2026 08:27:17:   id_cotacao: 17986,
30/07/2026 08:27:17:   cotacao: 'Q6391732',
30/07/2026 08:27:17:   id_qldd: null,
30/07/2026 08:27:17:   anotacao: 'aprovado',
30/07/2026 08:27:17:   status: 'aprovado',
30/07/2026 08:27:17:   data_de_criacao: '30/07/2026 07:51',
30/07/2026 08:27:17:   data_da_ultima_atualizacao: '30/07/2026 08:27',
30/07/2026 08:27:17:   usuario_login: 'tuany.marques.3',
30/07/2026 08:27:17:   validacao: 'Ativo',
30/07/2026 08:27:17:   usuario_id: '200',
30/07/2026 08:27:17:   tarefa: '22894569',
30/07/2026 08:27:17:   origem: 'r_000250',
30/07/2026 08:27:17:   data_historico: 2026-07-29T14:10:51.000Z
30/07/2026 08:27:17: }
30/07/2026 08:27:31: [PUT] Atualizando cotação: 22894055
30/07/2026 08:27:31: [PUT] Usuário: erycka.oliveira.3
30/07/2026 08:27:31: [PUT] Dados recebidos: {
30/07/2026 08:27:31:   anotacao: undefined,
30/07/2026 08:27:31:   status: 'aprovado',
30/07/2026 08:27:31:   auditoria_anotacao: undefined,
30/07/2026 08:27:31:   auditoria_status: undefined
30/07/2026 08:27:31: }
30/07/2026 08:27:31: [PUT] Linhas afetadas: 1
30/07/2026 08:27:31: [PUT] Cotação atualizada com sucesso: {
30/07/2026 08:27:31:   id_cotacao: 17887,
30/07/2026 08:27:31:   cotacao: 'Q6391729',
30/07/2026 08:27:31:   id_qldd: null,
30/07/2026 08:27:31:   anotacao: 'Tarefa: E001 - PME - 13.126.031/0001-35 | Fila: CPC - PME',
30/07/2026 08:27:31:   status: 'aprovado',
30/07/2026 08:27:31:   data_de_criacao: '30/07/2026 07:17',
30/07/2026 08:27:31:   data_da_ultima_atualizacao: '30/07/2026 08:27',
30/07/2026 08:27:31:   usuario_login: 'tuany.marques.3',
30/07/2026 08:27:31:   validacao: 'Ativo',
30/07/2026 08:27:31:   usuario_id: '131',
30/07/2026 08:27:31:   tarefa: '22894055',
30/07/2026 08:27:31:   origem: 'r_000250',
30/07/2026 08:27:31:   data_historico: 2026-07-29T13:01:44.000Z
30/07/2026 08:27:31: }
30/07/2026 08:29:26: [PUT] Atualizando cotação: 22894322
30/07/2026 08:29:26: [PUT] Usuário: karen.santos.3
30/07/2026 08:29:26: [PUT] Dados recebidos: {
30/07/2026 08:29:26:   anotacao: undefined,
30/07/2026 08:29:26:   status: 'aprovado',
30/07/2026 08:29:26:   auditoria_anotacao: undefined,
30/07/2026 08:29:26:   auditoria_status: undefined
30/07/2026 08:29:26: }
30/07/2026 08:29:26: [PUT] Linhas afetadas: 1
30/07/2026 08:29:26: [PUT] Cotação atualizada com sucesso: {
30/07/2026 08:29:26:   id_cotacao: 17932,
30/07/2026 08:29:26:   cotacao: 'Q6382299',
30/07/2026 08:29:26:   id_qldd: null,
30/07/2026 08:29:26:   anotacao: 'Tarefa: E001 - PME - 09.633.103/0001-63 | Fila: CPC - PME',
30/07/2026 08:29:26:   status: 'aprovado',
30/07/2026 08:29:26:   data_de_criacao: '30/07/2026 07:32',
30/07/2026 08:29:26:   data_da_ultima_atualizacao: '30/07/2026 08:29',
30/07/2026 08:29:26:   usuario_login: 'tuany.marques.3',
30/07/2026 08:29:26:   validacao: 'Ativo',
30/07/2026 08:29:26:   usuario_id: '136',
30/07/2026 08:29:26:   tarefa: '22894322',
30/07/2026 08:29:26:   origem: 'r_000250',
30/07/2026 08:29:26:   data_historico: 2026-07-29T13:35:43.000Z
30/07/2026 08:29:26: }
30/07/2026 08:29:28: [PUT] Atualizando cotação: 22894326
30/07/2026 08:29:28: [PUT] Usuário: karen.santos.3
30/07/2026 08:29:28: [PUT] Dados recebidos: {
30/07/2026 08:29:28:   anotacao: undefined,
30/07/2026 08:29:28:   status: 'assumido',
30/07/2026 08:29:28:   auditoria_anotacao: undefined,
30/07/2026 08:29:28:   auditoria_status: undefined
30/07/2026 08:29:28: }
30/07/2026 08:29:28: [PUT] Linhas afetadas: 1
30/07/2026 08:29:28: [PUT] Cotação atualizada com sucesso: {
30/07/2026 08:29:28:   id_cotacao: 17933,
30/07/2026 08:29:28:   cotacao: 'Q6391769',
30/07/2026 08:29:28:   id_qldd: null,
30/07/2026 08:29:28:   anotacao: 'Tarefa: E001 - PME - 03.733.481/0001-32 | Fila: CPC - PME',
30/07/2026 08:29:28:   status: 'assumido',
30/07/2026 08:29:28:   data_de_criacao: '30/07/2026 07:32',
30/07/2026 08:29:28:   data_da_ultima_atualizacao: '30/07/2026 08:29',
30/07/2026 08:29:28:   usuario_login: 'tuany.marques.3',
30/07/2026 08:29:28:   validacao: 'Ativo',
30/07/2026 08:29:28:   usuario_id: '136',
30/07/2026 08:29:28:   tarefa: '22894326',
30/07/2026 08:29:28:   origem: 'r_000250',
30/07/2026 08:29:28:   data_historico: 2026-07-29T13:36:23.000Z
30/07/2026 08:29:28: }
30/07/2026 08:31:20: [PUT] Atualizando cotação: 22895024
30/07/2026 08:31:20: [PUT] Usuário: gustavo.sanches
30/07/2026 08:31:20: [PUT] Dados recebidos: {
30/07/2026 08:31:20:   anotacao: undefined,
30/07/2026 08:31:20:   status: 'aprovado',
30/07/2026 08:31:20:   auditoria_anotacao: undefined,
30/07/2026 08:31:20:   auditoria_status: undefined
30/07/2026 08:31:20: }
30/07/2026 08:31:20: [PUT] Linhas afetadas: 1
30/07/2026 08:31:20: [PUT] Cotação atualizada com sucesso: {
30/07/2026 08:31:20:   id_cotacao: 17967,
30/07/2026 08:31:20:   cotacao: 'Q6391862',
30/07/2026 08:31:20:   id_qldd: null,
30/07/2026 08:31:20:   anotacao: 'Tarefa: E001 - PME - 21.493.298/0001-99 | Fila: CPC - PME',
30/07/2026 08:31:20:   status: 'aprovado',
30/07/2026 08:31:20:   data_de_criacao: '30/07/2026 07:40',
30/07/2026 08:31:20:   data_da_ultima_atualizacao: '30/07/2026 08:31',
30/07/2026 08:31:20:   usuario_login: 'gustavo.sanches',
30/07/2026 08:31:20:   validacao: 'Ativo',
30/07/2026 08:31:20:   usuario_id: '134',
30/07/2026 08:31:20:   tarefa: '22895024',
30/07/2026 08:31:20:   origem: 'r_000250',
30/07/2026 08:31:20:   data_historico: 2026-07-29T15:14:32.000Z
30/07/2026 08:31:20: }
30/07/2026 08:32:11: [PUT] Atualizando cotação: 22894326
30/07/2026 08:32:11: [PUT] Usuário: karen.santos.3
30/07/2026 08:32:11: [PUT] Dados recebidos: {
30/07/2026 08:32:11:   anotacao: undefined,
30/07/2026 08:32:11:   status: 'aprovado',
30/07/2026 08:32:11:   auditoria_anotacao: undefined,
30/07/2026 08:32:11:   auditoria_status: undefined
30/07/2026 08:32:11: }
30/07/2026 08:32:11: [PUT] Linhas afetadas: 1
30/07/2026 08:32:11: [PUT] Cotação atualizada com sucesso: {
30/07/2026 08:32:11:   id_cotacao: 17933,
30/07/2026 08:32:11:   cotacao: 'Q6391769',
30/07/2026 08:32:11:   id_qldd: null,
30/07/2026 08:32:11:   anotacao: 'Tarefa: E001 - PME - 03.733.481/0001-32 | Fila: CPC - PME',
30/07/2026 08:32:11:   status: 'aprovado',
30/07/2026 08:32:11:   data_de_criacao: '30/07/2026 07:32',
30/07/2026 08:32:11:   data_da_ultima_atualizacao: '30/07/2026 08:32',
30/07/2026 08:32:11:   usuario_login: 'tuany.marques.3',
30/07/2026 08:32:11:   validacao: 'Ativo',
30/07/2026 08:32:11:   usuario_id: '136',
30/07/2026 08:32:11:   tarefa: '22894326',
30/07/2026 08:32:11:   origem: 'r_000250',
30/07/2026 08:32:11:   data_historico: 2026-07-29T13:36:23.000Z
30/07/2026 08:32:11: }
30/07/2026 08:32:13: [PUT] Atualizando cotação: 22894338
30/07/2026 08:32:13: [PUT] Usuário: karen.santos.3
30/07/2026 08:32:13: [PUT] Dados recebidos: {
30/07/2026 08:32:13:   anotacao: undefined,
30/07/2026 08:32:13:   status: 'assumido',
30/07/2026 08:32:13:   auditoria_anotacao: undefined,
30/07/2026 08:32:13:   auditoria_status: undefined
30/07/2026 08:32:13: }
30/07/2026 08:32:13: [PUT] Linhas afetadas: 1
30/07/2026 08:32:13: [PUT] Cotação atualizada com sucesso: {
30/07/2026 08:32:13:   id_cotacao: 17934,
30/07/2026 08:32:13:   cotacao: 'Q6387139',
30/07/2026 08:32:13:   id_qldd: null,
30/07/2026 08:32:13:   anotacao: 'Tarefa: E001 - PME - 35.734.334/0001-73 | Fila: CPC - PME',
30/07/2026 08:32:13:   status: 'assumido',
30/07/2026 08:32:13:   data_de_criacao: '30/07/2026 07:32',
30/07/2026 08:32:13:   data_da_ultima_atualizacao: '30/07/2026 08:32',
30/07/2026 08:32:13:   usuario_login: 'tuany.marques.3',
30/07/2026 08:32:13:   validacao: 'Ativo',
30/07/2026 08:32:13:   usuario_id: '136',
30/07/2026 08:32:13:   tarefa: '22894338',
30/07/2026 08:32:13:   origem: 'r_000250',
30/07/2026 08:32:13:   data_historico: 2026-07-29T13:37:58.000Z
30/07/2026 08:32:13: }
30/07/2026 08:33:34: [PUT] Atualizando cotação: 22894570
30/07/2026 08:33:34: [PUT] Usuário: eduardo.jesus.3
30/07/2026 08:33:34: [PUT] Dados recebidos: {
30/07/2026 08:33:34:   anotacao: undefined,
30/07/2026 08:33:34:   status: 'reprovado',
30/07/2026 08:33:34:   auditoria_anotacao: undefined,
30/07/2026 08:33:34:   auditoria_status: undefined
30/07/2026 08:33:34: }
30/07/2026 08:33:34: [PUT] Linhas afetadas: 1
30/07/2026 08:33:34: [PUT] Cotação atualizada com sucesso: {
30/07/2026 08:33:34:   id_cotacao: 17987,
30/07/2026 08:33:34:   cotacao: 'Q6390638',
30/07/2026 08:33:34:   id_qldd: null,
30/07/2026 08:33:34:   anotacao: 'Tarefa: E001 - PME - 38.410.815/0001-11 | Fila: CPC - PME',
30/07/2026 08:33:34:   status: 'reprovado',
30/07/2026 08:33:34:   data_de_criacao: '30/07/2026 07:51',
30/07/2026 08:33:34:   data_da_ultima_atualizacao: '30/07/2026 08:33',
30/07/2026 08:33:34:   usuario_login: 'tuany.marques.3',
30/07/2026 08:33:34:   validacao: 'Ativo',
30/07/2026 08:33:34:   usuario_id: '200',
30/07/2026 08:33:34:   tarefa: '22894570',
30/07/2026 08:33:34:   origem: 'r_000250',
30/07/2026 08:33:34:   data_historico: 2026-07-29T14:10:56.000Z
30/07/2026 08:33:34: }
30/07/2026 08:33:51: [PUT] Atualizando cotação: 22894057
30/07/2026 08:33:51: [PUT] Usuário: erycka.oliveira.3
30/07/2026 08:33:51: [PUT] Dados recebidos: {
30/07/2026 08:33:51:   anotacao: undefined,
30/07/2026 08:33:51:   status: 'pendente-iphone',
30/07/2026 08:33:51:   auditoria_anotacao: undefined,
30/07/2026 08:33:51:   auditoria_status: undefined
30/07/2026 08:33:51: }
30/07/2026 08:33:51: [PUT] Linhas afetadas: 1
30/07/2026 08:33:51: [PUT] Cotação atualizada com sucesso: {
30/07/2026 08:33:51:   id_cotacao: 17888,
30/07/2026 08:33:51:   cotacao: 'Q6384406',
30/07/2026 08:33:51:   id_qldd: null,
30/07/2026 08:33:51:   anotacao: 'Tarefa: E001 - PME - 01.194.404/0001-26 | Fila: CPC - PME',
30/07/2026 08:33:51:   status: 'pendente-iphone',
30/07/2026 08:33:51:   data_de_criacao: '30/07/2026 07:17',
30/07/2026 08:33:51:   data_da_ultima_atualizacao: '30/07/2026 08:33',
30/07/2026 08:33:51:   usuario_login: 'tuany.marques.3',
30/07/2026 08:33:51:   validacao: 'Ativo',
30/07/2026 08:33:51:   usuario_id: '131',
30/07/2026 08:33:51:   tarefa: '22894057',
30/07/2026 08:33:51:   origem: 'r_000250',
30/07/2026 08:33:51:   data_historico: 2026-07-29T13:01:55.000Z
30/07/2026 08:33:51: }
30/07/2026 08:33:56: [PUT] Atualizando cotação: 22894570
30/07/2026 08:33:56: [PUT] Usuário: eduardo.jesus.3
30/07/2026 08:33:56: [PUT] Dados recebidos: {
30/07/2026 08:33:56:   anotacao: 'Q6390638 - 22894570> O Campo de DDD do TCPJ foi preenchido incorretamente, divergindo do informado na Cotação Detalhada. **DDD TCPJ - Incorreto**\n' +
30/07/2026 08:33:56:     '> O valor total de equipamentos informado no tcpj diverge da cotação detalhada.',
30/07/2026 08:33:56:   status: 'reprovado',
30/07/2026 08:33:56:   auditoria_anotacao: '',
30/07/2026 08:33:56:   auditoria_status: ''
30/07/2026 08:33:56: }
30/07/2026 08:33:56: [PUT] Linhas afetadas: 1
30/07/2026 08:33:56: [PUT] Cotação atualizada com sucesso: {
30/07/2026 08:33:56:   id_cotacao: 17987,
30/07/2026 08:33:56:   cotacao: 'Q6390638',
30/07/2026 08:33:56:   id_qldd: null,
30/07/2026 08:33:56:   anotacao: 'Q6390638 - 22894570> O Campo de DDD do TCPJ foi preenchido incorretamente, divergindo do informado na Cotação Detalhada. **DDD TCPJ - Incorreto**\n' +
30/07/2026 08:33:56:     '> O valor total de equipamentos informado no tcpj diverge da cotação detalhada.',
30/07/2026 08:33:56:   status: 'reprovado',
30/07/2026 08:33:56:   data_de_criacao: '30/07/2026 07:51',
30/07/2026 08:33:56:   data_da_ultima_atualizacao: '30/07/2026 08:33',
30/07/2026 08:33:56:   usuario_login: 'tuany.marques.3',
30/07/2026 08:33:56:   validacao: 'Ativo',
30/07/2026 08:33:56:   usuario_id: '200',
30/07/2026 08:33:56:   tarefa: '22894570',
30/07/2026 08:33:56:   origem: 'r_000250',
30/07/2026 08:33:56:   data_historico: 2026-07-29T14:10:56.000Z
30/07/2026 08:33:56: }
30/07/2026 08:34:40: [PUT] Atualizando cotação: 22894548
30/07/2026 08:34:40: [PUT] Usuário: maristela.martins
30/07/2026 08:34:40: [PUT] Dados recebidos: {
30/07/2026 08:34:40:   anotacao: undefined,
30/07/2026 08:34:40:   status: 'aprovado',
30/07/2026 08:34:40:   auditoria_anotacao: undefined,
30/07/2026 08:34:40:   auditoria_status: undefined
30/07/2026 08:34:40: }
30/07/2026 08:34:40: [PUT] Linhas afetadas: 1
30/07/2026 08:34:40: [PUT] Cotação atualizada com sucesso: {
30/07/2026 08:34:40:   id_cotacao: 17982,
30/07/2026 08:34:40:   cotacao: 'Q6387189',
30/07/2026 08:34:40:   id_qldd: null,
30/07/2026 08:34:40:   anotacao: 'Tarefa: E001 - PME - 45.947.190/0001-97 | Fila: CPC - PME',
30/07/2026 08:34:40:   status: 'aprovado',
30/07/2026 08:34:40:   data_de_criacao: '30/07/2026 07:50',
30/07/2026 08:34:40:   data_da_ultima_atualizacao: '30/07/2026 08:34',
30/07/2026 08:34:40:   usuario_login: 'tuany.marques.3',
30/07/2026 08:34:40:   validacao: 'Ativo',
30/07/2026 08:34:40:   usuario_id: '143',
30/07/2026 08:34:40:   tarefa: '22894548',
30/07/2026 08:34:40:   origem: 'r_000250',
30/07/2026 08:34:40:   data_historico: 2026-07-29T14:07:22.000Z
30/07/2026 08:34:40: }
30/07/2026 08:35:34: [PUT] Atualizando cotação: 22894574
30/07/2026 08:35:34: [PUT] Usuário: eduardo.jesus.3
30/07/2026 08:35:34: [PUT] Dados recebidos: {
30/07/2026 08:35:34:   anotacao: undefined,
30/07/2026 08:35:34:   status: 'aprovado',
30/07/2026 08:35:34:   auditoria_anotacao: undefined,
30/07/2026 08:35:34:   auditoria_status: undefined
30/07/2026 08:35:34: }
30/07/2026 08:35:34: [PUT] Linhas afetadas: 1
30/07/2026 08:35:34: [PUT] Cotação atualizada com sucesso: {
30/07/2026 08:35:34:   id_cotacao: 17988,
30/07/2026 08:35:34:   cotacao: 'Q6386352',
30/07/2026 08:35:34:   id_qldd: null,
30/07/2026 08:35:34:   anotacao: 'Tarefa: E001 - PME - 26.890.387/0001-92 | Fila: CPC - PME',
30/07/2026 08:35:34:   status: 'aprovado',
30/07/2026 08:35:34:   data_de_criacao: '30/07/2026 07:51',
30/07/2026 08:35:34:   data_da_ultima_atualizacao: '30/07/2026 08:35',
30/07/2026 08:35:34:   usuario_login: 'tuany.marques.3',
30/07/2026 08:35:34:   validacao: 'Ativo',
30/07/2026 08:35:34:   usuario_id: '200',
30/07/2026 08:35:34:   tarefa: '22894574',
30/07/2026 08:35:34:   origem: 'r_000250',
30/07/2026 08:35:34:   data_historico: 2026-07-29T14:11:27.000Z
30/07/2026 08:35:34: }
30/07/2026 08:35:39: [PUT] Atualizando cotação: 22894574
30/07/2026 08:35:39: [PUT] Usuário: eduardo.jesus.3
30/07/2026 08:35:39: [PUT] Dados recebidos: {
30/07/2026 08:35:39:   anotacao: 'aprovado',
30/07/2026 08:35:39:   status: 'aprovado',
30/07/2026 08:35:39:   auditoria_anotacao: '',
30/07/2026 08:35:39:   auditoria_status: ''
30/07/2026 08:35:39: }
30/07/2026 08:35:39: [PUT] Linhas afetadas: 1
30/07/2026 08:35:39: [PUT] Cotação atualizada com sucesso: {
30/07/2026 08:35:39:   id_cotacao: 17988,
30/07/2026 08:35:39:   cotacao: 'Q6386352',
30/07/2026 08:35:39:   id_qldd: null,
30/07/2026 08:35:39:   anotacao: 'aprovado',
30/07/2026 08:35:39:   status: 'aprovado',
30/07/2026 08:35:39:   data_de_criacao: '30/07/2026 07:51',
30/07/2026 08:35:39:   data_da_ultima_atualizacao: '30/07/2026 08:35',
30/07/2026 08:35:39:   usuario_login: 'tuany.marques.3',
30/07/2026 08:35:39:   validacao: 'Ativo',
30/07/2026 08:35:39:   usuario_id: '200',
30/07/2026 08:35:39:   tarefa: '22894574',
30/07/2026 08:35:39:   origem: 'r_000250',
30/07/2026 08:35:39:   data_historico: 2026-07-29T14:11:27.000Z
30/07/2026 08:35:39: }
30/07/2026 08:35:54: [PUT] Atualizando cotação: 22894263
30/07/2026 08:35:54: [PUT] Usuário: samanta.andrade
30/07/2026 08:35:54: [PUT] Dados recebidos: {
30/07/2026 08:35:54:   anotacao: undefined,
30/07/2026 08:35:54:   status: 'aprovado',
30/07/2026 08:35:54:   auditoria_anotacao: undefined,
30/07/2026 08:35:54:   auditoria_status: undefined
30/07/2026 08:35:54: }
30/07/2026 08:35:54: [PUT] Linhas afetadas: 1
30/07/2026 08:35:54: [PUT] Cotação atualizada com sucesso: {
30/07/2026 08:35:54:   id_cotacao: 17923,
30/07/2026 08:35:54:   cotacao: 'Q6389789',
30/07/2026 08:35:54:   id_qldd: null,
30/07/2026 08:35:54:   anotacao: 'Tarefa: E001 - PME - 22.317.948/0001-08 | Fila: CPC - PME',
30/07/2026 08:35:54:   status: 'aprovado',
30/07/2026 08:35:54:   data_de_criacao: '30/07/2026 07:25',
30/07/2026 08:35:54:   data_da_ultima_atualizacao: '30/07/2026 08:35',
30/07/2026 08:35:54:   usuario_login: 'tuany.marques.3',
30/07/2026 08:35:54:   validacao: 'Ativo',
30/07/2026 08:35:54:   usuario_id: '150',
30/07/2026 08:35:54:   tarefa: '22894263',
30/07/2026 08:35:54:   origem: 'r_000250',
30/07/2026 08:35:54:   data_historico: 2026-07-29T13:23:48.000Z
30/07/2026 08:35:54: }
30/07/2026 08:35:56: [PUT] Atualizando cotação: 22895046
30/07/2026 08:35:56: [PUT] Usuário: gustavo.sanches
30/07/2026 08:35:56: [PUT] Dados recebidos: {
30/07/2026 08:35:56:   anotacao: undefined,
30/07/2026 08:35:56:   status: 'reprovado',
30/07/2026 08:35:56:   auditoria_anotacao: undefined,
30/07/2026 08:35:56:   auditoria_status: undefined
30/07/2026 08:35:56: }
30/07/2026 08:35:56: [PUT] Linhas afetadas: 1
30/07/2026 08:35:56: [PUT] Cotação atualizada com sucesso: {
30/07/2026 08:35:56:   id_cotacao: 17966,
30/07/2026 08:35:56:   cotacao: 'Q6392423',
30/07/2026 08:35:56:   id_qldd: null,
30/07/2026 08:35:56:   anotacao: 'Tarefa: E001 - PME - 20.323.921/0001-00 | Fila: CPC - PME',
30/07/2026 08:35:56:   status: 'reprovado',
30/07/2026 08:35:56:   data_de_criacao: '30/07/2026 07:40',
30/07/2026 08:35:56:   data_da_ultima_atualizacao: '30/07/2026 08:35',
30/07/2026 08:35:56:   usuario_login: 'gustavo.sanches',
30/07/2026 08:35:56:   validacao: 'Ativo',
30/07/2026 08:35:56:   usuario_id: '134',
30/07/2026 08:35:56:   tarefa: '22895046',
30/07/2026 08:35:56:   origem: 'r_000250',
30/07/2026 08:35:56:   data_historico: 2026-07-29T15:19:02.000Z
30/07/2026 08:35:56: }
30/07/2026 08:36:00: [PUT] Atualizando cotação: 22894197
30/07/2026 08:36:00: [PUT] Usuário: yasmin.santana
30/07/2026 08:36:00: [PUT] Dados recebidos: {
30/07/2026 08:36:00:   anotacao: undefined,
30/07/2026 08:36:00:   status: 'pendente-correcao-cadastral',
30/07/2026 08:36:00:   auditoria_anotacao: undefined,
30/07/2026 08:36:00:   auditoria_status: undefined
30/07/2026 08:36:00: }
30/07/2026 08:36:00: [PUT] Linhas afetadas: 1
30/07/2026 08:36:00: [PUT] Cotação atualizada com sucesso: {
30/07/2026 08:36:00:   id_cotacao: 17907,
30/07/2026 08:36:00:   cotacao: 'Q6391685',
30/07/2026 08:36:00:   id_qldd: null,
30/07/2026 08:36:00:   anotacao: 'Tarefa: E001 - PME - 12.934.912/0001-10 | Fila: CPC - PME',
30/07/2026 08:36:00:   status: 'pendente-correcao-cadastral',
30/07/2026 08:36:00:   data_de_criacao: '30/07/2026 07:18',
30/07/2026 08:36:00:   data_da_ultima_atualizacao: '30/07/2026 08:36',
30/07/2026 08:36:00:   usuario_login: 'tuany.marques.3',
30/07/2026 08:36:00:   validacao: 'Ativo',
30/07/2026 08:36:00:   usuario_id: '156',
30/07/2026 08:36:00:   tarefa: '22894197',
30/07/2026 08:36:00:   origem: 'r_000250',
30/07/2026 08:36:00:   data_historico: 2026-07-29T13:13:45.000Z
30/07/2026 08:36:00: }
30/07/2026 08:36:57: [PUT] Atualizando cotação: 22894066
30/07/2026 08:36:57: [PUT] Usuário: erycka.oliveira.3
30/07/2026 08:36:57: [PUT] Dados recebidos: {
30/07/2026 08:36:57:   anotacao: undefined,
30/07/2026 08:36:57:   status: 'assumido',
30/07/2026 08:36:57:   auditoria_anotacao: undefined,
30/07/2026 08:36:57:   auditoria_status: undefined
30/07/2026 08:36:57: }
30/07/2026 08:36:57: [PUT] Linhas afetadas: 1
30/07/2026 08:36:57: [PUT] Cotação atualizada com sucesso: {
30/07/2026 08:36:57:   id_cotacao: 17889,
30/07/2026 08:36:57:   cotacao: 'Q6391704',
30/07/2026 08:36:57:   id_qldd: null,
30/07/2026 08:36:57:   anotacao: 'Tarefa: E001 - PME - 04.752.020/0001-70 | Fila: CPC - PME',
30/07/2026 08:36:57:   status: 'assumido',
30/07/2026 08:36:57:   data_de_criacao: '30/07/2026 07:17',
30/07/2026 08:36:57:   data_da_ultima_atualizacao: '30/07/2026 08:36',
30/07/2026 08:36:57:   usuario_login: 'tuany.marques.3',
30/07/2026 08:36:57:   validacao: 'Ativo',
30/07/2026 08:36:57:   usuario_id: '131',
30/07/2026 08:36:57:   tarefa: '22894066',
30/07/2026 08:36:57:   origem: 'r_000250',
30/07/2026 08:36:57:   data_historico: 2026-07-29T13:03:16.000Z
30/07/2026 08:36:57: }
30/07/2026 08:37:00: [PUT] Atualizando cotação: 22894066
30/07/2026 08:37:00: [PUT] Usuário: erycka.oliveira.3
30/07/2026 08:37:00: [PUT] Dados recebidos: {
30/07/2026 08:37:00:   anotacao: undefined,
30/07/2026 08:37:00:   status: 'aprovado',
30/07/2026 08:37:00:   auditoria_anotacao: undefined,
30/07/2026 08:37:00:   auditoria_status: undefined
30/07/2026 08:37:00: }
30/07/2026 08:37:00: [PUT] Linhas afetadas: 1
30/07/2026 08:37:00: [PUT] Cotação atualizada com sucesso: {
30/07/2026 08:37:00:   id_cotacao: 17889,
30/07/2026 08:37:00:   cotacao: 'Q6391704',
30/07/2026 08:37:00:   id_qldd: null,
30/07/2026 08:37:00:   anotacao: 'Tarefa: E001 - PME - 04.752.020/0001-70 | Fila: CPC - PME',
30/07/2026 08:37:00:   status: 'aprovado',
30/07/2026 08:37:00:   data_de_criacao: '30/07/2026 07:17',
30/07/2026 08:37:00:   data_da_ultima_atualizacao: '30/07/2026 08:37',
30/07/2026 08:37:00:   usuario_login: 'tuany.marques.3',
30/07/2026 08:37:00:   validacao: 'Ativo',
30/07/2026 08:37:00:   usuario_id: '131',
30/07/2026 08:37:00:   tarefa: '22894066',
30/07/2026 08:37:00:   origem: 'r_000250',
30/07/2026 08:37:00:   data_historico: 2026-07-29T13:03:16.000Z
30/07/2026 08:37:00: }
30/07/2026 08:37:17: [PUT] Atualizando cotação: 22894585
30/07/2026 08:37:17: [PUT] Usuário: eduardo.jesus.3
30/07/2026 08:37:17: [PUT] Dados recebidos: {
30/07/2026 08:37:17:   anotacao: undefined,
30/07/2026 08:37:17:   status: 'aprovado',
30/07/2026 08:37:17:   auditoria_anotacao: undefined,
30/07/2026 08:37:17:   auditoria_status: undefined
30/07/2026 08:37:17: }
30/07/2026 08:37:17: [PUT] Linhas afetadas: 1
30/07/2026 08:37:17: [PUT] Cotação atualizada com sucesso: {
30/07/2026 08:37:17:   id_cotacao: 17989,
30/07/2026 08:37:17:   cotacao: 'Q6390214',
30/07/2026 08:37:17:   id_qldd: null,
30/07/2026 08:37:17:   anotacao: 'Tarefa: E001 - PME - 57.725.491/0001-55 | Fila: CPC - PME',
30/07/2026 08:37:17:   status: 'aprovado',
30/07/2026 08:37:17:   data_de_criacao: '30/07/2026 07:51',
30/07/2026 08:37:17:   data_da_ultima_atualizacao: '30/07/2026 08:37',
30/07/2026 08:37:17:   usuario_login: 'tuany.marques.3',
30/07/2026 08:37:17:   validacao: 'Ativo',
30/07/2026 08:37:17:   usuario_id: '200',
30/07/2026 08:37:17:   tarefa: '22894585',
30/07/2026 08:37:17:   origem: 'r_000250',
30/07/2026 08:37:17:   data_historico: 2026-07-29T14:12:51.000Z
30/07/2026 08:37:17: }
30/07/2026 08:37:22: [PUT] Atualizando cotação: 22894585
30/07/2026 08:37:22: [PUT] Usuário: eduardo.jesus.3
30/07/2026 08:37:22: [PUT] Dados recebidos: {
30/07/2026 08:37:22:   anotacao: 'aprovado',
30/07/2026 08:37:22:   status: 'aprovado',
30/07/2026 08:37:22:   auditoria_anotacao: '',
30/07/2026 08:37:22:   auditoria_status: ''
30/07/2026 08:37:22: }
30/07/2026 08:37:22: [PUT] Linhas afetadas: 1
30/07/2026 08:37:22: [PUT] Cotação atualizada com sucesso: {
30/07/2026 08:37:22:   id_cotacao: 17989,
30/07/2026 08:37:22:   cotacao: 'Q6390214',
30/07/2026 08:37:22:   id_qldd: null,
30/07/2026 08:37:22:   anotacao: 'aprovado',
30/07/2026 08:37:22:   status: 'aprovado',
30/07/2026 08:37:22:   data_de_criacao: '30/07/2026 07:51',
30/07/2026 08:37:22:   data_da_ultima_atualizacao: '30/07/2026 08:37',
30/07/2026 08:37:22:   usuario_login: 'tuany.marques.3',
30/07/2026 08:37:22:   validacao: 'Ativo',
30/07/2026 08:37:22:   usuario_id: '200',
30/07/2026 08:37:22:   tarefa: '22894585',
30/07/2026 08:37:22:   origem: 'r_000250',
30/07/2026 08:37:22:   data_historico: 2026-07-29T14:12:51.000Z
30/07/2026 08:37:22: }
30/07/2026 08:37:22: [PUT] Atualizando cotação: 22894338
30/07/2026 08:37:22: [PUT] Usuário: karen.santos.3
30/07/2026 08:37:22: [PUT] Dados recebidos: {
30/07/2026 08:37:22:   anotacao: undefined,
30/07/2026 08:37:22:   status: 'reprovado',
30/07/2026 08:37:22:   auditoria_anotacao: undefined,
30/07/2026 08:37:22:   auditoria_status: undefined
30/07/2026 08:37:22: }
30/07/2026 08:37:22: [PUT] Linhas afetadas: 1
30/07/2026 08:37:22: [PUT] Cotação atualizada com sucesso: {
30/07/2026 08:37:22:   id_cotacao: 17934,
30/07/2026 08:37:22:   cotacao: 'Q6387139',
30/07/2026 08:37:22:   id_qldd: null,
30/07/2026 08:37:22:   anotacao: 'Tarefa: E001 - PME - 35.734.334/0001-73 | Fila: CPC - PME',
30/07/2026 08:37:22:   status: 'reprovado',
30/07/2026 08:37:22:   data_de_criacao: '30/07/2026 07:32',
30/07/2026 08:37:22:   data_da_ultima_atualizacao: '30/07/2026 08:37',
30/07/2026 08:37:22:   usuario_login: 'tuany.marques.3',
30/07/2026 08:37:22:   validacao: 'Ativo',
30/07/2026 08:37:22:   usuario_id: '136',
30/07/2026 08:37:22:   tarefa: '22894338',
30/07/2026 08:37:22:   origem: 'r_000250',
30/07/2026 08:37:22:   data_historico: 2026-07-29T13:37:58.000Z
30/07/2026 08:37:22: }
30/07/2026 08:37:26: [PUT] Atualizando cotação: 22894355
30/07/2026 08:37:26: [PUT] Usuário: karen.santos.3
30/07/2026 08:37:26: [PUT] Dados recebidos: {
30/07/2026 08:37:26:   anotacao: undefined,
30/07/2026 08:37:26:   status: 'assumido',
30/07/2026 08:37:26:   auditoria_anotacao: undefined,
30/07/2026 08:37:26:   auditoria_status: undefined
30/07/2026 08:37:26: }
30/07/2026 08:37:26: [PUT] Linhas afetadas: 1
30/07/2026 08:37:26: [PUT] Cotação atualizada com sucesso: {
30/07/2026 08:37:26:   id_cotacao: 17935,
30/07/2026 08:37:26:   cotacao: 'Q6382178',
30/07/2026 08:37:26:   id_qldd: null,
30/07/2026 08:37:26:   anotacao: 'Tarefa: E001 - PME - 67.779.168/0001-18 | Fila: CPC - PME',
30/07/2026 08:37:26:   status: 'assumido',
30/07/2026 08:37:26:   data_de_criacao: '30/07/2026 07:32',
30/07/2026 08:37:26:   data_da_ultima_atualizacao: '30/07/2026 08:37',
30/07/2026 08:37:26:   usuario_login: 'tuany.marques.3',
30/07/2026 08:37:26:   validacao: 'Ativo',
30/07/2026 08:37:26:   usuario_id: '136',
30/07/2026 08:37:26:   tarefa: '22894355',
30/07/2026 08:37:26:   origem: 'r_000250',
30/07/2026 08:37:26:   data_historico: 2026-07-29T13:40:38.000Z
30/07/2026 08:37:26: }
30/07/2026 08:39:14: [PUT] Atualizando cotação: 22895164
30/07/2026 08:39:14: [PUT] Usuário: gustavo.sanches
30/07/2026 08:39:14: [PUT] Dados recebidos: {
30/07/2026 08:39:14:   anotacao: undefined,
30/07/2026 08:39:14:   status: 'aprovado',
30/07/2026 08:39:14:   auditoria_anotacao: undefined,
30/07/2026 08:39:14:   auditoria_status: undefined
30/07/2026 08:39:14: }
30/07/2026 08:39:14: [PUT] Linhas afetadas: 1
30/07/2026 08:39:14: [PUT] Cotação atualizada com sucesso: {
30/07/2026 08:39:14:   id_cotacao: 17965,
30/07/2026 08:39:14:   cotacao: 'Q6391744',
30/07/2026 08:39:14:   id_qldd: null,
30/07/2026 08:39:14:   anotacao: 'Tarefa: E001 - PME - 13.980.847/0002-02 | Fila: CPC - PME',
30/07/2026 08:39:14:   status: 'aprovado',
30/07/2026 08:39:14:   data_de_criacao: '30/07/2026 07:40',
30/07/2026 08:39:14:   data_da_ultima_atualizacao: '30/07/2026 08:39',
30/07/2026 08:39:14:   usuario_login: 'gustavo.sanches',
30/07/2026 08:39:14:   validacao: 'Ativo',
30/07/2026 08:39:14:   usuario_id: '134',
30/07/2026 08:39:14:   tarefa: '22895164',
30/07/2026 08:39:14:   origem: 'r_000250',
30/07/2026 08:39:14:   data_historico: 2026-07-29T15:37:56.000Z
30/07/2026 08:39:14: }
30/07/2026 08:39:15: [PUT] Atualizando cotação: 22894159
30/07/2026 08:39:15: [PUT] Usuário: rita.meira.3
30/07/2026 08:39:15: [PUT] Dados recebidos: {
30/07/2026 08:39:15:   anotacao: 'Tarefa: E001 - PME - 43.588.821/0001-01 | Fila: CPC - PME\n' +
30/07/2026 08:39:15:     '> Os seguintes dados cadastrais do administrador de contas informado divergem entre CPC e TCPJ: Nome **Divergência de Dados Administrador (ADM)**\n' +
30/07/2026 08:39:15:     '> Os seguintes dados cadastrais do administrador de contas informado divergem entre CPC e TCPJ: E-mail **Divergência de Dados Administrador (ADM)**\n' +
30/07/2026 08:39:15:     '> No documento TCPJ não consta a assinatura via Docusign com o código para validação. A assinatura digital com Docusign é obrigatória para todas as documentações Claro. **Não consta assinatura digital - Docusign**\n',
30/07/2026 08:39:15:   status: 'assumido',
30/07/2026 08:39:15:   auditoria_anotacao: '',
30/07/2026 08:39:15:   auditoria_status: ''
30/07/2026 08:39:15: }
30/07/2026 08:39:15: [PUT] Atualizando cotação: 22894159
30/07/2026 08:39:15: [PUT] Usuário: rita.meira.3
30/07/2026 08:39:15: [PUT] Dados recebidos: {
30/07/2026 08:39:15:   anotacao: 'Tarefa: E001 - PME - 43.588.821/0001-01 | Fila: CPC - PME\n' +
30/07/2026 08:39:15:     '> Os seguintes dados cadastrais do administrador de contas informado divergem entre CPC e TCPJ: Nome **Divergência de Dados Administrador (ADM)**\n' +
30/07/2026 08:39:15:     '> Os seguintes dados cadastrais do administrador de contas informado divergem entre CPC e TCPJ: E-mail **Divergência de Dados Administrador (ADM)**\n' +
30/07/2026 08:39:15:     '> No documento TCPJ não consta a assinatura via Docusign com o código para validação. A assinatura digital com Docusign é obrigatória para todas as documentações Claro. **Não consta assinatura digital - Docusign**\n',
30/07/2026 08:39:15:   status: 'assumido',
30/07/2026 08:39:15:   auditoria_anotacao: '',
30/07/2026 08:39:15:   auditoria_status: ''
30/07/2026 08:39:15: }
30/07/2026 08:39:15: [PUT] Linhas afetadas: 1
30/07/2026 08:39:15: [PUT] Cotação atualizada com sucesso: {
30/07/2026 08:39:15:   id_cotacao: 17900,
30/07/2026 08:39:15:   cotacao: 'Q6391756',
30/07/2026 08:39:15:   id_qldd: null,
30/07/2026 08:39:15:   anotacao: 'Tarefa: E001 - PME - 43.588.821/0001-01 | Fila: CPC - PME\n' +
30/07/2026 08:39:15:     '> Os seguintes dados cadastrais do administrador de contas informado divergem entre CPC e TCPJ: Nome **Divergência de Dados Administrador (ADM)**\n' +
30/07/2026 08:39:15:     '> Os seguintes dados cadastrais do administrador de contas informado divergem entre CPC e TCPJ: E-mail **Divergência de Dados Administrador (ADM)**\n' +
30/07/2026 08:39:15:     '> No documento TCPJ não consta a assinatura via Docusign com o código para validação. A assinatura digital com Docusign é obrigatória para todas as documentações Claro. **Não consta assinatura digital - Docusign**\n',
30/07/2026 08:39:15:   status: 'assumido',
30/07/2026 08:39:15:   data_de_criacao: '30/07/2026 07:17',
30/07/2026 08:39:15:   data_da_ultima_atualizacao: '30/07/2026 08:39',
30/07/2026 08:39:15:   usuario_login: 'tuany.marques.3',
30/07/2026 08:39:15:   validacao: 'Ativo',
30/07/2026 08:39:15:   usuario_id: '147',
30/07/2026 08:39:15:   tarefa: '22894159',
30/07/2026 08:39:15:   origem: 'r_000250',
30/07/2026 08:39:15:   data_historico: 2026-07-29T13:08:37.000Z
30/07/2026 08:39:15: }
30/07/2026 08:39:15: [PUT] Linhas afetadas: 1
30/07/2026 08:39:15: [PUT] Cotação atualizada com sucesso: {
30/07/2026 08:39:15:   id_cotacao: 17900,
30/07/2026 08:39:15:   cotacao: 'Q6391756',
30/07/2026 08:39:15:   id_qldd: null,
30/07/2026 08:39:15:   anotacao: 'Tarefa: E001 - PME - 43.588.821/0001-01 | Fila: CPC - PME\n' +
30/07/2026 08:39:15:     '> Os seguintes dados cadastrais do administrador de contas informado divergem entre CPC e TCPJ: Nome **Divergência de Dados Administrador (ADM)**\n' +
30/07/2026 08:39:15:     '> Os seguintes dados cadastrais do administrador de contas informado divergem entre CPC e TCPJ: E-mail **Divergência de Dados Administrador (ADM)**\n' +
30/07/2026 08:39:15:     '> No documento TCPJ não consta a assinatura via Docusign com o código para validação. A assinatura digital com Docusign é obrigatória para todas as documentações Claro. **Não consta assinatura digital - Docusign**\n',
30/07/2026 08:39:15:   status: 'assumido',
30/07/2026 08:39:15:   data_de_criacao: '30/07/2026 07:17',
30/07/2026 08:39:15:   data_da_ultima_atualizacao: '30/07/2026 08:39',
30/07/2026 08:39:15:   usuario_login: 'tuany.marques.3',
30/07/2026 08:39:15:   validacao: 'Ativo',
30/07/2026 08:39:15:   usuario_id: '147',
30/07/2026 08:39:15:   tarefa: '22894159',
30/07/2026 08:39:15:   origem: 'r_000250',
30/07/2026 08:39:15:   data_historico: 2026-07-29T13:08:37.000Z
30/07/2026 08:39:15: }
30/07/2026 08:39:15: [PUT] Atualizando cotação: 22894159
30/07/2026 08:39:15: [PUT] Usuário: rita.meira.3
30/07/2026 08:39:15: [PUT] Dados recebidos: {
30/07/2026 08:39:15:   anotacao: 'Tarefa: E001 - PME - 43.588.821/0001-01 | Fila: CPC - PME\n' +
30/07/2026 08:39:15:     '> Os seguintes dados cadastrais do administrador de contas informado divergem entre CPC e TCPJ: Nome **Divergência de Dados Administrador (ADM)**\n' +
30/07/2026 08:39:15:     '> Os seguintes dados cadastrais do administrador de contas informado divergem entre CPC e TCPJ: E-mail **Divergência de Dados Administrador (ADM)**\n' +
30/07/2026 08:39:15:     '> No documento TCPJ não consta a assinatura via Docusign com o código para validação. A assinatura digital com Docusign é obrigatória para todas as documentações Claro. **Não consta assinatura digital - Docusign**\n',
30/07/2026 08:39:15:   status: 'assumido',
30/07/2026 08:39:15:   auditoria_anotacao: '',
30/07/2026 08:39:15:   auditoria_status: ''
30/07/2026 08:39:15: }
30/07/2026 08:39:15: [PUT] Linhas afetadas: 1
30/07/2026 08:39:15: [PUT] Cotação atualizada com sucesso: {
30/07/2026 08:39:15:   id_cotacao: 17900,
30/07/2026 08:39:15:   cotacao: 'Q6391756',
30/07/2026 08:39:15:   id_qldd: null,
30/07/2026 08:39:15:   anotacao: 'Tarefa: E001 - PME - 43.588.821/0001-01 | Fila: CPC - PME\n' +
30/07/2026 08:39:15:     '> Os seguintes dados cadastrais do administrador de contas informado divergem entre CPC e TCPJ: Nome **Divergência de Dados Administrador (ADM)**\n' +
30/07/2026 08:39:15:     '> Os seguintes dados cadastrais do administrador de contas informado divergem entre CPC e TCPJ: E-mail **Divergência de Dados Administrador (ADM)**\n' +
30/07/2026 08:39:15:     '> No documento TCPJ não consta a assinatura via Docusign com o código para validação. A assinatura digital com Docusign é obrigatória para todas as documentações Claro. **Não consta assinatura digital - Docusign**\n',
30/07/2026 08:39:15:   status: 'assumido',
30/07/2026 08:39:15:   data_de_criacao: '30/07/2026 07:17',
30/07/2026 08:39:15:   data_da_ultima_atualizacao: '30/07/2026 08:39',
30/07/2026 08:39:15:   usuario_login: 'tuany.marques.3',
30/07/2026 08:39:15:   validacao: 'Ativo',
30/07/2026 08:39:15:   usuario_id: '147',
30/07/2026 08:39:15:   tarefa: '22894159',
30/07/2026 08:39:15:   origem: 'r_000250',
30/07/2026 08:39:15:   data_historico: 2026-07-29T13:08:37.000Z
30/07/2026 08:39:15: }
30/07/2026 08:39:19: [PUT] Atualizando cotação: 22894159
30/07/2026 08:39:19: [PUT] Usuário: rita.meira.3
30/07/2026 08:39:19: [PUT] Dados recebidos: {
30/07/2026 08:39:19:   anotacao: undefined,
30/07/2026 08:39:19:   status: 'reprovado',
30/07/2026 08:39:19:   auditoria_anotacao: undefined,
30/07/2026 08:39:19:   auditoria_status: undefined
30/07/2026 08:39:19: }
30/07/2026 08:39:19: [PUT] Linhas afetadas: 1
30/07/2026 08:39:19: [PUT] Cotação atualizada com sucesso: {
30/07/2026 08:39:19:   id_cotacao: 17900,
30/07/2026 08:39:19:   cotacao: 'Q6391756',
30/07/2026 08:39:19:   id_qldd: null,
30/07/2026 08:39:19:   anotacao: 'Tarefa: E001 - PME - 43.588.821/0001-01 | Fila: CPC - PME\n' +
30/07/2026 08:39:19:     '> Os seguintes dados cadastrais do administrador de contas informado divergem entre CPC e TCPJ: Nome **Divergência de Dados Administrador (ADM)**\n' +
30/07/2026 08:39:19:     '> Os seguintes dados cadastrais do administrador de contas informado divergem entre CPC e TCPJ: E-mail **Divergência de Dados Administrador (ADM)**\n' +
30/07/2026 08:39:19:     '> No documento TCPJ não consta a assinatura via Docusign com o código para validação. A assinatura digital com Docusign é obrigatória para todas as documentações Claro. **Não consta assinatura digital - Docusign**\n',
30/07/2026 08:39:19:   status: 'reprovado',
30/07/2026 08:39:19:   data_de_criacao: '30/07/2026 07:17',
30/07/2026 08:39:19:   data_da_ultima_atualizacao: '30/07/2026 08:39',
30/07/2026 08:39:19:   usuario_login: 'tuany.marques.3',
30/07/2026 08:39:19:   validacao: 'Ativo',
30/07/2026 08:39:19:   usuario_id: '147',
30/07/2026 08:39:19:   tarefa: '22894159',
30/07/2026 08:39:19:   origem: 'r_000250',
30/07/2026 08:39:19:   data_historico: 2026-07-29T13:08:37.000Z
30/07/2026 08:39:19: }
30/07/2026 08:39:39: [PUT] Atualizando cotação: 22894276
30/07/2026 08:39:39: [PUT] Usuário: erycka.oliveira.3
30/07/2026 08:39:39: [PUT] Dados recebidos: {
30/07/2026 08:39:39:   anotacao: undefined,
30/07/2026 08:39:39:   status: 'aprovado',
30/07/2026 08:39:39:   auditoria_anotacao: undefined,
30/07/2026 08:39:39:   auditoria_status: undefined
30/07/2026 08:39:39: }
30/07/2026 08:39:40: [PUT] Linhas afetadas: 1
30/07/2026 08:39:40: [PUT] Cotação atualizada com sucesso: {
30/07/2026 08:39:40:   id_cotacao: 17925,
30/07/2026 08:39:40:   cotacao: 'Q6391880',
30/07/2026 08:39:40:   id_qldd: null,
30/07/2026 08:39:40:   anotacao: 'Tarefa: E001 - PME - 02.130.301/0001-65 | Fila: CPC - PME',
30/07/2026 08:39:40:   status: 'aprovado',
30/07/2026 08:39:40:   data_de_criacao: '30/07/2026 07:32',
30/07/2026 08:39:40:   data_da_ultima_atualizacao: '30/07/2026 08:39',
30/07/2026 08:39:40:   usuario_login: 'tuany.marques.3',
30/07/2026 08:39:40:   validacao: 'Ativo',
30/07/2026 08:39:40:   usuario_id: '131',
30/07/2026 08:39:40:   tarefa: '22894276',
30/07/2026 08:39:40:   origem: 'r_000250',
30/07/2026 08:39:40:   data_historico: 2026-07-29T13:26:48.000Z
30/07/2026 08:39:40: }
30/07/2026 08:40:36: [PUT] Atualizando cotação: 22894591
30/07/2026 08:40:36: [PUT] Usuário: eduardo.jesus.3
30/07/2026 08:40:36: [PUT] Dados recebidos: {
30/07/2026 08:40:36:   anotacao: undefined,
30/07/2026 08:40:36:   status: 'aprovado',
30/07/2026 08:40:36:   auditoria_anotacao: undefined,
30/07/2026 08:40:36:   auditoria_status: undefined
30/07/2026 08:40:36: }
30/07/2026 08:40:36: [PUT] Linhas afetadas: 1
30/07/2026 08:40:36: [PUT] Cotação atualizada com sucesso: {
30/07/2026 08:40:36:   id_cotacao: 17990,
30/07/2026 08:40:36:   cotacao: 'Q6382824',
30/07/2026 08:40:36:   id_qldd: null,
30/07/2026 08:40:36:   anotacao: 'Tarefa: E001 - PME - 24.073.777/0001-44 | Fila: CPC - PME',
30/07/2026 08:40:36:   status: 'aprovado',
30/07/2026 08:40:36:   data_de_criacao: '30/07/2026 07:51',
30/07/2026 08:40:36:   data_da_ultima_atualizacao: '30/07/2026 08:40',
30/07/2026 08:40:36:   usuario_login: 'tuany.marques.3',
30/07/2026 08:40:36:   validacao: 'Ativo',
30/07/2026 08:40:36:   usuario_id: '200',
30/07/2026 08:40:36:   tarefa: '22894591',
30/07/2026 08:40:36:   origem: 'r_000250',
30/07/2026 08:40:36:   data_historico: 2026-07-29T14:13:40.000Z
30/07/2026 08:40:36: }
30/07/2026 08:40:41: [PUT] Atualizando cotação: 22894591
30/07/2026 08:40:41: [PUT] Usuário: eduardo.jesus.3
30/07/2026 08:40:41: [PUT] Dados recebidos: {
30/07/2026 08:40:41:   anotacao: 'aprovado',
30/07/2026 08:40:41:   status: 'aprovado',
30/07/2026 08:40:41:   auditoria_anotacao: '',
30/07/2026 08:40:41:   auditoria_status: ''
30/07/2026 08:40:41: }
30/07/2026 08:40:41: [PUT] Linhas afetadas: 1
30/07/2026 08:40:41: [PUT] Cotação atualizada com sucesso: {
30/07/2026 08:40:41:   id_cotacao: 17990,
30/07/2026 08:40:41:   cotacao: 'Q6382824',
30/07/2026 08:40:41:   id_qldd: null,
30/07/2026 08:40:41:   anotacao: 'aprovado',
30/07/2026 08:40:41:   status: 'aprovado',
30/07/2026 08:40:41:   data_de_criacao: '30/07/2026 07:51',
30/07/2026 08:40:41:   data_da_ultima_atualizacao: '30/07/2026 08:40',
30/07/2026 08:40:41:   usuario_login: 'tuany.marques.3',
30/07/2026 08:40:41:   validacao: 'Ativo',
30/07/2026 08:40:41:   usuario_id: '200',
30/07/2026 08:40:41:   tarefa: '22894591',
30/07/2026 08:40:41:   origem: 'r_000250',
30/07/2026 08:40:41:   data_historico: 2026-07-29T14:13:40.000Z
30/07/2026 08:40:41: }
30/07/2026 08:42:20: [PUT] Atualizando cotação: 22895183
30/07/2026 08:42:20: [PUT] Usuário: gustavo.sanches
30/07/2026 08:42:20: [PUT] Dados recebidos: {
30/07/2026 08:42:20:   anotacao: undefined,
30/07/2026 08:42:20:   status: 'aprovado',
30/07/2026 08:42:20:   auditoria_anotacao: undefined,
30/07/2026 08:42:20:   auditoria_status: undefined
30/07/2026 08:42:20: }
30/07/2026 08:42:20: [PUT] Linhas afetadas: 1
30/07/2026 08:42:20: [PUT] Cotação atualizada com sucesso: {
30/07/2026 08:42:20:   id_cotacao: 17964,
30/07/2026 08:42:20:   cotacao: 'Q6392333',
30/07/2026 08:42:20:   id_qldd: null,
30/07/2026 08:42:20:   anotacao: 'Tarefa: E001 - PME - 08.862.041/0001-07 | Fila: CPC - PME',
30/07/2026 08:42:20:   status: 'aprovado',
30/07/2026 08:42:20:   data_de_criacao: '30/07/2026 07:40',
30/07/2026 08:42:20:   data_da_ultima_atualizacao: '30/07/2026 08:42',
30/07/2026 08:42:20:   usuario_login: 'gustavo.sanches',
30/07/2026 08:42:20:   validacao: 'Ativo',
30/07/2026 08:42:20:   usuario_id: '134',
30/07/2026 08:42:20:   tarefa: '22895183',
30/07/2026 08:42:20:   origem: 'r_000250',
30/07/2026 08:42:20:   data_historico: 2026-07-29T15:43:51.000Z
30/07/2026 08:42:20: }
30/07/2026 08:42:20: [PUT] Atualizando cotação: 22894280
30/07/2026 08:42:20: [PUT] Usuário: erycka.oliveira.3
30/07/2026 08:42:20: [PUT] Dados recebidos: {
30/07/2026 08:42:20:   anotacao: undefined,
30/07/2026 08:42:20:   status: 'aprovado',
30/07/2026 08:42:20:   auditoria_anotacao: undefined,
30/07/2026 08:42:20:   auditoria_status: undefined
30/07/2026 08:42:20: }
30/07/2026 08:42:20: [PUT] Linhas afetadas: 1
30/07/2026 08:42:20: [PUT] Cotação atualizada com sucesso: {
30/07/2026 08:42:20:   id_cotacao: 17926,
30/07/2026 08:42:20:   cotacao: 'Q6391556',
30/07/2026 08:42:20:   id_qldd: null,
30/07/2026 08:42:20:   anotacao: 'Tarefa: E001 - PME - 44.283.952/0001-35 | Fila: CPC - PME',
30/07/2026 08:42:20:   status: 'aprovado',
30/07/2026 08:42:20:   data_de_criacao: '30/07/2026 07:32',
30/07/2026 08:42:20:   data_da_ultima_atualizacao: '30/07/2026 08:42',
30/07/2026 08:42:20:   usuario_login: 'tuany.marques.3',
30/07/2026 08:42:20:   validacao: 'Ativo',
30/07/2026 08:42:20:   usuario_id: '131',
30/07/2026 08:42:20:   tarefa: '22894280',
30/07/2026 08:42:20:   origem: 'r_000250',
30/07/2026 08:42:20:   data_historico: 2026-07-29T13:27:09.000Z
30/07/2026 08:42:20: }
30/07/2026 08:43:15: [PUT] Atualizando cotação: 22894596
30/07/2026 08:43:15: [PUT] Usuário: eduardo.jesus.3
30/07/2026 08:43:15: [PUT] Dados recebidos: {
30/07/2026 08:43:15:   anotacao: undefined,
30/07/2026 08:43:15:   status: 'aprovado',
30/07/2026 08:43:15:   auditoria_anotacao: undefined,
30/07/2026 08:43:15:   auditoria_status: undefined
30/07/2026 08:43:15: }
30/07/2026 08:43:15: [PUT] Linhas afetadas: 1
30/07/2026 08:43:15: [PUT] Cotação atualizada com sucesso: {
30/07/2026 08:43:15:   id_cotacao: 17991,
30/07/2026 08:43:15:   cotacao: 'Q6392036',
30/07/2026 08:43:15:   id_qldd: null,
30/07/2026 08:43:15:   anotacao: 'Tarefa: E001 - PME - 49.698.898/0001-02 | Fila: CPC - PME',
30/07/2026 08:43:15:   status: 'aprovado',
30/07/2026 08:43:15:   data_de_criacao: '30/07/2026 07:51',
30/07/2026 08:43:15:   data_da_ultima_atualizacao: '30/07/2026 08:43',
30/07/2026 08:43:15:   usuario_login: 'tuany.marques.3',
30/07/2026 08:43:15:   validacao: 'Ativo',
30/07/2026 08:43:15:   usuario_id: '200',
30/07/2026 08:43:15:   tarefa: '22894596',
30/07/2026 08:43:15:   origem: 'r_000250',
30/07/2026 08:43:15:   data_historico: 2026-07-29T14:14:44.000Z
30/07/2026 08:43:15: }
30/07/2026 08:43:19: [PUT] Atualizando cotação: 22894596
30/07/2026 08:43:19: [PUT] Usuário: eduardo.jesus.3
30/07/2026 08:43:19: [PUT] Dados recebidos: {
30/07/2026 08:43:19:   anotacao: 'aprovado',
30/07/2026 08:43:19:   status: 'aprovado',
30/07/2026 08:43:19:   auditoria_anotacao: '',
30/07/2026 08:43:19:   auditoria_status: ''
30/07/2026 08:43:19: }
30/07/2026 08:43:19: [PUT] Linhas afetadas: 1
30/07/2026 08:43:19: [PUT] Cotação atualizada com sucesso: {
30/07/2026 08:43:19:   id_cotacao: 17991,
30/07/2026 08:43:19:   cotacao: 'Q6392036',
30/07/2026 08:43:19:   id_qldd: null,
30/07/2026 08:43:19:   anotacao: 'aprovado',
30/07/2026 08:43:19:   status: 'aprovado',
30/07/2026 08:43:19:   data_de_criacao: '30/07/2026 07:51',
30/07/2026 08:43:19:   data_da_ultima_atualizacao: '30/07/2026 08:43',
30/07/2026 08:43:19:   usuario_login: 'tuany.marques.3',
30/07/2026 08:43:19:   validacao: 'Ativo',
30/07/2026 08:43:19:   usuario_id: '200',
30/07/2026 08:43:19:   tarefa: '22894596',
30/07/2026 08:43:19:   origem: 'r_000250',
30/07/2026 08:43:19:   data_historico: 2026-07-29T14:14:44.000Z
30/07/2026 08:43:19: }
30/07/2026 08:43:50: [PUT] Atualizando cotação: 22894269
30/07/2026 08:43:50: [PUT] Usuário: samanta.andrade
30/07/2026 08:43:50: [PUT] Dados recebidos: {
30/07/2026 08:43:50:   anotacao: undefined,
30/07/2026 08:43:50:   status: 'assumido',
30/07/2026 08:43:50:   auditoria_anotacao: undefined,
30/07/2026 08:43:50:   auditoria_status: undefined
30/07/2026 08:43:50: }
30/07/2026 08:43:50: [PUT] Linhas afetadas: 1
30/07/2026 08:43:50: [PUT] Cotação atualizada com sucesso: {
30/07/2026 08:43:50:   id_cotacao: 17924,
30/07/2026 08:43:50:   cotacao: 'Q6391806',
30/07/2026 08:43:50:   id_qldd: null,
30/07/2026 08:43:50:   anotacao: 'Tarefa: E001 - PME - 08.064.835/0001-17 | Fila: CPC - PME',
30/07/2026 08:43:50:   status: 'assumido',
30/07/2026 08:43:50:   data_de_criacao: '30/07/2026 07:25',
30/07/2026 08:43:50:   data_da_ultima_atualizacao: '30/07/2026 08:43',
30/07/2026 08:43:50:   usuario_login: 'tuany.marques.3',
30/07/2026 08:43:50:   validacao: 'Ativo',
30/07/2026 08:43:50:   usuario_id: '150',
30/07/2026 08:43:50:   tarefa: '22894269',
30/07/2026 08:43:50:   origem: 'r_000250',
30/07/2026 08:43:50:   data_historico: 2026-07-29T13:24:40.000Z
30/07/2026 08:43:50: }
30/07/2026 08:43:55: [PUT] Atualizando cotação: 22894355
30/07/2026 08:43:55: [PUT] Usuário: karen.santos.3
30/07/2026 08:43:55: [PUT] Dados recebidos: {
30/07/2026 08:43:55:   anotacao: undefined,
30/07/2026 08:43:55:   status: 'aprovado',
30/07/2026 08:43:55:   auditoria_anotacao: undefined,
30/07/2026 08:43:55:   auditoria_status: undefined
30/07/2026 08:43:55: }
30/07/2026 08:43:55: [PUT] Linhas afetadas: 1
30/07/2026 08:43:55: [PUT] Cotação atualizada com sucesso: {
30/07/2026 08:43:55:   id_cotacao: 17935,
30/07/2026 08:43:55:   cotacao: 'Q6382178',
30/07/2026 08:43:55:   id_qldd: null,
30/07/2026 08:43:55:   anotacao: 'Tarefa: E001 - PME - 67.779.168/0001-18 | Fila: CPC - PME',
30/07/2026 08:43:55:   status: 'aprovado',
30/07/2026 08:43:55:   data_de_criacao: '30/07/2026 07:32',
30/07/2026 08:43:55:   data_da_ultima_atualizacao: '30/07/2026 08:43',
30/07/2026 08:43:55:   usuario_login: 'tuany.marques.3',
30/07/2026 08:43:55:   validacao: 'Ativo',
30/07/2026 08:43:55:   usuario_id: '136',
30/07/2026 08:43:55:   tarefa: '22894355',
30/07/2026 08:43:55:   origem: 'r_000250',
30/07/2026 08:43:55:   data_historico: 2026-07-29T13:40:38.000Z
30/07/2026 08:43:55: }
30/07/2026 08:43:58: [PUT] Atualizando cotação: 22894356
30/07/2026 08:43:58: [PUT] Usuário: karen.santos.3
30/07/2026 08:43:58: [PUT] Dados recebidos: {
30/07/2026 08:43:58:   anotacao: undefined,
30/07/2026 08:43:58:   status: 'assumido',
30/07/2026 08:43:58:   auditoria_anotacao: undefined,
30/07/2026 08:43:58:   auditoria_status: undefined
30/07/2026 08:43:58: }
30/07/2026 08:43:58: [PUT] Linhas afetadas: 1
30/07/2026 08:43:58: [PUT] Cotação atualizada com sucesso: {
30/07/2026 08:43:58:   id_cotacao: 17936,
30/07/2026 08:43:58:   cotacao: 'Q6376609',
30/07/2026 08:43:58:   id_qldd: null,
30/07/2026 08:43:58:   anotacao: 'Tarefa: E001 - PME - 11.783.643/0001-75 | Fila: CPC - PME',
30/07/2026 08:43:58:   status: 'assumido',
30/07/2026 08:43:58:   data_de_criacao: '30/07/2026 07:32',
30/07/2026 08:43:58:   data_da_ultima_atualizacao: '30/07/2026 08:43',
30/07/2026 08:43:58:   usuario_login: 'tuany.marques.3',
30/07/2026 08:43:58:   validacao: 'Ativo',
30/07/2026 08:43:58:   usuario_id: '136',
30/07/2026 08:43:58:   tarefa: '22894356',
30/07/2026 08:43:58:   origem: 'r_000250',
30/07/2026 08:43:58:   data_historico: 2026-07-29T13:40:41.000Z
30/07/2026 08:43:58: }
30/07/2026 08:45:20: [PUT] Atualizando cotação: 22894547
30/07/2026 08:45:20: [PUT] Usuário: maristela.martins
30/07/2026 08:45:20: [PUT] Dados recebidos: {
30/07/2026 08:45:20:   anotacao: undefined,
30/07/2026 08:45:20:   status: 'pendente-qualidade',
30/07/2026 08:45:20:   auditoria_anotacao: undefined,
30/07/2026 08:45:20:   auditoria_status: undefined
30/07/2026 08:45:20: }
30/07/2026 08:45:20: [PUT] Linhas afetadas: 1
30/07/2026 08:45:20: [PUT] Cotação atualizada com sucesso: {
30/07/2026 08:45:20:   id_cotacao: 17981,
30/07/2026 08:45:20:   cotacao: 'Q6391694',
30/07/2026 08:45:20:   id_qldd: null,
30/07/2026 08:45:20:   anotacao: 'Tarefa: E001 - PME - 52.210.262/0001-84 | Fila: CPC - PME',
30/07/2026 08:45:20:   status: 'pendente-qualidade',
30/07/2026 08:45:20:   data_de_criacao: '30/07/2026 07:50',
30/07/2026 08:45:20:   data_da_ultima_atualizacao: '30/07/2026 08:45',
30/07/2026 08:45:20:   usuario_login: 'tuany.marques.3',
30/07/2026 08:45:20:   validacao: 'Ativo',
30/07/2026 08:45:20:   usuario_id: '143',
30/07/2026 08:45:20:   tarefa: '22894547',
30/07/2026 08:45:20:   origem: 'r_000250',
30/07/2026 08:45:20:   data_historico: 2026-07-29T14:07:00.000Z
30/07/2026 08:45:20: }
30/07/2026 08:45:27: [PUT] Atualizando cotação: 22894269
30/07/2026 08:45:27: [PUT] Usuário: samanta.andrade
30/07/2026 08:45:27: [PUT] Dados recebidos: {
30/07/2026 08:45:27:   anotacao: undefined,
30/07/2026 08:45:27:   status: 'reprovado',
30/07/2026 08:45:27:   auditoria_anotacao: undefined,
30/07/2026 08:45:27:   auditoria_status: undefined
30/07/2026 08:45:27: }
30/07/2026 08:45:27: [PUT] Linhas afetadas: 1
30/07/2026 08:45:27: [PUT] Cotação atualizada com sucesso: {
30/07/2026 08:45:27:   id_cotacao: 17924,
30/07/2026 08:45:27:   cotacao: 'Q6391806',
30/07/2026 08:45:27:   id_qldd: null,
30/07/2026 08:45:27:   anotacao: 'Tarefa: E001 - PME - 08.064.835/0001-17 | Fila: CPC - PME',
30/07/2026 08:45:27:   status: 'reprovado',
30/07/2026 08:45:27:   data_de_criacao: '30/07/2026 07:25',
30/07/2026 08:45:27:   data_da_ultima_atualizacao: '30/07/2026 08:45',
30/07/2026 08:45:27:   usuario_login: 'tuany.marques.3',
30/07/2026 08:45:27:   validacao: 'Ativo',
30/07/2026 08:45:27:   usuario_id: '150',
30/07/2026 08:45:27:   tarefa: '22894269',
30/07/2026 08:45:27:   origem: 'r_000250',
30/07/2026 08:45:27:   data_historico: 2026-07-29T13:24:40.000Z
30/07/2026 08:45:27: }
30/07/2026 08:45:27: [PUT] Atualizando cotação: 22895198
30/07/2026 08:45:27: [PUT] Usuário: gustavo.sanches
30/07/2026 08:45:27: [PUT] Dados recebidos: {
30/07/2026 08:45:27:   anotacao: undefined,
30/07/2026 08:45:27:   status: 'aprovado',
30/07/2026 08:45:27:   auditoria_anotacao: undefined,
30/07/2026 08:45:27:   auditoria_status: undefined
30/07/2026 08:45:27: }
30/07/2026 08:45:27: [PUT] Linhas afetadas: 1
30/07/2026 08:45:27: [PUT] Cotação atualizada com sucesso: {
30/07/2026 08:45:27:   id_cotacao: 17963,
30/07/2026 08:45:27:   cotacao: 'Q6392293',
30/07/2026 08:45:27:   id_qldd: null,
30/07/2026 08:45:27:   anotacao: 'Tarefa: E001 - PME - 34.979.274/0002-77 | Fila: CPC - PME',
30/07/2026 08:45:27:   status: 'aprovado',
30/07/2026 08:45:27:   data_de_criacao: '30/07/2026 07:40',
30/07/2026 08:45:27:   data_da_ultima_atualizacao: '30/07/2026 08:45',
30/07/2026 08:45:27:   usuario_login: 'gustavo.sanches',
30/07/2026 08:45:27:   validacao: 'Ativo',
30/07/2026 08:45:27:   usuario_id: '134',
30/07/2026 08:45:27:   tarefa: '22895198',
30/07/2026 08:45:27:   origem: 'r_000250',
30/07/2026 08:45:27:   data_historico: 2026-07-29T15:46:24.000Z
30/07/2026 08:45:27: }
30/07/2026 08:45:47: [PUT] Atualizando cotação: 22894395
30/07/2026 08:45:47: [PUT] Usuário: samanta.andrade
30/07/2026 08:45:47: [PUT] Dados recebidos: {
30/07/2026 08:45:47:   anotacao: undefined,
30/07/2026 08:45:47:   status: 'assumido',
30/07/2026 08:45:47:   auditoria_anotacao: undefined,
30/07/2026 08:45:47:   auditoria_status: undefined
30/07/2026 08:45:47: }
30/07/2026 08:45:47: [PUT] Linhas afetadas: 1
30/07/2026 08:45:47: [PUT] Cotação atualizada com sucesso: {
30/07/2026 08:45:47:   id_cotacao: 17942,
30/07/2026 08:45:47:   cotacao: 'Q6391842',
30/07/2026 08:45:47:   id_qldd: null,
30/07/2026 08:45:47:   anotacao: 'Tarefa: E001 - PME - 80.911.365/0001-07 | Fila: CPC - PME',
30/07/2026 08:45:47:   status: 'assumido',
30/07/2026 08:45:47:   data_de_criacao: '30/07/2026 07:33',
30/07/2026 08:45:47:   data_da_ultima_atualizacao: '30/07/2026 08:45',
30/07/2026 08:45:47:   usuario_login: 'tuany.marques.3',
30/07/2026 08:45:47:   validacao: 'Ativo',
30/07/2026 08:45:47:   usuario_id: '150',
30/07/2026 08:45:47:   tarefa: '22894395',
30/07/2026 08:45:47:   origem: 'r_000250',
30/07/2026 08:45:47:   data_historico: 2026-07-29T13:45:43.000Z
30/07/2026 08:45:47: }
30/07/2026 08:45:52: [PUT] Atualizando cotação: 22894609
30/07/2026 08:45:52: [PUT] Usuário: eduardo.jesus.3
30/07/2026 08:45:52: [PUT] Dados recebidos: {
30/07/2026 08:45:52:   anotacao: undefined,
30/07/2026 08:45:52:   status: 'aprovado',
30/07/2026 08:45:52:   auditoria_anotacao: undefined,
30/07/2026 08:45:52:   auditoria_status: undefined
30/07/2026 08:45:52: }
30/07/2026 08:45:52: [PUT] Linhas afetadas: 1
30/07/2026 08:45:52: [PUT] Cotação atualizada com sucesso: {
30/07/2026 08:45:52:   id_cotacao: 17992,
30/07/2026 08:45:52:   cotacao: 'Q6391966',
30/07/2026 08:45:52:   id_qldd: null,
30/07/2026 08:45:52:   anotacao: 'Tarefa: E001 - PME - 00.461.560/0001-43 | Fila: CPC - PME',
30/07/2026 08:45:52:   status: 'aprovado',
30/07/2026 08:45:52:   data_de_criacao: '30/07/2026 07:51',
30/07/2026 08:45:52:   data_da_ultima_atualizacao: '30/07/2026 08:45',
30/07/2026 08:45:52:   usuario_login: 'tuany.marques.3',
30/07/2026 08:45:52:   validacao: 'Ativo',
30/07/2026 08:45:52:   usuario_id: '200',
30/07/2026 08:45:52:   tarefa: '22894609',
30/07/2026 08:45:52:   origem: 'r_000250',
30/07/2026 08:45:52:   data_historico: 2026-07-29T14:17:05.000Z
30/07/2026 08:45:52: }
30/07/2026 08:45:57: [PUT] Atualizando cotação: 22894609
30/07/2026 08:45:57: [PUT] Usuário: eduardo.jesus.3
30/07/2026 08:45:57: [PUT] Dados recebidos: {
30/07/2026 08:45:57:   anotacao: 'aprovado',
30/07/2026 08:45:57:   status: 'aprovado',
30/07/2026 08:45:57:   auditoria_anotacao: '',
30/07/2026 08:45:57:   auditoria_status: ''
30/07/2026 08:45:57: }
30/07/2026 08:45:57: [PUT] Linhas afetadas: 1
30/07/2026 08:45:57: [PUT] Cotação atualizada com sucesso: {
30/07/2026 08:45:57:   id_cotacao: 17992,
30/07/2026 08:45:57:   cotacao: 'Q6391966',
30/07/2026 08:45:57:   id_qldd: null,
30/07/2026 08:45:57:   anotacao: 'aprovado',
30/07/2026 08:45:57:   status: 'aprovado',
30/07/2026 08:45:57:   data_de_criacao: '30/07/2026 07:51',
30/07/2026 08:45:57:   data_da_ultima_atualizacao: '30/07/2026 08:45',
30/07/2026 08:45:57:   usuario_login: 'tuany.marques.3',
30/07/2026 08:45:57:   validacao: 'Ativo',
30/07/2026 08:45:57:   usuario_id: '200',
30/07/2026 08:45:57:   tarefa: '22894609',
30/07/2026 08:45:57:   origem: 'r_000250',
30/07/2026 08:45:57:   data_historico: 2026-07-29T14:17:05.000Z
30/07/2026 08:45:57: }
30/07/2026 08:47:43: [PUT] Atualizando cotação: 22894356
30/07/2026 08:47:43: [PUT] Usuário: karen.santos.3
30/07/2026 08:47:43: [PUT] Dados recebidos: {
30/07/2026 08:47:43:   anotacao: undefined,
30/07/2026 08:47:43:   status: 'aprovado',
30/07/2026 08:47:43:   auditoria_anotacao: undefined,
30/07/2026 08:47:43:   auditoria_status: undefined
30/07/2026 08:47:43: }
30/07/2026 08:47:43: [PUT] Linhas afetadas: 1
30/07/2026 08:47:43: [PUT] Cotação atualizada com sucesso: {
30/07/2026 08:47:43:   id_cotacao: 17936,
30/07/2026 08:47:43:   cotacao: 'Q6376609',
30/07/2026 08:47:43:   id_qldd: null,
30/07/2026 08:47:43:   anotacao: 'Tarefa: E001 - PME - 11.783.643/0001-75 | Fila: CPC - PME',
30/07/2026 08:47:43:   status: 'aprovado',
30/07/2026 08:47:43:   data_de_criacao: '30/07/2026 07:32',
30/07/2026 08:47:43:   data_da_ultima_atualizacao: '30/07/2026 08:47',
30/07/2026 08:47:43:   usuario_login: 'tuany.marques.3',
30/07/2026 08:47:43:   validacao: 'Ativo',
30/07/2026 08:47:43:   usuario_id: '136',
30/07/2026 08:47:43:   tarefa: '22894356',
30/07/2026 08:47:43:   origem: 'r_000250',
30/07/2026 08:47:43:   data_historico: 2026-07-29T13:40:41.000Z
30/07/2026 08:47:43: }
30/07/2026 08:48:58: [PUT] Atualizando cotação: 22894169
30/07/2026 08:48:58: [PUT] Usuário: rita.meira.3
30/07/2026 08:48:58: [PUT] Dados recebidos: {
30/07/2026 08:48:58:   anotacao: undefined,
30/07/2026 08:48:58:   status: 'aprovado',
30/07/2026 08:48:58:   auditoria_anotacao: undefined,
30/07/2026 08:48:58:   auditoria_status: undefined
30/07/2026 08:48:58: }
30/07/2026 08:48:58: [PUT] Linhas afetadas: 1
30/07/2026 08:48:58: [PUT] Cotação atualizada com sucesso: {
30/07/2026 08:48:58:   id_cotacao: 17901,
30/07/2026 08:48:58:   cotacao: 'Q6391712',
30/07/2026 08:48:58:   id_qldd: null,
30/07/2026 08:48:58:   anotacao: 'Tarefa: E001 - PME - 04.893.161/0001-02 | Fila: CPC - PME',
30/07/2026 08:48:58:   status: 'aprovado',
30/07/2026 08:48:58:   data_de_criacao: '30/07/2026 07:17',
30/07/2026 08:48:58:   data_da_ultima_atualizacao: '30/07/2026 08:48',
30/07/2026 08:48:58:   usuario_login: 'tuany.marques.3',
30/07/2026 08:48:58:   validacao: 'Ativo',
30/07/2026 08:48:58:   usuario_id: '147',
30/07/2026 08:48:58:   tarefa: '22894169',
30/07/2026 08:48:58:   origem: 'r_000250',
30/07/2026 08:48:58:   data_historico: 2026-07-29T13:09:54.000Z
30/07/2026 08:48:58: }
30/07/2026 08:49:48: [PUT] Atualizando cotação: 22894540
30/07/2026 08:49:48: [PUT] Usuário: maristela.martins
30/07/2026 08:49:48: [PUT] Dados recebidos: {
30/07/2026 08:49:48:   anotacao: undefined,
30/07/2026 08:49:48:   status: 'reprovado',
30/07/2026 08:49:48:   auditoria_anotacao: undefined,
30/07/2026 08:49:48:   auditoria_status: undefined
30/07/2026 08:49:48: }
30/07/2026 08:49:48: [PUT] Linhas afetadas: 1
30/07/2026 08:49:48: [PUT] Cotação atualizada com sucesso: {
30/07/2026 08:49:48:   id_cotacao: 17980,
30/07/2026 08:49:48:   cotacao: 'Q6392077',
30/07/2026 08:49:48:   id_qldd: null,
30/07/2026 08:49:48:   anotacao: 'Tarefa: E001 - PME - 08.629.032/0001-62 | Fila: CPC - PME',
30/07/2026 08:49:48:   status: 'reprovado',
30/07/2026 08:49:48:   data_de_criacao: '30/07/2026 07:50',
30/07/2026 08:49:48:   data_da_ultima_atualizacao: '30/07/2026 08:49',
30/07/2026 08:49:48:   usuario_login: 'tuany.marques.3',
30/07/2026 08:49:48:   validacao: 'Ativo',
30/07/2026 08:49:48:   usuario_id: '143',
30/07/2026 08:49:48:   tarefa: '22894540',
30/07/2026 08:49:48:   origem: 'r_000250',
30/07/2026 08:49:48:   data_historico: 2026-07-29T14:05:29.000Z
30/07/2026 08:49:48: }
30/07/2026 08:49:54: [PUT] Atualizando cotação: 22894540
30/07/2026 08:49:54: [PUT] Usuário: maristela.martins
30/07/2026 08:49:54: [PUT] Dados recebidos: {
30/07/2026 08:49:54:   anotacao: 'Tarefa: E001 - PME - 08.629.032/0001-62 | Fila: CPC - PME\n' +
30/07/2026 08:49:54:     '\n' +
30/07/2026 08:49:54:     '> Na cotação detalhada o PJ Pacote Mobilidade Combo não foi inserido na Ordem Assinante 1629748423 divergindo do informado do TCPJ e Ofertas Vigentes.  ** SVA não inserido**\n' +
30/07/2026 08:49:54:     '\n' +
30/07/2026 08:49:54:     '> De acordo com o POP6100 no campo titulo devem constar: Tipo de Pedido + ou Numero da Cotação ou data de extração da planilha de produtos instalados dentro do CPC. No campo descrição deve constar a data de extração respeitando o prazo de 10 dias uteis. **Produtos Instalados // Título // Descrição*\n',
30/07/2026 08:49:54:   status: 'reprovado',
30/07/2026 08:49:54:   auditoria_anotacao: '',
30/07/2026 08:49:54:   auditoria_status: ''
30/07/2026 08:49:54: }
30/07/2026 08:49:54: [PUT] Linhas afetadas: 1
30/07/2026 08:49:54: [PUT] Cotação atualizada com sucesso: {
30/07/2026 08:49:54:   id_cotacao: 17980,
30/07/2026 08:49:54:   cotacao: 'Q6392077',
30/07/2026 08:49:54:   id_qldd: null,
30/07/2026 08:49:54:   anotacao: 'Tarefa: E001 - PME - 08.629.032/0001-62 | Fila: CPC - PME\n' +
30/07/2026 08:49:54:     '\n' +
30/07/2026 08:49:54:     '> Na cotação detalhada o PJ Pacote Mobilidade Combo não foi inserido na Ordem Assinante 1629748423 divergindo do informado do TCPJ e Ofertas Vigentes.  ** SVA não inserido**\n' +
30/07/2026 08:49:54:     '\n' +
30/07/2026 08:49:54:     '> De acordo com o POP6100 no campo titulo devem constar: Tipo de Pedido + ou Numero da Cotação ou data de extração da planilha de produtos instalados dentro do CPC. No campo descrição deve constar a data de extração respeitando o prazo de 10 dias uteis. **Produtos Instalados // Título // Descrição*\n',
30/07/2026 08:49:54:   status: 'reprovado',
30/07/2026 08:49:54:   data_de_criacao: '30/07/2026 07:50',
30/07/2026 08:49:54:   data_da_ultima_atualizacao: '30/07/2026 08:49',
30/07/2026 08:49:54:   usuario_login: 'tuany.marques.3',
30/07/2026 08:49:54:   validacao: 'Ativo',
30/07/2026 08:49:54:   usuario_id: '143',
30/07/2026 08:49:54:   tarefa: '22894540',
30/07/2026 08:49:54:   origem: 'r_000250',
30/07/2026 08:49:54:   data_historico: 2026-07-29T14:05:29.000Z
30/07/2026 08:49:54: }
30/07/2026 08:50:13: [PUT] Atualizando cotação: 22895424
30/07/2026 08:50:13: [PUT] Usuário: gustavo.sanches
30/07/2026 08:50:13: [PUT] Dados recebidos: {
30/07/2026 08:50:13:   anotacao: undefined,
30/07/2026 08:50:13:   status: 'reprovado',
30/07/2026 08:50:13:   auditoria_anotacao: undefined,
30/07/2026 08:50:13:   auditoria_status: undefined
30/07/2026 08:50:13: }
30/07/2026 08:50:13: [PUT] Linhas afetadas: 1
30/07/2026 08:50:13: [PUT] Cotação atualizada com sucesso: {
30/07/2026 08:50:13:   id_cotacao: 17962,
30/07/2026 08:50:13:   cotacao: 'Q6392108',
30/07/2026 08:50:13:   id_qldd: null,
30/07/2026 08:50:13:   anotacao: 'Tarefa: E001 - PME - 43.626.014/0001-28 | Fila: CPC - PME',
30/07/2026 08:50:13:   status: 'reprovado',
30/07/2026 08:50:13:   data_de_criacao: '30/07/2026 07:40',
30/07/2026 08:50:13:   data_da_ultima_atualizacao: '30/07/2026 08:50',
30/07/2026 08:50:13:   usuario_login: 'gustavo.sanches',
30/07/2026 08:50:13:   validacao: 'Ativo',
30/07/2026 08:50:13:   usuario_id: '134',
30/07/2026 08:50:13:   tarefa: '22895424',
30/07/2026 08:50:13:   origem: 'r_000250',
30/07/2026 08:50:13:   data_historico: 2026-07-29T16:43:25.000Z
30/07/2026 08:50:13: }
30/07/2026 08:50:30: [PUT] Atualizando cotação: 22894613
30/07/2026 08:50:30: [PUT] Usuário: eduardo.jesus.3
30/07/2026 08:50:30: [PUT] Dados recebidos: {
30/07/2026 08:50:30:   anotacao: undefined,
30/07/2026 08:50:30:   status: 'reprovado',
30/07/2026 08:50:30:   auditoria_anotacao: undefined,
30/07/2026 08:50:30:   auditoria_status: undefined
30/07/2026 08:50:30: }
30/07/2026 08:50:30: [PUT] Linhas afetadas: 1
30/07/2026 08:50:30: [PUT] Cotação atualizada com sucesso: {
30/07/2026 08:50:30:   id_cotacao: 17993,
30/07/2026 08:50:30:   cotacao: 'Q6391473',
30/07/2026 08:50:30:   id_qldd: null,
30/07/2026 08:50:30:   anotacao: 'Tarefa: E001 - PME - 45.422.661/0001-43 | Fila: CPC - PME',
30/07/2026 08:50:30:   status: 'reprovado',
30/07/2026 08:50:30:   data_de_criacao: '30/07/2026 07:51',
30/07/2026 08:50:30:   data_da_ultima_atualizacao: '30/07/2026 08:50',
30/07/2026 08:50:30:   usuario_login: 'tuany.marques.3',
30/07/2026 08:50:30:   validacao: 'Ativo',
30/07/2026 08:50:30:   usuario_id: '200',
30/07/2026 08:50:30:   tarefa: '22894613',
30/07/2026 08:50:30:   origem: 'r_000250',
30/07/2026 08:50:30:   data_historico: 2026-07-29T14:17:26.000Z
30/07/2026 08:50:30: }
30/07/2026 08:50:34: [PUT] Atualizando cotação: 22894613
30/07/2026 08:50:34: [PUT] Usuário: eduardo.jesus.3
30/07/2026 08:50:34: [PUT] Dados recebidos: {
30/07/2026 08:50:34:   anotacao: '> A etiqueta referente à franquia contratada [plano internet wi-fi 10gb] não foi enviada. É necessário enviar uma etiqueta para cada franquia.**Etiqueta Incompleta**',
30/07/2026 08:50:34:   status: 'reprovado',
30/07/2026 08:50:34:   auditoria_anotacao: '',
30/07/2026 08:50:34:   auditoria_status: ''
30/07/2026 08:50:34: }
30/07/2026 08:50:34: [PUT] Linhas afetadas: 1
30/07/2026 08:50:34: [PUT] Cotação atualizada com sucesso: {
30/07/2026 08:50:34:   id_cotacao: 17993,
30/07/2026 08:50:34:   cotacao: 'Q6391473',
30/07/2026 08:50:34:   id_qldd: null,
30/07/2026 08:50:34:   anotacao: '> A etiqueta referente à franquia contratada [plano internet wi-fi 10gb] não foi enviada. É necessário enviar uma etiqueta para cada franquia.**Etiqueta Incompleta**',
30/07/2026 08:50:34:   status: 'reprovado',
30/07/2026 08:50:34:   data_de_criacao: '30/07/2026 07:51',
30/07/2026 08:50:34:   data_da_ultima_atualizacao: '30/07/2026 08:50',
30/07/2026 08:50:34:   usuario_login: 'tuany.marques.3',
30/07/2026 08:50:34:   validacao: 'Ativo',
30/07/2026 08:50:34:   usuario_id: '200',
30/07/2026 08:50:34:   tarefa: '22894613',
30/07/2026 08:50:34:   origem: 'r_000250',
30/07/2026 08:50:34:   data_historico: 2026-07-29T14:17:26.000Z
30/07/2026 08:50:34: }
30/07/2026 08:52:04: [PUT] Atualizando cotação: 22894226
30/07/2026 08:52:04: [PUT] Usuário: luiza.franco.3
30/07/2026 08:52:04: [PUT] Dados recebidos: {
30/07/2026 08:52:04:   anotacao: undefined,
30/07/2026 08:52:04:   status: 'aprovado',
30/07/2026 08:52:04:   auditoria_anotacao: undefined,
30/07/2026 08:52:04:   auditoria_status: undefined
30/07/2026 08:52:04: }
30/07/2026 08:52:05: [PUT] Linhas afetadas: 1
30/07/2026 08:52:05: [PUT] Cotação atualizada com sucesso: {
30/07/2026 08:52:05:   id_cotacao: 17914,
30/07/2026 08:52:05:   cotacao: 'Q6391636',
30/07/2026 08:52:05:   id_qldd: null,
30/07/2026 08:52:05:   anotacao: 'Tarefa: E001 - PME - 09.244.985/0001-75 | Fila: CPC - PME',
30/07/2026 08:52:05:   status: 'aprovado',
30/07/2026 08:52:05:   data_de_criacao: '30/07/2026 07:23',
30/07/2026 08:52:05:   data_da_ultima_atualizacao: '30/07/2026 08:52',
30/07/2026 08:52:05:   usuario_login: 'tuany.marques.3',
30/07/2026 08:52:05:   validacao: 'Ativo',
30/07/2026 08:52:05:   usuario_id: '140',
30/07/2026 08:52:05:   tarefa: '22894226',
30/07/2026 08:52:05:   origem: 'r_000250',
30/07/2026 08:52:05:   data_historico: 2026-07-29T13:18:27.000Z
30/07/2026 08:52:05: }
30/07/2026 08:53:41: [PUT] Atualizando cotação: 22894732
30/07/2026 08:53:41: [PUT] Usuário: eduardo.jesus.3
30/07/2026 08:53:41: [PUT] Dados recebidos: {
30/07/2026 08:53:41:   anotacao: undefined,
30/07/2026 08:53:41:   status: 'reprovado',
30/07/2026 08:53:41:   auditoria_anotacao: undefined,
30/07/2026 08:53:41:   auditoria_status: undefined
30/07/2026 08:53:41: }
30/07/2026 08:53:41: [PUT] Linhas afetadas: 1
30/07/2026 08:53:41: [PUT] Cotação atualizada com sucesso: {
30/07/2026 08:53:41:   id_cotacao: 18024,
30/07/2026 08:53:41:   cotacao: 'Q6392147',
30/07/2026 08:53:41:   id_qldd: null,
30/07/2026 08:53:41:   anotacao: 'Tarefa: E001 - PME - 26.424.439/0001-35 | Fila: CPC - PME',
30/07/2026 08:53:41:   status: 'reprovado',
30/07/2026 08:53:41:   data_de_criacao: '30/07/2026 08:45',
30/07/2026 08:53:41:   data_da_ultima_atualizacao: '30/07/2026 08:53',
30/07/2026 08:53:41:   usuario_login: 'tuany.marques.3',
30/07/2026 08:53:41:   validacao: 'Ativo',
30/07/2026 08:53:41:   usuario_id: '200',
30/07/2026 08:53:41:   tarefa: '22894732',
30/07/2026 08:53:41:   origem: 'r_000250',
30/07/2026 08:53:41:   data_historico: 2026-07-29T14:35:21.000Z
30/07/2026 08:53:41: }
30/07/2026 08:53:44: [PUT] Atualizando cotação: 22894732
30/07/2026 08:53:44: [PUT] Usuário: eduardo.jesus.3
30/07/2026 08:53:44: [PUT] Dados recebidos: {
30/07/2026 08:53:44:   anotacao: '> a etiqueta anexada do plano claro pos 25 gb, no campo fidelização informa 36 meses, divergindo do book de ofertas onde informa 24 meses.',
30/07/2026 08:53:44:   status: 'reprovado',
30/07/2026 08:53:44:   auditoria_anotacao: '',
30/07/2026 08:53:44:   auditoria_status: ''
30/07/2026 08:53:44: }
30/07/2026 08:53:44: [PUT] Linhas afetadas: 1
30/07/2026 08:53:44: [PUT] Cotação atualizada com sucesso: {
30/07/2026 08:53:44:   id_cotacao: 18024,
30/07/2026 08:53:44:   cotacao: 'Q6392147',
30/07/2026 08:53:44:   id_qldd: null,
30/07/2026 08:53:44:   anotacao: '> a etiqueta anexada do plano claro pos 25 gb, no campo fidelização informa 36 meses, divergindo do book de ofertas onde informa 24 meses.',
30/07/2026 08:53:44:   status: 'reprovado',
30/07/2026 08:53:44:   data_de_criacao: '30/07/2026 08:45',
30/07/2026 08:53:44:   data_da_ultima_atualizacao: '30/07/2026 08:53',
30/07/2026 08:53:44:   usuario_login: 'tuany.marques.3',
30/07/2026 08:53:44:   validacao: 'Ativo',
30/07/2026 08:53:44:   usuario_id: '200',
30/07/2026 08:53:44:   tarefa: '22894732',
30/07/2026 08:53:44:   origem: 'r_000250',
30/07/2026 08:53:44:   data_historico: 2026-07-29T14:35:21.000Z
30/07/2026 08:53:44: }
30/07/2026 08:54:11: [PUT] Atualizando cotação: 22894198
30/07/2026 08:54:11: [PUT] Usuário: yasmin.santana
30/07/2026 08:54:11: [PUT] Dados recebidos: {
30/07/2026 08:54:11:   anotacao: undefined,
30/07/2026 08:54:11:   status: 'assumido',
30/07/2026 08:54:11:   auditoria_anotacao: undefined,
30/07/2026 08:54:11:   auditoria_status: undefined
30/07/2026 08:54:11: }
30/07/2026 08:54:11: [PUT] Linhas afetadas: 1
30/07/2026 08:54:11: [PUT] Cotação atualizada com sucesso: {
30/07/2026 08:54:11:   id_cotacao: 17908,
30/07/2026 08:54:11:   cotacao: 'Q6390380',
30/07/2026 08:54:11:   id_qldd: null,
30/07/2026 08:54:11:   anotacao: 'Tarefa: E001 - PME - 38.597.102/0001-09 | Fila: CPC - PME',
30/07/2026 08:54:11:   status: 'assumido',
30/07/2026 08:54:11:   data_de_criacao: '30/07/2026 07:18',
30/07/2026 08:54:11:   data_da_ultima_atualizacao: '30/07/2026 08:54',
30/07/2026 08:54:11:   usuario_login: 'tuany.marques.3',
30/07/2026 08:54:11:   validacao: 'Ativo',
30/07/2026 08:54:11:   usuario_id: '156',
30/07/2026 08:54:11:   tarefa: '22894198',
30/07/2026 08:54:11:   origem: 'r_000250',
30/07/2026 08:54:11:   data_historico: 2026-07-29T13:13:58.000Z
30/07/2026 08:54:11: }
30/07/2026 08:54:15: [PUT] Atualizando cotação: 22894198
30/07/2026 08:54:15: [PUT] Usuário: yasmin.santana
30/07/2026 08:54:15: [PUT] Dados recebidos: {
30/07/2026 08:54:15:   anotacao: '> O documento CNH encaminhado não está dentro dos padrões aceitos para análise pois a partir de 01/04/2022 em que o documento do sócio enviado for a CNH, deverá ser obrigatoriamente validado o envio do QRCode nas CNH’s emitidas a partir de 01/05/2017, tanto no formato impresso, quanto digital. OBS: É necessário enviar os dois lados do documento no mesmo anexo.**Documento CNH QRCode**',
30/07/2026 08:54:15:   status: 'assumido',
30/07/2026 08:54:15:   auditoria_anotacao: '',
30/07/2026 08:54:15:   auditoria_status: ''
30/07/2026 08:54:15: }
30/07/2026 08:54:15: [PUT] Linhas afetadas: 1
30/07/2026 08:54:15: [PUT] Cotação atualizada com sucesso: {
30/07/2026 08:54:15:   id_cotacao: 17908,
30/07/2026 08:54:15:   cotacao: 'Q6390380',
30/07/2026 08:54:15:   id_qldd: null,
30/07/2026 08:54:15:   anotacao: '> O documento CNH encaminhado não está dentro dos padrões aceitos para análise pois a partir de 01/04/2022 em que o documento do sócio enviado for a CNH, deverá ser obrigatoriamente validado o envio do QRCode nas CNH’s emitidas a partir de 01/05/2017, tanto no formato impresso, quanto digital. OBS: É necessário enviar os dois lados do documento no mesmo anexo.**Documento CNH QRCode**',
30/07/2026 08:54:15:   status: 'assumido',
30/07/2026 08:54:15:   data_de_criacao: '30/07/2026 07:18',
30/07/2026 08:54:15:   data_da_ultima_atualizacao: '30/07/2026 08:54',
30/07/2026 08:54:15:   usuario_login: 'tuany.marques.3',
30/07/2026 08:54:15:   validacao: 'Ativo',
30/07/2026 08:54:15:   usuario_id: '156',
30/07/2026 08:54:15:   tarefa: '22894198',
30/07/2026 08:54:15:   origem: 'r_000250',
30/07/2026 08:54:15:   data_historico: 2026-07-29T13:13:58.000Z
30/07/2026 08:54:15: }
30/07/2026 08:55:06: [PUT] Atualizando cotação: 22894198
30/07/2026 08:55:06: [PUT] Usuário: yasmin.santana
30/07/2026 08:55:06: [PUT] Dados recebidos: {
30/07/2026 08:55:06:   anotacao: undefined,
30/07/2026 08:55:06:   status: 'reprovado',
30/07/2026 08:55:06:   auditoria_anotacao: undefined,
30/07/2026 08:55:06:   auditoria_status: undefined
30/07/2026 08:55:06: }
30/07/2026 08:55:06: [PUT] Linhas afetadas: 1
30/07/2026 08:55:06: [PUT] Cotação atualizada com sucesso: {
30/07/2026 08:55:06:   id_cotacao: 17908,
30/07/2026 08:55:06:   cotacao: 'Q6390380',
30/07/2026 08:55:06:   id_qldd: null,
30/07/2026 08:55:06:   anotacao: '> O documento CNH encaminhado não está dentro dos padrões aceitos para análise pois a partir de 01/04/2022 em que o documento do sócio enviado for a CNH, deverá ser obrigatoriamente validado o envio do QRCode nas CNH’s emitidas a partir de 01/05/2017, tanto no formato impresso, quanto digital. OBS: É necessário enviar os dois lados do documento no mesmo anexo.**Documento CNH QRCode**',
30/07/2026 08:55:06:   status: 'reprovado',
30/07/2026 08:55:06:   data_de_criacao: '30/07/2026 07:18',
30/07/2026 08:55:06:   data_da_ultima_atualizacao: '30/07/2026 08:55',
30/07/2026 08:55:06:   usuario_login: 'tuany.marques.3',
30/07/2026 08:55:06:   validacao: 'Ativo',
30/07/2026 08:55:06:   usuario_id: '156',
30/07/2026 08:55:06:   tarefa: '22894198',
30/07/2026 08:55:06:   origem: 'r_000250',
30/07/2026 08:55:06:   data_historico: 2026-07-29T13:13:58.000Z
30/07/2026 08:55:06: }
30/07/2026 08:55:10: [PUT] Atualizando cotação: 22894198
30/07/2026 08:55:10: [PUT] Usuário: yasmin.santana
30/07/2026 08:55:10: [PUT] Dados recebidos: {
30/07/2026 08:55:10:   anotacao: '> O documento CNH encaminhado não está dentro dos padrões aceitos para análise pois a partir de 01/04/2022 em que o documento do sócio enviado for a CNH, deverá ser obrigatoriamente validado o envio do QRCode nas CNH’s emitidas a partir de 01/05/2017, tanto no formato impresso, quanto digital. OBS: É necessário enviar os dois lados do documento no mesmo anexo.**Documento CNH QRCode**',
30/07/2026 08:55:10:   status: 'reprovado',
30/07/2026 08:55:10:   auditoria_anotacao: '',
30/07/2026 08:55:10:   auditoria_status: ''
30/07/2026 08:55:10: }
30/07/2026 08:55:10: [PUT] Linhas afetadas: 1
30/07/2026 08:55:10: [PUT] Cotação atualizada com sucesso: {
30/07/2026 08:55:10:   id_cotacao: 17908,
30/07/2026 08:55:10:   cotacao: 'Q6390380',
30/07/2026 08:55:10:   id_qldd: null,
30/07/2026 08:55:10:   anotacao: '> O documento CNH encaminhado não está dentro dos padrões aceitos para análise pois a partir de 01/04/2022 em que o documento do sócio enviado for a CNH, deverá ser obrigatoriamente validado o envio do QRCode nas CNH’s emitidas a partir de 01/05/2017, tanto no formato impresso, quanto digital. OBS: É necessário enviar os dois lados do documento no mesmo anexo.**Documento CNH QRCode**',
30/07/2026 08:55:10:   status: 'reprovado',
30/07/2026 08:55:10:   data_de_criacao: '30/07/2026 07:18',
30/07/2026 08:55:10:   data_da_ultima_atualizacao: '30/07/2026 08:55',
30/07/2026 08:55:10:   usuario_login: 'tuany.marques.3',
30/07/2026 08:55:10:   validacao: 'Ativo',
30/07/2026 08:55:10:   usuario_id: '156',
30/07/2026 08:55:10:   tarefa: '22894198',
30/07/2026 08:55:10:   origem: 'r_000250',
30/07/2026 08:55:10:   data_historico: 2026-07-29T13:13:58.000Z
30/07/2026 08:55:10: }
30/07/2026 08:55:57: [PUT] Atualizando cotação: 22894539
30/07/2026 08:55:57: [PUT] Usuário: maristela.martins
30/07/2026 08:55:57: [PUT] Dados recebidos: {
30/07/2026 08:55:57:   anotacao: undefined,
30/07/2026 08:55:57:   status: 'aprovado',
30/07/2026 08:55:57:   auditoria_anotacao: undefined,
30/07/2026 08:55:57:   auditoria_status: undefined
30/07/2026 08:55:57: }
30/07/2026 08:55:57: [PUT] Linhas afetadas: 1
30/07/2026 08:55:57: [PUT] Cotação atualizada com sucesso: {
30/07/2026 08:55:57:   id_cotacao: 17979,
30/07/2026 08:55:57:   cotacao: 'Q6391861',
30/07/2026 08:55:57:   id_qldd: null,
30/07/2026 08:55:57:   anotacao: 'Tarefa: E001 - PME - 47.103.636/0001-22 | Fila: CPC - PME',
30/07/2026 08:55:57:   status: 'aprovado',
30/07/2026 08:55:57:   data_de_criacao: '30/07/2026 07:50',
30/07/2026 08:55:57:   data_da_ultima_atualizacao: '30/07/2026 08:55',
30/07/2026 08:55:57:   usuario_login: 'tuany.marques.3',
30/07/2026 08:55:57:   validacao: 'Ativo',
30/07/2026 08:55:57:   usuario_id: '143',
30/07/2026 08:55:57:   tarefa: '22894539',
30/07/2026 08:55:57:   origem: 'r_000250',
30/07/2026 08:55:57:   data_historico: 2026-07-29T14:05:29.000Z
30/07/2026 08:55:57: }
30/07/2026 08:56:07: [PUT] Atualizando cotação: 22894193
30/07/2026 08:56:07: [PUT] Usuário: yasmin.santana
30/07/2026 08:56:07: [PUT] Dados recebidos: {
30/07/2026 08:56:07:   anotacao: undefined,
30/07/2026 08:56:07:   status: 'aprovado',
30/07/2026 08:56:07:   auditoria_anotacao: undefined,
30/07/2026 08:56:07:   auditoria_status: undefined
30/07/2026 08:56:07: }
30/07/2026 08:56:07: [PUT] Linhas afetadas: 1
30/07/2026 08:56:07: [PUT] Cotação atualizada com sucesso: {
30/07/2026 08:56:07:   id_cotacao: 17906,
30/07/2026 08:56:07:   cotacao: 'Q6391039',
30/07/2026 08:56:07:   id_qldd: null,
30/07/2026 08:56:07:   anotacao: 'Tarefa: E001 - PME - 80.459.928/0001-78 | Fila: CPC - PME',
30/07/2026 08:56:07:   status: 'aprovado',
30/07/2026 08:56:07:   data_de_criacao: '30/07/2026 07:18',
30/07/2026 08:56:07:   data_da_ultima_atualizacao: '30/07/2026 08:56',
30/07/2026 08:56:07:   usuario_login: 'tuany.marques.3',
30/07/2026 08:56:07:   validacao: 'Ativo',
30/07/2026 08:56:07:   usuario_id: '156',
30/07/2026 08:56:07:   tarefa: '22894193',
30/07/2026 08:56:07:   origem: 'r_000250',
30/07/2026 08:56:07:   data_historico: 2026-07-29T13:13:16.000Z
30/07/2026 08:56:07: }
30/07/2026 08:56:29: [PUT] Atualizando cotação: 22894207
30/07/2026 08:56:29: [PUT] Usuário: yasmin.santana
30/07/2026 08:56:29: [PUT] Dados recebidos: {
30/07/2026 08:56:29:   anotacao: undefined,
30/07/2026 08:56:29:   status: 'assumido',
30/07/2026 08:56:29:   auditoria_anotacao: undefined,
30/07/2026 08:56:29:   auditoria_status: undefined
30/07/2026 08:56:29: }
30/07/2026 08:56:29: [PUT] Linhas afetadas: 1
30/07/2026 08:56:29: [PUT] Cotação atualizada com sucesso: {
30/07/2026 08:56:29:   id_cotacao: 17909,
30/07/2026 08:56:29:   cotacao: 'Q6372270',
30/07/2026 08:56:29:   id_qldd: null,
30/07/2026 08:56:29:   anotacao: 'Tarefa: E001 - PME - 04.527.716/0001-00 | Fila: CPC - PME',
30/07/2026 08:56:29:   status: 'assumido',
30/07/2026 08:56:29:   data_de_criacao: '30/07/2026 07:18',
30/07/2026 08:56:29:   data_da_ultima_atualizacao: '30/07/2026 08:56',
30/07/2026 08:56:29:   usuario_login: 'tuany.marques.3',
30/07/2026 08:56:29:   validacao: 'Ativo',
30/07/2026 08:56:29:   usuario_id: '156',
30/07/2026 08:56:29:   tarefa: '22894207',
30/07/2026 08:56:29:   origem: 'r_000250',
30/07/2026 08:56:29:   data_historico: 2026-07-29T13:15:13.000Z
30/07/2026 08:56:29: }
30/07/2026 08:56:53: [PUT] Atualizando cotação: 22894460
30/07/2026 08:56:53: [PUT] Usuário: yasmin.santana
30/07/2026 08:56:53: [PUT] Dados recebidos: {
30/07/2026 08:56:53:   anotacao: undefined,
30/07/2026 08:56:53:   status: 'assumido',
30/07/2026 08:56:53:   auditoria_anotacao: undefined,
30/07/2026 08:56:53:   auditoria_status: undefined
30/07/2026 08:56:53: }
30/07/2026 08:56:53: [PUT] Linhas afetadas: 1
30/07/2026 08:56:53: [PUT] Cotação atualizada com sucesso: {
30/07/2026 08:56:53:   id_cotacao: 17952,
30/07/2026 08:56:53:   cotacao: 'Q6391619',
30/07/2026 08:56:53:   id_qldd: null,
30/07/2026 08:56:53:   anotacao: 'Tarefa: E001 - PME - 32.102.317/0001-25 | Fila: CPC - PME',
30/07/2026 08:56:53:   status: 'assumido',
30/07/2026 08:56:53:   data_de_criacao: '30/07/2026 07:33',
30/07/2026 08:56:53:   data_da_ultima_atualizacao: '30/07/2026 08:56',
30/07/2026 08:56:53:   usuario_login: 'tuany.marques.3',
30/07/2026 08:56:53:   validacao: 'Ativo',
30/07/2026 08:56:53:   usuario_id: '156',
30/07/2026 08:56:53:   tarefa: '22894460',
30/07/2026 08:56:53:   origem: 'r_000250',
30/07/2026 08:56:53:   data_historico: 2026-07-29T13:55:46.000Z
30/07/2026 08:56:53: }
30/07/2026 08:57:04: [PUT] Atualizando cotação: 22894736
30/07/2026 08:57:04: [PUT] Usuário: eduardo.jesus.3
30/07/2026 08:57:04: [PUT] Dados recebidos: {
30/07/2026 08:57:04:   anotacao: undefined,
30/07/2026 08:57:04:   status: 'aprovado',
30/07/2026 08:57:04:   auditoria_anotacao: undefined,
30/07/2026 08:57:04:   auditoria_status: undefined
30/07/2026 08:57:04: }
30/07/2026 08:57:04: [PUT] Linhas afetadas: 1
30/07/2026 08:57:04: [PUT] Cotação atualizada com sucesso: {
30/07/2026 08:57:04:   id_cotacao: 18025,
30/07/2026 08:57:04:   cotacao: 'Q6392003',
30/07/2026 08:57:04:   id_qldd: null,
30/07/2026 08:57:04:   anotacao: 'Tarefa: E001 - PME - 22.650.224/0001-81 | Fila: CPC - PME',
30/07/2026 08:57:04:   status: 'aprovado',
30/07/2026 08:57:04:   data_de_criacao: '30/07/2026 08:45',
30/07/2026 08:57:04:   data_da_ultima_atualizacao: '30/07/2026 08:57',
30/07/2026 08:57:04:   usuario_login: 'tuany.marques.3',
30/07/2026 08:57:04:   validacao: 'Ativo',
30/07/2026 08:57:04:   usuario_id: '200',
30/07/2026 08:57:04:   tarefa: '22894736',
30/07/2026 08:57:04:   origem: 'r_000250',
30/07/2026 08:57:04:   data_historico: 2026-07-29T14:36:18.000Z
30/07/2026 08:57:04: }
30/07/2026 08:57:09: [PUT] Atualizando cotação: 22894736
30/07/2026 08:57:09: [PUT] Usuário: eduardo.jesus.3
30/07/2026 08:57:09: [PUT] Dados recebidos: {
30/07/2026 08:57:09:   anotacao: 'aprovado',
30/07/2026 08:57:09:   status: 'aprovado',
30/07/2026 08:57:09:   auditoria_anotacao: '',
30/07/2026 08:57:09:   auditoria_status: ''
30/07/2026 08:57:09: }
30/07/2026 08:57:09: [PUT] Linhas afetadas: 1
30/07/2026 08:57:09: [PUT] Cotação atualizada com sucesso: {
30/07/2026 08:57:09:   id_cotacao: 18025,
30/07/2026 08:57:09:   cotacao: 'Q6392003',
30/07/2026 08:57:09:   id_qldd: null,
30/07/2026 08:57:09:   anotacao: 'aprovado',
30/07/2026 08:57:09:   status: 'aprovado',
30/07/2026 08:57:09:   data_de_criacao: '30/07/2026 08:45',
30/07/2026 08:57:09:   data_da_ultima_atualizacao: '30/07/2026 08:57',
30/07/2026 08:57:09:   usuario_login: 'tuany.marques.3',
30/07/2026 08:57:09:   validacao: 'Ativo',
30/07/2026 08:57:09:   usuario_id: '200',
30/07/2026 08:57:09:   tarefa: '22894736',
30/07/2026 08:57:09:   origem: 'r_000250',
30/07/2026 08:57:09:   data_historico: 2026-07-29T14:36:18.000Z
30/07/2026 08:57:09: }
30/07/2026 08:57:25: [PUT] Atualizando cotação: 22894993
30/07/2026 08:57:25: [PUT] Usuário: eder.fernandes.3
30/07/2026 08:57:25: [PUT] Dados recebidos: {
30/07/2026 08:57:25:   anotacao: undefined,
30/07/2026 08:57:25:   status: 'aprovado',
30/07/2026 08:57:25:   auditoria_anotacao: undefined,
30/07/2026 08:57:25:   auditoria_status: undefined
30/07/2026 08:57:25: }
30/07/2026 08:57:25: [PUT] Linhas afetadas: 1
30/07/2026 08:57:25: [PUT] Cotação atualizada com sucesso: {
30/07/2026 08:57:25:   id_cotacao: 18074,
30/07/2026 08:57:25:   cotacao: 'Q6389849',
30/07/2026 08:57:25:   id_qldd: null,
30/07/2026 08:57:25:   anotacao: 'Tarefa: E001 - PME - 36.982.798/0001-61 | Fila: CPC - PME',
30/07/2026 08:57:25:   status: 'aprovado',
30/07/2026 08:57:25:   data_de_criacao: '30/07/2026 08:53',
30/07/2026 08:57:25:   data_da_ultima_atualizacao: '30/07/2026 08:57',
30/07/2026 08:57:25:   usuario_login: 'tuany.marques.3',
30/07/2026 08:57:25:   validacao: 'Ativo',
30/07/2026 08:57:25:   usuario_id: '129',
30/07/2026 08:57:25:   tarefa: '22894993',
30/07/2026 08:57:25:   origem: 'r_000250',
30/07/2026 08:57:25:   data_historico: 2026-07-29T15:09:57.000Z
30/07/2026 08:57:25: }
30/07/2026 08:57:54: [PUT] Atualizando cotação: 22894137
30/07/2026 08:57:54: [PUT] Usuário: giovanna.mozzarelo.3
30/07/2026 08:57:54: [PUT] Dados recebidos: {
30/07/2026 08:57:54:   anotacao: undefined,
30/07/2026 08:57:54:   status: 'pendente-iphone',
30/07/2026 08:57:54:   auditoria_anotacao: undefined,
30/07/2026 08:57:54:   auditoria_status: undefined
30/07/2026 08:57:54: }
30/07/2026 08:57:54: [PUT] Linhas afetadas: 1
30/07/2026 08:57:54: [PUT] Cotação atualizada com sucesso: {
30/07/2026 08:57:54:   id_cotacao: 17894,
30/07/2026 08:57:54:   cotacao: 'Q6390864',
30/07/2026 08:57:54:   id_qldd: null,
30/07/2026 08:57:54:   anotacao: 'Tarefa: E001 - PME - 04.598.756/0001-35 | Fila: CPC - PME',
30/07/2026 08:57:54:   status: 'pendente-iphone',
30/07/2026 08:57:54:   data_de_criacao: '30/07/2026 07:17',
30/07/2026 08:57:54:   data_da_ultima_atualizacao: '30/07/2026 08:57',
30/07/2026 08:57:54:   usuario_login: 'tuany.marques.3',
30/07/2026 08:57:54:   validacao: 'Ativo',
30/07/2026 08:57:54:   usuario_id: '199',
30/07/2026 08:57:54:   tarefa: '22894137',
30/07/2026 08:57:54:   origem: 'r_000250',
30/07/2026 08:57:54:   data_historico: 2026-07-29T13:05:29.000Z
30/07/2026 08:57:54: }
30/07/2026 08:57:59: [PUT] Atualizando cotação: 22894079
30/07/2026 08:57:59: [PUT] Usuário: giovanna.mozzarelo.3
30/07/2026 08:57:59: [PUT] Dados recebidos: {
30/07/2026 08:57:59:   anotacao: undefined,
30/07/2026 08:57:59:   status: 'aprovado',
30/07/2026 08:57:59:   auditoria_anotacao: undefined,
30/07/2026 08:57:59:   auditoria_status: undefined
30/07/2026 08:57:59: }
30/07/2026 08:57:59: [PUT] Linhas afetadas: 1
30/07/2026 08:57:59: [PUT] Cotação atualizada com sucesso: {
30/07/2026 08:57:59:   id_cotacao: 17893,
30/07/2026 08:57:59:   cotacao: 'Q6391227',
30/07/2026 08:57:59:   id_qldd: null,
30/07/2026 08:57:59:   anotacao: 'Tarefa: E001 - PME - 13.577.865/0001-67 | Fila: CPC - PME',
30/07/2026 08:57:59:   status: 'aprovado',
30/07/2026 08:57:59:   data_de_criacao: '30/07/2026 07:17',
30/07/2026 08:57:59:   data_da_ultima_atualizacao: '30/07/2026 08:57',
30/07/2026 08:57:59:   usuario_login: 'tuany.marques.3',
30/07/2026 08:57:59:   validacao: 'Ativo',
30/07/2026 08:57:59:   usuario_id: '199',
30/07/2026 08:57:59:   tarefa: '22894079',
30/07/2026 08:57:59:   origem: 'r_000250',
30/07/2026 08:57:59:   data_historico: 2026-07-29T13:05:19.000Z
30/07/2026 08:57:59: }
30/07/2026 08:58:03: [PUT] Atualizando cotação: 22894075
30/07/2026 08:58:03: [PUT] Usuário: giovanna.mozzarelo.3
30/07/2026 08:58:03: [PUT] Dados recebidos: {
30/07/2026 08:58:03:   anotacao: undefined,
30/07/2026 08:58:03:   status: 'aprovado',
30/07/2026 08:58:03:   auditoria_anotacao: undefined,
30/07/2026 08:58:03:   auditoria_status: undefined
30/07/2026 08:58:03: }
30/07/2026 08:58:03: [PUT] Linhas afetadas: 1
30/07/2026 08:58:03: [PUT] Cotação atualizada com sucesso: {
30/07/2026 08:58:03:   id_cotacao: 17892,
30/07/2026 08:58:03:   cotacao: 'Q6373321',
30/07/2026 08:58:03:   id_qldd: null,
30/07/2026 08:58:03:   anotacao: 'Tarefa: E001 - PME - 05.747.477/0001-59 | Fila: CPC - PME',
30/07/2026 08:58:03:   status: 'aprovado',
30/07/2026 08:58:03:   data_de_criacao: '30/07/2026 07:17',
30/07/2026 08:58:03:   data_da_ultima_atualizacao: '30/07/2026 08:58',
30/07/2026 08:58:03:   usuario_login: 'tuany.marques.3',
30/07/2026 08:58:03:   validacao: 'Ativo',
30/07/2026 08:58:03:   usuario_id: '199',
30/07/2026 08:58:03:   tarefa: '22894075',
30/07/2026 08:58:03:   origem: 'r_000250',
30/07/2026 08:58:03:   data_historico: 2026-07-29T13:04:33.000Z
30/07/2026 08:58:03: }
30/07/2026 08:58:08: [PUT] Atualizando cotação: 22894072
30/07/2026 08:58:08: [PUT] Usuário: giovanna.mozzarelo.3
30/07/2026 08:58:08: [PUT] Dados recebidos: {
30/07/2026 08:58:08:   anotacao: undefined,
30/07/2026 08:58:08:   status: 'aprovado',
30/07/2026 08:58:08:   auditoria_anotacao: undefined,
30/07/2026 08:58:08:   auditoria_status: undefined
30/07/2026 08:58:08: }
30/07/2026 08:58:08: [PUT] Linhas afetadas: 1
30/07/2026 08:58:08: [PUT] Cotação atualizada com sucesso: {
30/07/2026 08:58:08:   id_cotacao: 17891,
30/07/2026 08:58:08:   cotacao: 'Q6391587',
30/07/2026 08:58:08:   id_qldd: null,
30/07/2026 08:58:08:   anotacao: 'Tarefa: E001 - PME - 30.523.520/0001-40 | Fila: CPC - PME',
30/07/2026 08:58:08:   status: 'aprovado',
30/07/2026 08:58:08:   data_de_criacao: '30/07/2026 07:17',
30/07/2026 08:58:08:   data_da_ultima_atualizacao: '30/07/2026 08:58',
30/07/2026 08:58:08:   usuario_login: 'tuany.marques.3',
30/07/2026 08:58:08:   validacao: 'Ativo',
30/07/2026 08:58:08:   usuario_id: '199',
30/07/2026 08:58:08:   tarefa: '22894072',
30/07/2026 08:58:08:   origem: 'r_000250',
30/07/2026 08:58:08:   data_historico: 2026-07-29T13:04:13.000Z
30/07/2026 08:58:08: }
30/07/2026 08:58:11: [PUT] Atualizando cotação: 22894068
30/07/2026 08:58:11: [PUT] Usuário: giovanna.mozzarelo.3
30/07/2026 08:58:11: [PUT] Dados recebidos: {
30/07/2026 08:58:11:   anotacao: undefined,
30/07/2026 08:58:11:   status: 'aprovado',
30/07/2026 08:58:11:   auditoria_anotacao: undefined,
30/07/2026 08:58:11:   auditoria_status: undefined
30/07/2026 08:58:11: }
30/07/2026 08:58:11: [PUT] Linhas afetadas: 1
30/07/2026 08:58:11: [PUT] Cotação atualizada com sucesso: {
30/07/2026 08:58:11:   id_cotacao: 17890,
30/07/2026 08:58:11:   cotacao: 'Q6389399',
30/07/2026 08:58:11:   id_qldd: null,
30/07/2026 08:58:11:   anotacao: 'Tarefa: E001 - PME - 21.838.250/0001-75 | Fila: CPC - PME',
30/07/2026 08:58:11:   status: 'aprovado',
30/07/2026 08:58:11:   data_de_criacao: '30/07/2026 07:17',
30/07/2026 08:58:11:   data_da_ultima_atualizacao: '30/07/2026 08:58',
30/07/2026 08:58:11:   usuario_login: 'tuany.marques.3',
30/07/2026 08:58:11:   validacao: 'Ativo',
30/07/2026 08:58:11:   usuario_id: '199',
30/07/2026 08:58:11:   tarefa: '22894068',
30/07/2026 08:58:11:   origem: 'r_000250',
30/07/2026 08:58:11:   data_historico: 2026-07-29T13:03:43.000Z
30/07/2026 08:58:11: }
30/07/2026 08:58:11: [PUT] Atualizando cotação: 22894177
30/07/2026 08:58:11: [PUT] Usuário: rita.meira.3
30/07/2026 08:58:11: [PUT] Dados recebidos: {
30/07/2026 08:58:11:   anotacao: undefined,
30/07/2026 08:58:11:   status: 'aprovado',
30/07/2026 08:58:11:   auditoria_anotacao: undefined,
30/07/2026 08:58:11:   auditoria_status: undefined
30/07/2026 08:58:11: }
30/07/2026 08:58:12: [PUT] Linhas afetadas: 1
30/07/2026 08:58:12: [PUT] Cotação atualizada com sucesso: {
30/07/2026 08:58:12:   id_cotacao: 17902,
30/07/2026 08:58:12:   cotacao: 'Q6390630',
30/07/2026 08:58:12:   id_qldd: null,
30/07/2026 08:58:12:   anotacao: 'Tarefa: E001 - PME - 03.215.975/0001-25 | Fila: CPC - PME',
30/07/2026 08:58:12:   status: 'aprovado',
30/07/2026 08:58:12:   data_de_criacao: '30/07/2026 07:17',
30/07/2026 08:58:12:   data_da_ultima_atualizacao: '30/07/2026 08:58',
30/07/2026 08:58:12:   usuario_login: 'tuany.marques.3',
30/07/2026 08:58:12:   validacao: 'Ativo',
30/07/2026 08:58:12:   usuario_id: '147',
30/07/2026 08:58:12:   tarefa: '22894177',
30/07/2026 08:58:12:   origem: 'r_000250',
30/07/2026 08:58:12:   data_historico: 2026-07-29T13:10:52.000Z
30/07/2026 08:58:12: }
30/07/2026 08:58:23: [PUT] Atualizando cotação: 22894360
30/07/2026 08:58:23: [PUT] Usuário: rita.meira.3
30/07/2026 08:58:23: [PUT] Dados recebidos: {
30/07/2026 08:58:23:   anotacao: undefined,
30/07/2026 08:58:23:   status: 'assumido',
30/07/2026 08:58:23:   auditoria_anotacao: undefined,
30/07/2026 08:58:23:   auditoria_status: undefined
30/07/2026 08:58:23: }
30/07/2026 08:58:23: [PUT] Linhas afetadas: 1
30/07/2026 08:58:23: [PUT] Cotação atualizada com sucesso: {
30/07/2026 08:58:23:   id_cotacao: 17937,
30/07/2026 08:58:23:   cotacao: 'Q6391873',
30/07/2026 08:58:23:   id_qldd: null,
30/07/2026 08:58:23:   anotacao: 'Tarefa: E001 - PME - 35.256.106/0001-35 | Fila: CPC - PME',
30/07/2026 08:58:23:   status: 'assumido',
30/07/2026 08:58:23:   data_de_criacao: '30/07/2026 07:32',
30/07/2026 08:58:23:   data_da_ultima_atualizacao: '30/07/2026 08:58',
30/07/2026 08:58:23:   usuario_login: 'tuany.marques.3',
30/07/2026 08:58:23:   validacao: 'Ativo',
30/07/2026 08:58:23:   usuario_id: '147',
30/07/2026 08:58:23:   tarefa: '22894360',
30/07/2026 08:58:23:   origem: 'r_000250',
30/07/2026 08:58:23:   data_historico: 2026-07-29T13:41:03.000Z
30/07/2026 08:58:23: }
30/07/2026 08:58:25: [PUT] Atualizando cotação: 22894361
30/07/2026 08:58:25: [PUT] Usuário: rita.meira.3
30/07/2026 08:58:25: [PUT] Dados recebidos: {
30/07/2026 08:58:25:   anotacao: undefined,
30/07/2026 08:58:25:   status: 'assumido',
30/07/2026 08:58:25:   auditoria_anotacao: undefined,
30/07/2026 08:58:25:   auditoria_status: undefined
30/07/2026 08:58:25: }
30/07/2026 08:58:25: [PUT] Linhas afetadas: 1
30/07/2026 08:58:25: [PUT] Cotação atualizada com sucesso: {
30/07/2026 08:58:25:   id_cotacao: 17938,
30/07/2026 08:58:25:   cotacao: 'Q6391910',
30/07/2026 08:58:25:   id_qldd: null,
30/07/2026 08:58:25:   anotacao: 'Tarefa: E001 - PME - 46.001.101/0001-88 | Fila: CPC - PME',
30/07/2026 08:58:25:   status: 'assumido',
30/07/2026 08:58:25:   data_de_criacao: '30/07/2026 07:32',
30/07/2026 08:58:25:   data_da_ultima_atualizacao: '30/07/2026 08:58',
30/07/2026 08:58:25:   usuario_login: 'tuany.marques.3',
30/07/2026 08:58:25:   validacao: 'Ativo',
30/07/2026 08:58:25:   usuario_id: '147',
30/07/2026 08:58:25:   tarefa: '22894361',
30/07/2026 08:58:25:   origem: 'r_000250',
30/07/2026 08:58:25:   data_historico: 2026-07-29T13:41:13.000Z
30/07/2026 08:58:25: }
30/07/2026 08:58:28: [PUT] Atualizando cotação: 22894363
30/07/2026 08:58:28: [PUT] Usuário: rita.meira.3
30/07/2026 08:58:28: [PUT] Dados recebidos: {
30/07/2026 08:58:28:   anotacao: undefined,
30/07/2026 08:58:28:   status: 'assumido',
30/07/2026 08:58:28:   auditoria_anotacao: undefined,
30/07/2026 08:58:28:   auditoria_status: undefined
30/07/2026 08:58:28: }
30/07/2026 08:58:28: [PUT] Linhas afetadas: 1
30/07/2026 08:58:28: [PUT] Cotação atualizada com sucesso: {
30/07/2026 08:58:28:   id_cotacao: 17939,
30/07/2026 08:58:28:   cotacao: 'Q6390591',
30/07/2026 08:58:28:   id_qldd: null,
30/07/2026 08:58:28:   anotacao: 'Tarefa: E001 - PME - 02.083.547/0001-23 | Fila: CPC - PME',
30/07/2026 08:58:28:   status: 'assumido',
30/07/2026 08:58:28:   data_de_criacao: '30/07/2026 07:32',
30/07/2026 08:58:28:   data_da_ultima_atualizacao: '30/07/2026 08:58',
30/07/2026 08:58:28:   usuario_login: 'tuany.marques.3',
30/07/2026 08:58:28:   validacao: 'Ativo',
30/07/2026 08:58:28:   usuario_id: '147',
30/07/2026 08:58:28:   tarefa: '22894363',
30/07/2026 08:58:28:   origem: 'r_000250',
30/07/2026 08:58:28:   data_historico: 2026-07-29T13:41:41.000Z
30/07/2026 08:58:28: }
30/07/2026 08:58:30: [PUT] Atualizando cotação: 22894366
30/07/2026 08:58:30: [PUT] Usuário: rita.meira.3
30/07/2026 08:58:30: [PUT] Dados recebidos: {
30/07/2026 08:58:30:   anotacao: undefined,
30/07/2026 08:58:30:   status: 'assumido',
30/07/2026 08:58:30:   auditoria_anotacao: undefined,
30/07/2026 08:58:30:   auditoria_status: undefined
30/07/2026 08:58:30: }
30/07/2026 08:58:30: [PUT] Linhas afetadas: 1
30/07/2026 08:58:30: [PUT] Cotação atualizada com sucesso: {
30/07/2026 08:58:30:   id_cotacao: 17940,
30/07/2026 08:58:30:   cotacao: 'Q6389871',
30/07/2026 08:58:30:   id_qldd: null,
30/07/2026 08:58:30:   anotacao: 'Tarefa: E001 - PME - 63.934.253/0001-52 | Fila: CPC - PME',
30/07/2026 08:58:30:   status: 'assumido',
30/07/2026 08:58:30:   data_de_criacao: '30/07/2026 07:32',
30/07/2026 08:58:30:   data_da_ultima_atualizacao: '30/07/2026 08:58',
30/07/2026 08:58:30:   usuario_login: 'tuany.marques.3',
30/07/2026 08:58:30:   validacao: 'Ativo',
30/07/2026 08:58:30:   usuario_id: '147',
30/07/2026 08:58:30:   tarefa: '22894366',
30/07/2026 08:58:30:   origem: 'r_000250',
30/07/2026 08:58:30:   data_historico: 2026-07-29T13:41:54.000Z
30/07/2026 08:58:30: }
30/07/2026 08:58:33: [PUT] Atualizando cotação: 22894383
30/07/2026 08:58:33: [PUT] Usuário: rita.meira.3
30/07/2026 08:58:33: [PUT] Dados recebidos: {
30/07/2026 08:58:33:   anotacao: undefined,
30/07/2026 08:58:33:   status: 'assumido',
30/07/2026 08:58:33:   auditoria_anotacao: undefined,
30/07/2026 08:58:33:   auditoria_status: undefined
30/07/2026 08:58:33: }
30/07/2026 08:58:33: [PUT] Linhas afetadas: 1
30/07/2026 08:58:33: [PUT] Cotação atualizada com sucesso: {
30/07/2026 08:58:33:   id_cotacao: 17941,
30/07/2026 08:58:33:   cotacao: 'Q6385914',
30/07/2026 08:58:33:   id_qldd: null,
30/07/2026 08:58:33:   anotacao: 'Tarefa: E001 - PME - 31.415.680/0001-38 | Fila: CPC - PME',
30/07/2026 08:58:33:   status: 'assumido',
30/07/2026 08:58:33:   data_de_criacao: '30/07/2026 07:32',
30/07/2026 08:58:33:   data_da_ultima_atualizacao: '30/07/2026 08:58',
30/07/2026 08:58:33:   usuario_login: 'tuany.marques.3',
30/07/2026 08:58:33:   validacao: 'Ativo',
30/07/2026 08:58:33:   usuario_id: '147',
30/07/2026 08:58:33:   tarefa: '22894383',
30/07/2026 08:58:33:   origem: 'r_000250',
30/07/2026 08:58:33:   data_historico: 2026-07-29T13:44:07.000Z
30/07/2026 08:58:33: }
30/07/2026 09:01:04: [PUT] Atualizando cotação: 22894746
30/07/2026 09:01:04: [PUT] Usuário: eduardo.jesus.3
30/07/2026 09:01:04: [PUT] Dados recebidos: {
30/07/2026 09:01:04:   anotacao: undefined,
30/07/2026 09:01:04:   status: 'aprovado',
30/07/2026 09:01:04:   auditoria_anotacao: undefined,
30/07/2026 09:01:04:   auditoria_status: undefined
30/07/2026 09:01:04: }
30/07/2026 09:01:04: [PUT] Linhas afetadas: 1
30/07/2026 09:01:04: [PUT] Cotação atualizada com sucesso: {
30/07/2026 09:01:04:   id_cotacao: 18026,
30/07/2026 09:01:04:   cotacao: 'Q6387844',
30/07/2026 09:01:04:   id_qldd: null,
30/07/2026 09:01:04:   anotacao: 'Tarefa: E001 - PME - 33.737.033/0001-78 | Fila: CPC - PME',
30/07/2026 09:01:04:   status: 'aprovado',
30/07/2026 09:01:04:   data_de_criacao: '30/07/2026 08:45',
30/07/2026 09:01:04:   data_da_ultima_atualizacao: '30/07/2026 09:01',
30/07/2026 09:01:04:   usuario_login: 'tuany.marques.3',
30/07/2026 09:01:04:   validacao: 'Ativo',
30/07/2026 09:01:04:   usuario_id: '200',
30/07/2026 09:01:04:   tarefa: '22894746',
30/07/2026 09:01:04:   origem: 'r_000250',
30/07/2026 09:01:04:   data_historico: 2026-07-29T14:37:58.000Z
30/07/2026 09:01:04: }
30/07/2026 09:01:10: [PUT] Atualizando cotação: 22894746
30/07/2026 09:01:10: [PUT] Usuário: eduardo.jesus.3
30/07/2026 09:01:10: [PUT] Dados recebidos: {
30/07/2026 09:01:10:   anotacao: 'aprovado',
30/07/2026 09:01:10:   status: 'aprovado',
30/07/2026 09:01:10:   auditoria_anotacao: '',
30/07/2026 09:01:10:   auditoria_status: ''
30/07/2026 09:01:10: }
30/07/2026 09:01:10: [PUT] Linhas afetadas: 1
30/07/2026 09:01:10: [PUT] Cotação atualizada com sucesso: {
30/07/2026 09:01:10:   id_cotacao: 18026,
30/07/2026 09:01:10:   cotacao: 'Q6387844',
30/07/2026 09:01:10:   id_qldd: null,
30/07/2026 09:01:10:   anotacao: 'aprovado',
30/07/2026 09:01:10:   status: 'aprovado',
30/07/2026 09:01:10:   data_de_criacao: '30/07/2026 08:45',
30/07/2026 09:01:10:   data_da_ultima_atualizacao: '30/07/2026 09:01',
30/07/2026 09:01:10:   usuario_login: 'tuany.marques.3',
30/07/2026 09:01:10:   validacao: 'Ativo',
30/07/2026 09:01:10:   usuario_id: '200',
30/07/2026 09:01:10:   tarefa: '22894746',
30/07/2026 09:01:10:   origem: 'r_000250',
30/07/2026 09:01:10:   data_historico: 2026-07-29T14:37:58.000Z
30/07/2026 09:01:10: }
30/07/2026 09:01:23: [PUT] Atualizando cotação: 22894395
30/07/2026 09:01:23: [PUT] Usuário: samanta.andrade
30/07/2026 09:01:23: [PUT] Dados recebidos: {
30/07/2026 09:01:23:   anotacao: undefined,
30/07/2026 09:01:23:   status: 'reprovado',
30/07/2026 09:01:23:   auditoria_anotacao: undefined,
30/07/2026 09:01:23:   auditoria_status: undefined
30/07/2026 09:01:23: }
30/07/2026 09:01:23: [PUT] Linhas afetadas: 1
30/07/2026 09:01:23: [PUT] Cotação atualizada com sucesso: {
30/07/2026 09:01:23:   id_cotacao: 17942,
30/07/2026 09:01:23:   cotacao: 'Q6391842',
30/07/2026 09:01:23:   id_qldd: null,
30/07/2026 09:01:23:   anotacao: 'Tarefa: E001 - PME - 80.911.365/0001-07 | Fila: CPC - PME',
30/07/2026 09:01:23:   status: 'reprovado',
30/07/2026 09:01:23:   data_de_criacao: '30/07/2026 07:33',
30/07/2026 09:01:23:   data_da_ultima_atualizacao: '30/07/2026 09:01',
30/07/2026 09:01:23:   usuario_login: 'tuany.marques.3',
30/07/2026 09:01:23:   validacao: 'Ativo',
30/07/2026 09:01:23:   usuario_id: '150',
30/07/2026 09:01:23:   tarefa: '22894395',
30/07/2026 09:01:23:   origem: 'r_000250',
30/07/2026 09:01:23:   data_historico: 2026-07-29T13:45:43.000Z
30/07/2026 09:01:23: }
30/07/2026 09:01:35: [PUT] Atualizando cotação: 22894994
30/07/2026 09:01:35: [PUT] Usuário: eder.fernandes.3
30/07/2026 09:01:35: [PUT] Dados recebidos: {
30/07/2026 09:01:35:   anotacao: undefined,
30/07/2026 09:01:35:   status: 'aprovado',
30/07/2026 09:01:35:   auditoria_anotacao: undefined,
30/07/2026 09:01:35:   auditoria_status: undefined
30/07/2026 09:01:35: }
30/07/2026 09:01:35: [PUT] Linhas afetadas: 1
30/07/2026 09:01:35: [PUT] Cotação atualizada com sucesso: {
30/07/2026 09:01:35:   id_cotacao: 18075,
30/07/2026 09:01:35:   cotacao: 'Q6392269',
30/07/2026 09:01:35:   id_qldd: null,
30/07/2026 09:01:35:   anotacao: 'Tarefa: E001 - PME - 67.694.082/0001-92 | Fila: CPC - PME',
30/07/2026 09:01:35:   status: 'aprovado',
30/07/2026 09:01:35:   data_de_criacao: '30/07/2026 08:53',
30/07/2026 09:01:35:   data_da_ultima_atualizacao: '30/07/2026 09:01',
30/07/2026 09:01:35:   usuario_login: 'tuany.marques.3',
30/07/2026 09:01:35:   validacao: 'Ativo',
30/07/2026 09:01:35:   usuario_id: '129',
30/07/2026 09:01:35:   tarefa: '22894994',
30/07/2026 09:01:35:   origem: 'r_000250',
30/07/2026 09:01:35:   data_historico: 2026-07-29T15:09:59.000Z
30/07/2026 09:01:35: }
30/07/2026 09:01:47: [PUT] Atualizando cotação: 22894412
30/07/2026 09:01:47: [PUT] Usuário: samanta.andrade
30/07/2026 09:01:47: [PUT] Dados recebidos: {
30/07/2026 09:01:47:   anotacao: undefined,
30/07/2026 09:01:47:   status: 'reprovado',
30/07/2026 09:01:47:   auditoria_anotacao: undefined,
30/07/2026 09:01:47:   auditoria_status: undefined
30/07/2026 09:01:47: }
30/07/2026 09:01:47: [PUT] Linhas afetadas: 1
30/07/2026 09:01:47: [PUT] Cotação atualizada com sucesso: {
30/07/2026 09:01:47:   id_cotacao: 17943,
30/07/2026 09:01:47:   cotacao: 'Q6392004',
30/07/2026 09:01:47:   id_qldd: null,
30/07/2026 09:01:47:   anotacao: 'Tarefa: E001 - PME - 08.075.797/0001-06 | Fila: CPC - PME',
30/07/2026 09:01:47:   status: 'reprovado',
30/07/2026 09:01:47:   data_de_criacao: '30/07/2026 07:33',
30/07/2026 09:01:47:   data_da_ultima_atualizacao: '30/07/2026 09:01',
30/07/2026 09:01:47:   usuario_login: 'tuany.marques.3',
30/07/2026 09:01:47:   validacao: 'Ativo',
30/07/2026 09:01:47:   usuario_id: '150',
30/07/2026 09:01:47:   tarefa: '22894412',
30/07/2026 09:01:47:   origem: 'r_000250',
30/07/2026 09:01:47:   data_historico: 2026-07-29T13:48:40.000Z
30/07/2026 09:01:47: }
30/07/2026 09:01:49: [PUT] Atualizando cotação: 22894412
30/07/2026 09:01:49: [PUT] Usuário: samanta.andrade
30/07/2026 09:01:49: [PUT] Dados recebidos: {
30/07/2026 09:01:49:   anotacao: undefined,
30/07/2026 09:01:49:   status: 'assumido',
30/07/2026 09:01:49:   auditoria_anotacao: undefined,
30/07/2026 09:01:49:   auditoria_status: undefined
30/07/2026 09:01:49: }
30/07/2026 09:01:49: [PUT] Linhas afetadas: 1
30/07/2026 09:01:49: [PUT] Cotação atualizada com sucesso: {
30/07/2026 09:01:49:   id_cotacao: 17943,
30/07/2026 09:01:49:   cotacao: 'Q6392004',
30/07/2026 09:01:49:   id_qldd: null,
30/07/2026 09:01:49:   anotacao: 'Tarefa: E001 - PME - 08.075.797/0001-06 | Fila: CPC - PME',
30/07/2026 09:01:49:   status: 'assumido',
30/07/2026 09:01:49:   data_de_criacao: '30/07/2026 07:33',
30/07/2026 09:01:49:   data_da_ultima_atualizacao: '30/07/2026 09:01',
30/07/2026 09:01:49:   usuario_login: 'tuany.marques.3',
30/07/2026 09:01:49:   validacao: 'Ativo',
30/07/2026 09:01:49:   usuario_id: '150',
30/07/2026 09:01:49:   tarefa: '22894412',
30/07/2026 09:01:49:   origem: 'r_000250',
30/07/2026 09:01:49:   data_historico: 2026-07-29T13:48:40.000Z
30/07/2026 09:01:49: }
30/07/2026 09:06:54: [PUT] Atualizando cotação: 22894691
30/07/2026 09:06:54: [PUT] Usuário: giovanna.mozzarelo.3
30/07/2026 09:06:54: [PUT] Dados recebidos: {
30/07/2026 09:06:54:   anotacao: undefined,
30/07/2026 09:06:54:   status: 'reprovado',
30/07/2026 09:06:54:   auditoria_anotacao: undefined,
30/07/2026 09:06:54:   auditoria_status: undefined
30/07/2026 09:06:54: }
30/07/2026 09:06:54: [PUT] Linhas afetadas: 1
30/07/2026 09:06:54: [PUT] Cotação atualizada com sucesso: {
30/07/2026 09:06:54:   id_cotacao: 18014,
30/07/2026 09:06:54:   cotacao: 'Q6377696',
30/07/2026 09:06:54:   id_qldd: null,
30/07/2026 09:06:54:   anotacao: 'Tarefa: E001 - PME - 09.124.165/0001-40 | Fila: CPC - PME',
30/07/2026 09:06:54:   status: 'reprovado',
30/07/2026 09:06:54:   data_de_criacao: '30/07/2026 08:45',
30/07/2026 09:06:54:   data_da_ultima_atualizacao: '30/07/2026 09:06',
30/07/2026 09:06:54:   usuario_login: 'tuany.marques.3',
30/07/2026 09:06:54:   validacao: 'Ativo',
30/07/2026 09:06:54:   usuario_id: '199',
30/07/2026 09:06:54:   tarefa: '22894691',
30/07/2026 09:06:54:   origem: 'r_000250',
30/07/2026 09:06:54:   data_historico: 2026-07-29T14:29:29.000Z
30/07/2026 09:06:54: }
30/07/2026 09:06:58: [PUT] Atualizando cotação: 22894691
30/07/2026 09:06:58: [PUT] Usuário: giovanna.mozzarelo.3
30/07/2026 09:06:58: [PUT] Dados recebidos: {
30/07/2026 09:06:58:   anotacao: 'Tarefa: E001 - PME - 09.124.165/0001-40 | Fila: CPC - PME\n' +
30/07/2026 09:06:58:     '\n' +
30/07/2026 09:06:58:     '> Os seguintes dados cadastrais do administrador de contas GERALDO GUEDES PEREIRA FILHO informado divergem entre CPC e TCPJ: Celular/ Telefone **Divergência de Dados Administrador (ADM)**\n',
30/07/2026 09:06:58:   status: 'reprovado',
30/07/2026 09:06:58:   auditoria_anotacao: '',
30/07/2026 09:06:58:   auditoria_status: ''
30/07/2026 09:06:58: }
30/07/2026 09:06:58: [PUT] Linhas afetadas: 1
30/07/2026 09:06:58: [PUT] Cotação atualizada com sucesso: {
30/07/2026 09:06:58:   id_cotacao: 18014,
30/07/2026 09:06:58:   cotacao: 'Q6377696',
30/07/2026 09:06:58:   id_qldd: null,
30/07/2026 09:06:58:   anotacao: 'Tarefa: E001 - PME - 09.124.165/0001-40 | Fila: CPC - PME\n' +
30/07/2026 09:06:58:     '\n' +
30/07/2026 09:06:58:     '> Os seguintes dados cadastrais do administrador de contas GERALDO GUEDES PEREIRA FILHO informado divergem entre CPC e TCPJ: Celular/ Telefone **Divergência de Dados Administrador (ADM)**\n',
30/07/2026 09:06:58:   status: 'reprovado',
30/07/2026 09:06:58:   data_de_criacao: '30/07/2026 08:45',
30/07/2026 09:06:58:   data_da_ultima_atualizacao: '30/07/2026 09:06',
30/07/2026 09:06:58:   usuario_login: 'tuany.marques.3',
30/07/2026 09:06:58:   validacao: 'Ativo',
30/07/2026 09:06:58:   usuario_id: '199',
30/07/2026 09:06:58:   tarefa: '22894691',
30/07/2026 09:06:58:   origem: 'r_000250',
30/07/2026 09:06:58:   data_historico: 2026-07-29T14:29:29.000Z
30/07/2026 09:06:58: }
30/07/2026 09:07:03: [PUT] Atualizando cotação: 22894460
30/07/2026 09:07:03: [PUT] Usuário: yasmin.santana
30/07/2026 09:07:03: [PUT] Dados recebidos: {
30/07/2026 09:07:03:   anotacao: undefined,
30/07/2026 09:07:03:   status: 'aprovado',
30/07/2026 09:07:03:   auditoria_anotacao: undefined,
30/07/2026 09:07:03:   auditoria_status: undefined
30/07/2026 09:07:03: }
30/07/2026 09:07:03: [PUT] Linhas afetadas: 1
30/07/2026 09:07:04: [PUT] Cotação atualizada com sucesso: {
30/07/2026 09:07:04:   id_cotacao: 17952,
30/07/2026 09:07:04:   cotacao: 'Q6391619',
30/07/2026 09:07:04:   id_qldd: null,
30/07/2026 09:07:04:   anotacao: 'Tarefa: E001 - PME - 32.102.317/0001-25 | Fila: CPC - PME',
30/07/2026 09:07:04:   status: 'aprovado',
30/07/2026 09:07:04:   data_de_criacao: '30/07/2026 07:33',
30/07/2026 09:07:04:   data_da_ultima_atualizacao: '30/07/2026 09:07',
30/07/2026 09:07:04:   usuario_login: 'tuany.marques.3',
30/07/2026 09:07:04:   validacao: 'Ativo',
30/07/2026 09:07:04:   usuario_id: '156',
30/07/2026 09:07:04:   tarefa: '22894460',
30/07/2026 09:07:04:   origem: 'r_000250',
30/07/2026 09:07:04:   data_historico: 2026-07-29T13:55:46.000Z
30/07/2026 09:07:04: }
30/07/2026 09:08:29: [PUT] Atualizando cotação: 22894999
30/07/2026 09:08:29: [PUT] Usuário: eder.fernandes.3
30/07/2026 09:08:29: [PUT] Dados recebidos: {
30/07/2026 09:08:29:   anotacao: undefined,
30/07/2026 09:08:29:   status: 'reprovado',
30/07/2026 09:08:29:   auditoria_anotacao: undefined,
30/07/2026 09:08:29:   auditoria_status: undefined
30/07/2026 09:08:29: }
30/07/2026 09:08:29: [PUT] Linhas afetadas: 1
30/07/2026 09:08:29: [PUT] Cotação atualizada com sucesso: {
30/07/2026 09:08:29:   id_cotacao: 18076,
30/07/2026 09:08:29:   cotacao: 'Q6391577',
30/07/2026 09:08:29:   id_qldd: null,
30/07/2026 09:08:29:   anotacao: 'Tarefa: E001 - PME - 53.902.051/0001-75 | Fila: CPC - PME',
30/07/2026 09:08:29:   status: 'reprovado',
30/07/2026 09:08:29:   data_de_criacao: '30/07/2026 08:53',
30/07/2026 09:08:29:   data_da_ultima_atualizacao: '30/07/2026 09:08',
30/07/2026 09:08:29:   usuario_login: 'tuany.marques.3',
30/07/2026 09:08:29:   validacao: 'Ativo',
30/07/2026 09:08:29:   usuario_id: '129',
30/07/2026 09:08:29:   tarefa: '22894999',
30/07/2026 09:08:29:   origem: 'r_000250',
30/07/2026 09:08:29:   data_historico: 2026-07-29T15:10:32.000Z
30/07/2026 09:08:29: }
30/07/2026 09:08:33: [PUT] Atualizando cotação: 22894999
30/07/2026 09:08:33: [PUT] Usuário: eder.fernandes.3
30/07/2026 09:08:33: [PUT] Dados recebidos: {
30/07/2026 09:08:33:   anotacao: 'Tarefa: E001 - PME - 53.902.051/0001-75 | Fila: CPC - PME\n' +
30/07/2026 09:08:33:     '\n' +
30/07/2026 09:08:33:     'Por gentileza, corrigir os itens abaixo:\n' +
30/07/2026 09:08:33:     '\n' +
30/07/2026 09:08:33:     '1- Conforme a nova regra RGC, para pedidos assinados a partir da data 09/09/25, é necessário que seja anexado o documento Etiqueta única devidamente completo e preenchido.**Falta Etiqueta Franquia 20GB - Sem bônus - **\n' +
30/07/2026 09:08:33:     '\n' +
30/07/2026 09:08:33:     '2- No TCPJ nas páginas de assinatura, o campo local/data divergem entre si. OBS: Os campos de local e data devem conter a mesma informação em ambas as páginas. **Divergência local/data TCPJ**\n' +
30/07/2026 09:08:33:     '\n' +
30/07/2026 09:08:33:     'Cotação Reprovada\n',
30/07/2026 09:08:33:   status: 'reprovado',
30/07/2026 09:08:33:   auditoria_anotacao: '',
30/07/2026 09:08:33:   auditoria_status: ''
30/07/2026 09:08:33: }
30/07/2026 09:08:33: [PUT] Linhas afetadas: 1
30/07/2026 09:08:33: [PUT] Cotação atualizada com sucesso: {
30/07/2026 09:08:33:   id_cotacao: 18076,
30/07/2026 09:08:33:   cotacao: 'Q6391577',
30/07/2026 09:08:33:   id_qldd: null,
30/07/2026 09:08:33:   anotacao: 'Tarefa: E001 - PME - 53.902.051/0001-75 | Fila: CPC - PME\n' +
30/07/2026 09:08:33:     '\n' +
30/07/2026 09:08:33:     'Por gentileza, corrigir os itens abaixo:\n' +
30/07/2026 09:08:33:     '\n' +
30/07/2026 09:08:33:     '1- Conforme a nova regra RGC, para pedidos assinados a partir da data 09/09/25, é necessário que seja anexado o documento Etiqueta única devidamente completo e preenchido.**Falta Etiqueta Franquia 20GB - Sem bônus - **\n' +
30/07/2026 09:08:33:     '\n' +
30/07/2026 09:08:33:     '2- No TCPJ nas páginas de assinatura, o campo local/data divergem entre si. OBS: Os campos de local e data devem conter a mesma informação em ambas as páginas. **Divergência local/data TCPJ**\n' +
30/07/2026 09:08:33:     '\n' +
30/07/2026 09:08:33:     'Cotação Reprovada\n',
30/07/2026 09:08:33:   status: 'reprovado',
30/07/2026 09:08:33:   data_de_criacao: '30/07/2026 08:53',
30/07/2026 09:08:33:   data_da_ultima_atualizacao: '30/07/2026 09:08',
30/07/2026 09:08:33:   usuario_login: 'tuany.marques.3',
30/07/2026 09:08:33:   validacao: 'Ativo',
30/07/2026 09:08:33:   usuario_id: '129',
30/07/2026 09:08:33:   tarefa: '22894999',
30/07/2026 09:08:33:   origem: 'r_000250',
30/07/2026 09:08:33:   data_historico: 2026-07-29T15:10:32.000Z
30/07/2026 09:08:33: }
30/07/2026 09:11:11: [PUT] Atualizando cotação: 22894412
30/07/2026 09:11:11: [PUT] Usuário: samanta.andrade
30/07/2026 09:11:11: [PUT] Dados recebidos: {
30/07/2026 09:11:11:   anotacao: undefined,
30/07/2026 09:11:11:   status: 'aprovado',
30/07/2026 09:11:11:   auditoria_anotacao: undefined,
30/07/2026 09:11:11:   auditoria_status: undefined
30/07/2026 09:11:11: }
30/07/2026 09:11:11: [PUT] Linhas afetadas: 1
30/07/2026 09:11:11: [PUT] Cotação atualizada com sucesso: {
30/07/2026 09:11:11:   id_cotacao: 17943,
30/07/2026 09:11:11:   cotacao: 'Q6392004',
30/07/2026 09:11:11:   id_qldd: null,
30/07/2026 09:11:11:   anotacao: 'Tarefa: E001 - PME - 08.075.797/0001-06 | Fila: CPC - PME',
30/07/2026 09:11:11:   status: 'aprovado',
30/07/2026 09:11:11:   data_de_criacao: '30/07/2026 07:33',
30/07/2026 09:11:11:   data_da_ultima_atualizacao: '30/07/2026 09:11',
30/07/2026 09:11:11:   usuario_login: 'tuany.marques.3',
30/07/2026 09:11:11:   validacao: 'Ativo',
30/07/2026 09:11:11:   usuario_id: '150',
30/07/2026 09:11:11:   tarefa: '22894412',
30/07/2026 09:11:11:   origem: 'r_000250',
30/07/2026 09:11:11:   data_historico: 2026-07-29T13:48:40.000Z
30/07/2026 09:11:11: }
30/07/2026 09:11:41: [PUT] Atualizando cotação: 22894413
30/07/2026 09:11:41: [PUT] Usuário: samanta.andrade
30/07/2026 09:11:41: [PUT] Dados recebidos: {
30/07/2026 09:11:41:   anotacao: undefined,
30/07/2026 09:11:41:   status: 'assumido',
30/07/2026 09:11:41:   auditoria_anotacao: undefined,
30/07/2026 09:11:41:   auditoria_status: undefined
30/07/2026 09:11:41: }
30/07/2026 09:11:41: [PUT] Linhas afetadas: 1
30/07/2026 09:11:41: [PUT] Cotação atualizada com sucesso: {
30/07/2026 09:11:41:   id_cotacao: 17944,
30/07/2026 09:11:41:   cotacao: 'Q6391845',
30/07/2026 09:11:41:   id_qldd: null,
30/07/2026 09:11:41:   anotacao: 'Tarefa: E001 - PME - 20.644.828/0001-90 | Fila: CPC - PME',
30/07/2026 09:11:41:   status: 'assumido',
30/07/2026 09:11:41:   data_de_criacao: '30/07/2026 07:33',
30/07/2026 09:11:41:   data_da_ultima_atualizacao: '30/07/2026 09:11',
30/07/2026 09:11:41:   usuario_login: 'tuany.marques.3',
30/07/2026 09:11:41:   validacao: 'Ativo',
30/07/2026 09:11:41:   usuario_id: '150',
30/07/2026 09:11:41:   tarefa: '22894413',
30/07/2026 09:11:41:   origem: 'r_000250',
30/07/2026 09:11:41:   data_historico: 2026-07-29T13:48:40.000Z
30/07/2026 09:11:41: }
30/07/2026 09:12:37: [PUT] Atualizando cotação: 22894747
30/07/2026 09:12:37: [PUT] Usuário: eduardo.jesus.3
30/07/2026 09:12:37: [PUT] Dados recebidos: {
30/07/2026 09:12:37:   anotacao: undefined,
30/07/2026 09:12:37:   status: 'aprovado',
30/07/2026 09:12:37:   auditoria_anotacao: undefined,
30/07/2026 09:12:37:   auditoria_status: undefined
30/07/2026 09:12:37: }
30/07/2026 09:12:37: [PUT] Linhas afetadas: 1
30/07/2026 09:12:37: [PUT] Cotação atualizada com sucesso: {
30/07/2026 09:12:37:   id_cotacao: 18027,
30/07/2026 09:12:37:   cotacao: 'Q6392050',
30/07/2026 09:12:37:   id_qldd: null,
30/07/2026 09:12:37:   anotacao: 'Tarefa: E001 - PME - 20.476.061/0002-18 | Fila: CPC - PME',
30/07/2026 09:12:37:   status: 'aprovado',
30/07/2026 09:12:37:   data_de_criacao: '30/07/2026 08:45',
30/07/2026 09:12:37:   data_da_ultima_atualizacao: '30/07/2026 09:12',
30/07/2026 09:12:37:   usuario_login: 'tuany.marques.3',
30/07/2026 09:12:37:   validacao: 'Ativo',
30/07/2026 09:12:37:   usuario_id: '200',
30/07/2026 09:12:37:   tarefa: '22894747',
30/07/2026 09:12:37:   origem: 'r_000250',
30/07/2026 09:12:37:   data_historico: 2026-07-29T14:38:02.000Z
30/07/2026 09:12:37: }
30/07/2026 09:12:42: [PUT] Atualizando cotação: 22894747
30/07/2026 09:12:42: [PUT] Usuário: eduardo.jesus.3
30/07/2026 09:12:42: [PUT] Dados recebidos: {
30/07/2026 09:12:42:   anotacao: 'aprovado',
30/07/2026 09:12:42:   status: 'aprovado',
30/07/2026 09:12:42:   auditoria_anotacao: '',
30/07/2026 09:12:42:   auditoria_status: ''
30/07/2026 09:12:42: }
30/07/2026 09:12:42: [PUT] Linhas afetadas: 1
30/07/2026 09:12:42: [PUT] Cotação atualizada com sucesso: {
30/07/2026 09:12:42:   id_cotacao: 18027,
30/07/2026 09:12:42:   cotacao: 'Q6392050',
30/07/2026 09:12:42:   id_qldd: null,
30/07/2026 09:12:42:   anotacao: 'aprovado',
30/07/2026 09:12:42:   status: 'aprovado',
30/07/2026 09:12:42:   data_de_criacao: '30/07/2026 08:45',
30/07/2026 09:12:42:   data_da_ultima_atualizacao: '30/07/2026 09:12',
30/07/2026 09:12:42:   usuario_login: 'tuany.marques.3',
30/07/2026 09:12:42:   validacao: 'Ativo',
30/07/2026 09:12:42:   usuario_id: '200',
30/07/2026 09:12:42:   tarefa: '22894747',
30/07/2026 09:12:42:   origem: 'r_000250',
30/07/2026 09:12:42:   data_historico: 2026-07-29T14:38:02.000Z
30/07/2026 09:12:42: }
30/07/2026 09:12:52: [PUT] Atualizando cotação: 22894227
30/07/2026 09:12:52: [PUT] Usuário: luiza.franco.3
30/07/2026 09:12:52: [PUT] Dados recebidos: {
30/07/2026 09:12:52:   anotacao: '> O endereço informado na Receita Federal está divergindo do informado na Cotação Detalhada no campo Cidade/ Município. Todos os documentos onde houver o campo endereço devem constar com a mesma informação. **Endereço**',
30/07/2026 09:12:52:   status: 'pendente',
30/07/2026 09:12:52:   auditoria_anotacao: '',
30/07/2026 09:12:52:   auditoria_status: ''
30/07/2026 09:12:52: }
30/07/2026 09:12:52: [PUT] Linhas afetadas: 1
30/07/2026 09:12:52: [PUT] Cotação atualizada com sucesso: {
30/07/2026 09:12:52:   id_cotacao: 17913,
30/07/2026 09:12:52:   cotacao: 'Q6391783',
30/07/2026 09:12:52:   id_qldd: null,
30/07/2026 09:12:52:   anotacao: '> O endereço informado na Receita Federal está divergindo do informado na Cotação Detalhada no campo Cidade/ Município. Todos os documentos onde houver o campo endereço devem constar com a mesma informação. **Endereço**',
30/07/2026 09:12:52:   status: 'pendente',
30/07/2026 09:12:52:   data_de_criacao: '30/07/2026 07:23',
30/07/2026 09:12:52:   data_da_ultima_atualizacao: '30/07/2026 09:12',
30/07/2026 09:12:52:   usuario_login: 'tuany.marques.3',
30/07/2026 09:12:52:   validacao: 'Ativo',
30/07/2026 09:12:52:   usuario_id: '140',
30/07/2026 09:12:52:   tarefa: '22894227',
30/07/2026 09:12:52:   origem: 'r_000250',
30/07/2026 09:12:52:   data_historico: 2026-07-29T13:18:27.000Z
30/07/2026 09:12:52: }
30/07/2026 09:12:59: [PUT] Atualizando cotação: 22894227
30/07/2026 09:12:59: [PUT] Usuário: luiza.franco.3
30/07/2026 09:12:59: [PUT] Dados recebidos: {
30/07/2026 09:12:59:   anotacao: undefined,
30/07/2026 09:12:59:   status: 'reprovado',
30/07/2026 09:12:59:   auditoria_anotacao: undefined,
30/07/2026 09:12:59:   auditoria_status: undefined
30/07/2026 09:12:59: }
30/07/2026 09:12:59: [PUT] Linhas afetadas: 1
30/07/2026 09:12:59: [PUT] Cotação atualizada com sucesso: {
30/07/2026 09:12:59:   id_cotacao: 17913,
30/07/2026 09:12:59:   cotacao: 'Q6391783',
30/07/2026 09:12:59:   id_qldd: null,
30/07/2026 09:12:59:   anotacao: '> O endereço informado na Receita Federal está divergindo do informado na Cotação Detalhada no campo Cidade/ Município. Todos os documentos onde houver o campo endereço devem constar com a mesma informação. **Endereço**',
30/07/2026 09:12:59:   status: 'reprovado',
30/07/2026 09:12:59:   data_de_criacao: '30/07/2026 07:23',
30/07/2026 09:12:59:   data_da_ultima_atualizacao: '30/07/2026 09:12',
30/07/2026 09:12:59:   usuario_login: 'tuany.marques.3',
30/07/2026 09:12:59:   validacao: 'Ativo',
30/07/2026 09:12:59:   usuario_id: '140',
30/07/2026 09:12:59:   tarefa: '22894227',
30/07/2026 09:12:59:   origem: 'r_000250',
30/07/2026 09:12:59:   data_historico: 2026-07-29T13:18:27.000Z
30/07/2026 09:12:59: }
30/07/2026 09:13:08: [PUT] Atualizando cotação: 22894698
30/07/2026 09:13:08: [PUT] Usuário: giovanna.mozzarelo.3
30/07/2026 09:13:08: [PUT] Dados recebidos: {
30/07/2026 09:13:08:   anotacao: undefined,
30/07/2026 09:13:08:   status: 'reprovado',
30/07/2026 09:13:08:   auditoria_anotacao: undefined,
30/07/2026 09:13:08:   auditoria_status: undefined
30/07/2026 09:13:08: }
30/07/2026 09:13:08: [PUT] Linhas afetadas: 1
30/07/2026 09:13:08: [PUT] Cotação atualizada com sucesso: {
30/07/2026 09:13:08:   id_cotacao: 18015,
30/07/2026 09:13:08:   cotacao: 'Q6392039',
30/07/2026 09:13:08:   id_qldd: null,
30/07/2026 09:13:08:   anotacao: 'Tarefa: E001 - PME - 64.272.803/0001-88 | Fila: CPC - PME',
30/07/2026 09:13:08:   status: 'reprovado',
30/07/2026 09:13:08:   data_de_criacao: '30/07/2026 08:45',
30/07/2026 09:13:08:   data_da_ultima_atualizacao: '30/07/2026 09:13',
30/07/2026 09:13:08:   usuario_login: 'tuany.marques.3',
30/07/2026 09:13:08:   validacao: 'Ativo',
30/07/2026 09:13:08:   usuario_id: '199',
30/07/2026 09:13:08:   tarefa: '22894698',
30/07/2026 09:13:08:   origem: 'r_000250',
30/07/2026 09:13:08:   data_historico: 2026-07-29T14:30:55.000Z
30/07/2026 09:13:08: }
30/07/2026 09:13:14: [PUT] Atualizando cotação: 22894698
30/07/2026 09:13:14: [PUT] Usuário: giovanna.mozzarelo.3
30/07/2026 09:13:14: [PUT] Dados recebidos: {
30/07/2026 09:13:14:   anotacao: 'Tarefa: E001 - PME - 64.272.803/0001-88 | Fila: CPC - PME\n' +
30/07/2026 09:13:14:     '\n' +
30/07/2026 09:13:14:     '> Os seguintes dados cadastrais do administrador de contas informado divergem entre CPC e TCPJ: E-mail **Divergência de Dados Administrador (ADM)**\n',
30/07/2026 09:13:14:   status: 'reprovado',
30/07/2026 09:13:14:   auditoria_anotacao: '',
30/07/2026 09:13:14:   auditoria_status: ''
30/07/2026 09:13:14: }
30/07/2026 09:13:14: [PUT] Linhas afetadas: 1
30/07/2026 09:13:14: [PUT] Cotação atualizada com sucesso: {
30/07/2026 09:13:14:   id_cotacao: 18015,
30/07/2026 09:13:14:   cotacao: 'Q6392039',
30/07/2026 09:13:14:   id_qldd: null,
30/07/2026 09:13:14:   anotacao: 'Tarefa: E001 - PME - 64.272.803/0001-88 | Fila: CPC - PME\n' +
30/07/2026 09:13:14:     '\n' +
30/07/2026 09:13:14:     '> Os seguintes dados cadastrais do administrador de contas informado divergem entre CPC e TCPJ: E-mail **Divergência de Dados Administrador (ADM)**\n',
30/07/2026 09:13:14:   status: 'reprovado',
30/07/2026 09:13:14:   data_de_criacao: '30/07/2026 08:45',
30/07/2026 09:13:14:   data_da_ultima_atualizacao: '30/07/2026 09:13',
30/07/2026 09:13:14:   usuario_login: 'tuany.marques.3',
30/07/2026 09:13:14:   validacao: 'Ativo',
30/07/2026 09:13:14:   usuario_id: '199',
30/07/2026 09:13:14:   tarefa: '22894698',
30/07/2026 09:13:14:   origem: 'r_000250',
30/07/2026 09:13:14:   data_historico: 2026-07-29T14:30:55.000Z
30/07/2026 09:13:14: }
30/07/2026 09:13:43: [PUT] Atualizando cotação: 22894227
30/07/2026 09:13:43: [PUT] Usuário: luiza.franco.3
30/07/2026 09:13:43: [PUT] Dados recebidos: {
30/07/2026 09:13:43:   anotacao: '> O endereço informado na Receita Federal está divergindo do informado na Cotação Detalhada no campo Cidade/ Município. Todos os documentos onde houver o campo endereço devem constar com a mesma informação. **Endereço**',
30/07/2026 09:13:43:   status: 'reprovado',
30/07/2026 09:13:43:   auditoria_anotacao: '',
30/07/2026 09:13:43:   auditoria_status: ''
30/07/2026 09:13:43: }
30/07/2026 09:13:44: [PUT] Linhas afetadas: 1
30/07/2026 09:13:44: [PUT] Cotação atualizada com sucesso: {
30/07/2026 09:13:44:   id_cotacao: 17913,
30/07/2026 09:13:44:   cotacao: 'Q6391783',
30/07/2026 09:13:44:   id_qldd: null,
30/07/2026 09:13:44:   anotacao: '> O endereço informado na Receita Federal está divergindo do informado na Cotação Detalhada no campo Cidade/ Município. Todos os documentos onde houver o campo endereço devem constar com a mesma informação. **Endereço**',
30/07/2026 09:13:44:   status: 'reprovado',
30/07/2026 09:13:44:   data_de_criacao: '30/07/2026 07:23',
30/07/2026 09:13:44:   data_da_ultima_atualizacao: '30/07/2026 09:13',
30/07/2026 09:13:44:   usuario_login: 'tuany.marques.3',
30/07/2026 09:13:44:   validacao: 'Ativo',
30/07/2026 09:13:44:   usuario_id: '140',
30/07/2026 09:13:44:   tarefa: '22894227',
30/07/2026 09:13:44:   origem: 'r_000250',
30/07/2026 09:13:44:   data_historico: 2026-07-29T13:18:27.000Z
30/07/2026 09:13:44: }
30/07/2026 09:14:18: [PUT] Atualizando cotação: 22894229
30/07/2026 09:14:18: [PUT] Usuário: allison.aguilar.3
30/07/2026 09:14:18: [PUT] Dados recebidos: {
30/07/2026 09:14:18:   anotacao: undefined,
30/07/2026 09:14:18:   status: 'aprovado',
30/07/2026 09:14:18:   auditoria_anotacao: undefined,
30/07/2026 09:14:18:   auditoria_status: undefined
30/07/2026 09:14:18: }
30/07/2026 09:14:18: [PUT] Linhas afetadas: 1
30/07/2026 09:14:18: [PUT] Cotação atualizada com sucesso: {
30/07/2026 09:14:18:   id_cotacao: 17915,
30/07/2026 09:14:18:   cotacao: 'Q6391736',
30/07/2026 09:14:18:   id_qldd: null,
30/07/2026 09:14:18:   anotacao: 'Tarefa: E001 - PME - 20.486.286/0001-74 | Fila: CPC - PME',
30/07/2026 09:14:18:   status: 'aprovado',
30/07/2026 09:14:18:   data_de_criacao: '30/07/2026 07:23',
30/07/2026 09:14:18:   data_da_ultima_atualizacao: '30/07/2026 09:14',
30/07/2026 09:14:18:   usuario_login: 'tuany.marques.3',
30/07/2026 09:14:18:   validacao: 'Ativo',
30/07/2026 09:14:18:   usuario_id: '124',
30/07/2026 09:14:18:   tarefa: '22894229',
30/07/2026 09:14:18:   origem: 'r_000250',
30/07/2026 09:14:18:   data_historico: 2026-07-29T13:18:40.000Z
30/07/2026 09:14:18: }
30/07/2026 09:14:20: [PUT] Atualizando cotação: 22894236
30/07/2026 09:14:20: [PUT] Usuário: allison.aguilar.3
30/07/2026 09:14:20: [PUT] Dados recebidos: {
30/07/2026 09:14:20:   anotacao: undefined,
30/07/2026 09:14:20:   status: 'aprovado',
30/07/2026 09:14:20:   auditoria_anotacao: undefined,
30/07/2026 09:14:20:   auditoria_status: undefined
30/07/2026 09:14:20: }
30/07/2026 09:14:20: [PUT] Linhas afetadas: 1
30/07/2026 09:14:20: [PUT] Cotação atualizada com sucesso: {
30/07/2026 09:14:20:   id_cotacao: 17916,
30/07/2026 09:14:20:   cotacao: 'Q6391731',
30/07/2026 09:14:20:   id_qldd: null,
30/07/2026 09:14:20:   anotacao: 'Tarefa: E001 - PME - 33.476.711/0001-96 | Fila: CPC - PME',
30/07/2026 09:14:20:   status: 'aprovado',
30/07/2026 09:14:20:   data_de_criacao: '30/07/2026 07:23',
30/07/2026 09:14:20:   data_da_ultima_atualizacao: '30/07/2026 09:14',
30/07/2026 09:14:20:   usuario_login: 'tuany.marques.3',
30/07/2026 09:14:20:   validacao: 'Ativo',
30/07/2026 09:14:20:   usuario_id: '124',
30/07/2026 09:14:20:   tarefa: '22894236',
30/07/2026 09:14:20:   origem: 'r_000250',
30/07/2026 09:14:20:   data_historico: 2026-07-29T13:19:38.000Z
30/07/2026 09:14:20: }
30/07/2026 09:14:21: [PUT] Atualizando cotação: 22894238
30/07/2026 09:14:21: [PUT] Usuário: allison.aguilar.3
30/07/2026 09:14:21: [PUT] Dados recebidos: {
30/07/2026 09:14:21:   anotacao: undefined,
30/07/2026 09:14:21:   status: 'aprovado',
30/07/2026 09:14:21:   auditoria_anotacao: undefined,
30/07/2026 09:14:21:   auditoria_status: undefined
30/07/2026 09:14:21: }
30/07/2026 09:14:21: [PUT] Linhas afetadas: 1
30/07/2026 09:14:21: [PUT] Cotação atualizada com sucesso: {
30/07/2026 09:14:21:   id_cotacao: 17917,
30/07/2026 09:14:21:   cotacao: 'Q6391645',
30/07/2026 09:14:21:   id_qldd: null,
30/07/2026 09:14:21:   anotacao: 'Tarefa: E001 - PME - 14.869.007/0001-59 | Fila: CPC - PME',
30/07/2026 09:14:21:   status: 'aprovado',
30/07/2026 09:14:21:   data_de_criacao: '30/07/2026 07:23',
30/07/2026 09:14:21:   data_da_ultima_atualizacao: '30/07/2026 09:14',
30/07/2026 09:14:21:   usuario_login: 'tuany.marques.3',
30/07/2026 09:14:21:   validacao: 'Ativo',
30/07/2026 09:14:21:   usuario_id: '124',
30/07/2026 09:14:21:   tarefa: '22894238',
30/07/2026 09:14:21:   origem: 'r_000250',
30/07/2026 09:14:21:   data_historico: 2026-07-29T13:19:49.000Z
30/07/2026 09:14:21: }
30/07/2026 09:14:23: [PUT] Atualizando cotação: 22894240
30/07/2026 09:14:23: [PUT] Usuário: allison.aguilar.3
30/07/2026 09:14:23: [PUT] Dados recebidos: {
30/07/2026 09:14:23:   anotacao: undefined,
30/07/2026 09:14:23:   status: 'aprovado',
30/07/2026 09:14:23:   auditoria_anotacao: undefined,
30/07/2026 09:14:23:   auditoria_status: undefined
30/07/2026 09:14:23: }
30/07/2026 09:14:23: [PUT] Linhas afetadas: 1
30/07/2026 09:14:23: [PUT] Cotação atualizada com sucesso: {
30/07/2026 09:14:23:   id_cotacao: 17918,
30/07/2026 09:14:23:   cotacao: 'Q6381534',
30/07/2026 09:14:23:   id_qldd: null,
30/07/2026 09:14:23:   anotacao: 'Tarefa: E001 - PME - 15.481.881/0001-87 | Fila: CPC - PME',
30/07/2026 09:14:23:   status: 'aprovado',
30/07/2026 09:14:23:   data_de_criacao: '30/07/2026 07:23',
30/07/2026 09:14:23:   data_da_ultima_atualizacao: '30/07/2026 09:14',
30/07/2026 09:14:23:   usuario_login: 'tuany.marques.3',
30/07/2026 09:14:23:   validacao: 'Ativo',
30/07/2026 09:14:23:   usuario_id: '124',
30/07/2026 09:14:23:   tarefa: '22894240',
30/07/2026 09:14:23:   origem: 'r_000250',
30/07/2026 09:14:23:   data_historico: 2026-07-29T13:19:56.000Z
30/07/2026 09:14:23: }
30/07/2026 09:14:24: [PUT] Atualizando cotação: 22894241
30/07/2026 09:14:24: [PUT] Usuário: allison.aguilar.3
30/07/2026 09:14:24: [PUT] Dados recebidos: {
30/07/2026 09:14:24:   anotacao: undefined,
30/07/2026 09:14:24:   status: 'aprovado',
30/07/2026 09:14:24:   auditoria_anotacao: undefined,
30/07/2026 09:14:24:   auditoria_status: undefined
30/07/2026 09:14:24: }
30/07/2026 09:14:24: [PUT] Linhas afetadas: 1
30/07/2026 09:14:24: [PUT] Cotação atualizada com sucesso: {
30/07/2026 09:14:24:   id_cotacao: 17919,
30/07/2026 09:14:24:   cotacao: 'Q6391500',
30/07/2026 09:14:24:   id_qldd: null,
30/07/2026 09:14:24:   anotacao: 'Tarefa: E001 - PME - 46.863.467/0001-66 | Fila: CPC - PME',
30/07/2026 09:14:24:   status: 'aprovado',
30/07/2026 09:14:24:   data_de_criacao: '30/07/2026 07:23',
30/07/2026 09:14:24:   data_da_ultima_atualizacao: '30/07/2026 09:14',
30/07/2026 09:14:24:   usuario_login: 'tuany.marques.3',
30/07/2026 09:14:24:   validacao: 'Ativo',
30/07/2026 09:14:24:   usuario_id: '124',
30/07/2026 09:14:24:   tarefa: '22894241',
30/07/2026 09:14:24:   origem: 'r_000250',
30/07/2026 09:14:24:   data_historico: 2026-07-29T13:19:59.000Z
30/07/2026 09:14:24: }
30/07/2026 09:14:26: [PUT] Atualizando cotação: 22894485
30/07/2026 09:14:26: [PUT] Usuário: allison.aguilar.3
30/07/2026 09:14:26: [PUT] Dados recebidos: {
30/07/2026 09:14:26:   anotacao: undefined,
30/07/2026 09:14:26:   status: 'aprovado',
30/07/2026 09:14:26:   auditoria_anotacao: undefined,
30/07/2026 09:14:26:   auditoria_status: undefined
30/07/2026 09:14:26: }
30/07/2026 09:14:26: [PUT] Linhas afetadas: 1
30/07/2026 09:14:26: [PUT] Cotação atualizada com sucesso: {
30/07/2026 09:14:26:   id_cotacao: 17957,
30/07/2026 09:14:26:   cotacao: 'Q6391937',
30/07/2026 09:14:26:   id_qldd: null,
30/07/2026 09:14:26:   anotacao: 'Tarefa: E001 - PME - 38.016.370/0001-90 | Fila: CPC - PME',
30/07/2026 09:14:26:   status: 'aprovado',
30/07/2026 09:14:26:   data_de_criacao: '30/07/2026 07:33',
30/07/2026 09:14:26:   data_da_ultima_atualizacao: '30/07/2026 09:14',
30/07/2026 09:14:26:   usuario_login: 'tuany.marques.3',
30/07/2026 09:14:26:   validacao: 'Ativo',
30/07/2026 09:14:26:   usuario_id: '124',
30/07/2026 09:14:26:   tarefa: '22894485',
30/07/2026 09:14:26:   origem: 'r_000250',
30/07/2026 09:14:26:   data_historico: 2026-07-29T13:58:40.000Z
30/07/2026 09:14:26: }
30/07/2026 09:14:27: [PUT] Atualizando cotação: 22894181
30/07/2026 09:14:27: [PUT] Usuário: rita.meira.3
30/07/2026 09:14:27: [PUT] Dados recebidos: {
30/07/2026 09:14:27:   anotacao: undefined,
30/07/2026 09:14:27:   status: 'aprovado',
30/07/2026 09:14:27:   auditoria_anotacao: undefined,
30/07/2026 09:14:27:   auditoria_status: undefined
30/07/2026 09:14:27: }
30/07/2026 09:14:27: [PUT] Linhas afetadas: 1
30/07/2026 09:14:27: [PUT] Cotação atualizada com sucesso: {
30/07/2026 09:14:27:   id_cotacao: 17903,
30/07/2026 09:14:27:   cotacao: 'Q6382980',
30/07/2026 09:14:27:   id_qldd: null,
30/07/2026 09:14:27:   anotacao: 'Tarefa: E001 - PME - 17.566.434/0001-56 | Fila: CPC - PME',
30/07/2026 09:14:27:   status: 'aprovado',
30/07/2026 09:14:27:   data_de_criacao: '30/07/2026 07:17',
30/07/2026 09:14:27:   data_da_ultima_atualizacao: '30/07/2026 09:14',
30/07/2026 09:14:27:   usuario_login: 'tuany.marques.3',
30/07/2026 09:14:27:   validacao: 'Ativo',
30/07/2026 09:14:27:   usuario_id: '147',
30/07/2026 09:14:27:   tarefa: '22894181',
30/07/2026 09:14:27:   origem: 'r_000250',
30/07/2026 09:14:27:   data_historico: 2026-07-29T13:11:28.000Z
30/07/2026 09:14:27: }
30/07/2026 09:14:28: [PUT] Atualizando cotação: 22894494
30/07/2026 09:14:28: [PUT] Usuário: allison.aguilar.3
30/07/2026 09:14:28: [PUT] Dados recebidos: {
30/07/2026 09:14:28:   anotacao: undefined,
30/07/2026 09:14:28:   status: 'aprovado',
30/07/2026 09:14:28:   auditoria_anotacao: undefined,
30/07/2026 09:14:28:   auditoria_status: undefined
30/07/2026 09:14:28: }
30/07/2026 09:14:28: [PUT] Linhas afetadas: 1
30/07/2026 09:14:28: [PUT] Cotação atualizada com sucesso: {
30/07/2026 09:14:28:   id_cotacao: 17958,
30/07/2026 09:14:28:   cotacao: 'Q6390272',
30/07/2026 09:14:28:   id_qldd: null,
30/07/2026 09:14:28:   anotacao: 'Tarefa: E001 - PME - 05.313.255/0001-28 | Fila: CPC - PME',
30/07/2026 09:14:28:   status: 'aprovado',
30/07/2026 09:14:28:   data_de_criacao: '30/07/2026 07:33',
30/07/2026 09:14:28:   data_da_ultima_atualizacao: '30/07/2026 09:14',
30/07/2026 09:14:28:   usuario_login: 'tuany.marques.3',
30/07/2026 09:14:28:   validacao: 'Ativo',
30/07/2026 09:14:28:   usuario_id: '124',
30/07/2026 09:14:28:   tarefa: '22894494',
30/07/2026 09:14:28:   origem: 'r_000250',
30/07/2026 09:14:28:   data_historico: 2026-07-29T14:00:10.000Z
30/07/2026 09:14:28: }
30/07/2026 09:14:30: [PUT] Atualizando cotação: 22894517
30/07/2026 09:14:30: [PUT] Usuário: allison.aguilar.3
30/07/2026 09:14:30: [PUT] Dados recebidos: {
30/07/2026 09:14:30:   anotacao: undefined,
30/07/2026 09:14:30:   status: 'aprovado',
30/07/2026 09:14:30:   auditoria_anotacao: undefined,
30/07/2026 09:14:30:   auditoria_status: undefined
30/07/2026 09:14:30: }
30/07/2026 09:14:30: [PUT] Linhas afetadas: 1
30/07/2026 09:14:30: [PUT] Cotação atualizada com sucesso: {
30/07/2026 09:14:30:   id_cotacao: 17960,
30/07/2026 09:14:30:   cotacao: 'Q6391890',
30/07/2026 09:14:30:   id_qldd: null,
30/07/2026 09:14:30:   anotacao: 'Tarefa: E001 - PME - 22.042.658/0001-07 | Fila: CPC - PME',
30/07/2026 09:14:30:   status: 'aprovado',
30/07/2026 09:14:30:   data_de_criacao: '30/07/2026 07:33',
30/07/2026 09:14:30:   data_da_ultima_atualizacao: '30/07/2026 09:14',
30/07/2026 09:14:30:   usuario_login: 'tuany.marques.3',
30/07/2026 09:14:30:   validacao: 'Ativo',
30/07/2026 09:14:30:   usuario_id: '124',
30/07/2026 09:14:30:   tarefa: '22894517',
30/07/2026 09:14:30:   origem: 'r_000250',
30/07/2026 09:14:30:   data_historico: 2026-07-29T14:02:50.000Z
30/07/2026 09:14:30: }
30/07/2026 09:14:32: [PUT] Atualizando cotação: 22894518
30/07/2026 09:14:32: [PUT] Usuário: allison.aguilar.3
30/07/2026 09:14:32: [PUT] Dados recebidos: {
30/07/2026 09:14:32:   anotacao: undefined,
30/07/2026 09:14:32:   status: 'aprovado',
30/07/2026 09:14:32:   auditoria_anotacao: undefined,
30/07/2026 09:14:32:   auditoria_status: undefined
30/07/2026 09:14:32: }
30/07/2026 09:14:32: [PUT] Linhas afetadas: 1
30/07/2026 09:14:32: [PUT] Cotação atualizada com sucesso: {
30/07/2026 09:14:32:   id_cotacao: 17959,
30/07/2026 09:14:32:   cotacao: 'Q6391900',
30/07/2026 09:14:32:   id_qldd: null,
30/07/2026 09:14:32:   anotacao: 'Tarefa: E001 - PME - 63.006.217/0001-29 | Fila: CPC - PME',
30/07/2026 09:14:32:   status: 'aprovado',
30/07/2026 09:14:32:   data_de_criacao: '30/07/2026 07:33',
30/07/2026 09:14:32:   data_da_ultima_atualizacao: '30/07/2026 09:14',
30/07/2026 09:14:32:   usuario_login: 'tuany.marques.3',
30/07/2026 09:14:32:   validacao: 'Ativo',
30/07/2026 09:14:32:   usuario_id: '124',
30/07/2026 09:14:32:   tarefa: '22894518',
30/07/2026 09:14:32:   origem: 'r_000250',
30/07/2026 09:14:32:   data_historico: 2026-07-29T14:02:50.000Z
30/07/2026 09:14:32: }
30/07/2026 09:14:34: [PUT] Atualizando cotação: 22894521
30/07/2026 09:14:34: [PUT] Usuário: allison.aguilar.3
30/07/2026 09:14:34: [PUT] Dados recebidos: {
30/07/2026 09:14:34:   anotacao: undefined,
30/07/2026 09:14:34:   status: 'aprovado',
30/07/2026 09:14:34:   auditoria_anotacao: undefined,
30/07/2026 09:14:34:   auditoria_status: undefined
30/07/2026 09:14:34: }
30/07/2026 09:14:34: [PUT] Linhas afetadas: 1
30/07/2026 09:14:34: [PUT] Cotação atualizada com sucesso: {
30/07/2026 09:14:34:   id_cotacao: 17961,
30/07/2026 09:14:34:   cotacao: 'Q6388916',
30/07/2026 09:14:34:   id_qldd: null,
30/07/2026 09:14:34:   anotacao: 'Tarefa: E001 - PME - 47.949.656/0031-34 | Fila: CPC - PME',
30/07/2026 09:14:34:   status: 'aprovado',
30/07/2026 09:14:34:   data_de_criacao: '30/07/2026 07:33',
30/07/2026 09:14:34:   data_da_ultima_atualizacao: '30/07/2026 09:14',
30/07/2026 09:14:34:   usuario_login: 'tuany.marques.3',
30/07/2026 09:14:34:   validacao: 'Ativo',
30/07/2026 09:14:34:   usuario_id: '124',
30/07/2026 09:14:34:   tarefa: '22894521',
30/07/2026 09:14:34:   origem: 'r_000250',
30/07/2026 09:14:34:   data_historico: 2026-07-29T14:03:29.000Z
30/07/2026 09:14:34: }
30/07/2026 09:15:20: [PUT] Atualizando cotação: 22894751
30/07/2026 09:15:20: [PUT] Usuário: eduardo.jesus.3
30/07/2026 09:15:20: [PUT] Dados recebidos: {
30/07/2026 09:15:20:   anotacao: undefined,
30/07/2026 09:15:20:   status: 'aprovado',
30/07/2026 09:15:20:   auditoria_anotacao: undefined,
30/07/2026 09:15:20:   auditoria_status: undefined
30/07/2026 09:15:20: }
30/07/2026 09:15:20: [PUT] Linhas afetadas: 1
30/07/2026 09:15:20: [PUT] Cotação atualizada com sucesso: {
30/07/2026 09:15:20:   id_cotacao: 18028,
30/07/2026 09:15:20:   cotacao: 'Q6391374',
30/07/2026 09:15:20:   id_qldd: null,
30/07/2026 09:15:20:   anotacao: 'Tarefa: E001 - PME - 23.458.758/0001-73 | Fila: CPC - PME',
30/07/2026 09:15:20:   status: 'aprovado',
30/07/2026 09:15:20:   data_de_criacao: '30/07/2026 08:45',
30/07/2026 09:15:20:   data_da_ultima_atualizacao: '30/07/2026 09:15',
30/07/2026 09:15:20:   usuario_login: 'tuany.marques.3',
30/07/2026 09:15:20:   validacao: 'Ativo',
30/07/2026 09:15:20:   usuario_id: '200',
30/07/2026 09:15:20:   tarefa: '22894751',
30/07/2026 09:15:20:   origem: 'r_000250',
30/07/2026 09:15:20:   data_historico: 2026-07-29T14:38:43.000Z
30/07/2026 09:15:20: }
30/07/2026 09:15:25: [PUT] Atualizando cotação: 22894751
30/07/2026 09:15:25: [PUT] Usuário: eduardo.jesus.3
30/07/2026 09:15:25: [PUT] Dados recebidos: {
30/07/2026 09:15:25:   anotacao: 'aprovado',
30/07/2026 09:15:25:   status: 'aprovado',
30/07/2026 09:15:25:   auditoria_anotacao: '',
30/07/2026 09:15:25:   auditoria_status: ''
30/07/2026 09:15:25: }
30/07/2026 09:15:25: [PUT] Linhas afetadas: 1
30/07/2026 09:15:25: [PUT] Cotação atualizada com sucesso: {
30/07/2026 09:15:25:   id_cotacao: 18028,
30/07/2026 09:15:25:   cotacao: 'Q6391374',
30/07/2026 09:15:25:   id_qldd: null,
30/07/2026 09:15:25:   anotacao: 'aprovado',
30/07/2026 09:15:25:   status: 'aprovado',
30/07/2026 09:15:25:   data_de_criacao: '30/07/2026 08:45',
30/07/2026 09:15:25:   data_da_ultima_atualizacao: '30/07/2026 09:15',
30/07/2026 09:15:25:   usuario_login: 'tuany.marques.3',
30/07/2026 09:15:25:   validacao: 'Ativo',
30/07/2026 09:15:25:   usuario_id: '200',
30/07/2026 09:15:25:   tarefa: '22894751',
30/07/2026 09:15:25:   origem: 'r_000250',
30/07/2026 09:15:25:   data_historico: 2026-07-29T14:38:43.000Z
30/07/2026 09:15:25: }
30/07/2026 09:15:30: [PUT] Atualizando cotação: 22895081
30/07/2026 09:15:30: [PUT] Usuário: rosa.ferreira.3
30/07/2026 09:15:30: [PUT] Dados recebidos: {
30/07/2026 09:15:30:   anotacao: undefined,
30/07/2026 09:15:30:   status: 'assumido',
30/07/2026 09:15:30:   auditoria_anotacao: undefined,
30/07/2026 09:15:30:   auditoria_status: undefined
30/07/2026 09:15:30: }
30/07/2026 09:15:30: [PUT] Linhas afetadas: 1
30/07/2026 09:15:30: [PUT] Cotação atualizada com sucesso: {
30/07/2026 09:15:30:   id_cotacao: 18084,
30/07/2026 09:15:30:   cotacao: 'Q6392317',
30/07/2026 09:15:30:   id_qldd: null,
30/07/2026 09:15:30:   anotacao: 'Tarefa: E001 - PME - 96.224.407/0001-71 | Fila: CPC - PME',
30/07/2026 09:15:30:   status: 'assumido',
30/07/2026 09:15:30:   data_de_criacao: '30/07/2026 08:54',
30/07/2026 09:15:30:   data_da_ultima_atualizacao: '30/07/2026 09:15',
30/07/2026 09:15:30:   usuario_login: 'tuany.marques.3',
30/07/2026 09:15:30:   validacao: 'Ativo',
30/07/2026 09:15:30:   usuario_id: '148',
30/07/2026 09:15:30:   tarefa: '22895081',
30/07/2026 09:15:30:   origem: 'r_000250',
30/07/2026 09:15:30:   data_historico: 2026-07-29T15:24:08.000Z
30/07/2026 09:15:30: }
30/07/2026 09:16:54: [PUT] Atualizando cotação: 22894537
30/07/2026 09:16:54: [PUT] Usuário: maristela.martins
30/07/2026 09:16:54: [PUT] Dados recebidos: {
30/07/2026 09:16:54:   anotacao: undefined,
30/07/2026 09:16:54:   status: 'reprovado',
30/07/2026 09:16:54:   auditoria_anotacao: undefined,
30/07/2026 09:16:54:   auditoria_status: undefined
30/07/2026 09:16:54: }
30/07/2026 09:16:54: [PUT] Linhas afetadas: 1
30/07/2026 09:16:54: [PUT] Cotação atualizada com sucesso: {
30/07/2026 09:16:54:   id_cotacao: 17978,
30/07/2026 09:16:54:   cotacao: 'Q6342799',
30/07/2026 09:16:54:   id_qldd: null,
30/07/2026 09:16:54:   anotacao: 'Tarefa: E001 - PME - 00.458.044/0001-60 | Fila: CPC - PME',
30/07/2026 09:16:54:   status: 'reprovado',
30/07/2026 09:16:54:   data_de_criacao: '30/07/2026 07:50',
30/07/2026 09:16:54:   data_da_ultima_atualizacao: '30/07/2026 09:16',
30/07/2026 09:16:54:   usuario_login: 'tuany.marques.3',
30/07/2026 09:16:54:   validacao: 'Ativo',
30/07/2026 09:16:54:   usuario_id: '143',
30/07/2026 09:16:54:   tarefa: '22894537',
30/07/2026 09:16:54:   origem: 'r_000250',
30/07/2026 09:16:54:   data_historico: 2026-07-29T14:05:02.000Z
30/07/2026 09:16:54: }
30/07/2026 09:17:00: [PUT] Atualizando cotação: 22894537
30/07/2026 09:17:00: [PUT] Usuário: maristela.martins
30/07/2026 09:17:00: [PUT] Dados recebidos: {
30/07/2026 09:17:00:   anotacao: 'Tarefa: E001 - PME - 00.458.044/0001-60 | Fila: CPC - PME\n' +
30/07/2026 09:17:00:     '\n' +
30/07/2026 09:17:00:     '> Os seguintes dados cadastrais do administrador de contas informado divergem entre CPC e TCPJ: E-mail **Divergência de Dados Administrador (ADM)**\n' +
30/07/2026 09:17:00:     '\n' +
30/07/2026 09:17:00:     '\n' +
30/07/2026 09:17:00:     '> Na cotação detalhada o PJ Pacote Mobilidade Combo não foi inserido na Ordem Assinante 1612405240 - 1612411627-1612417033  divergindo do informado do TCPJ e Ofertas Vigentes.  ** SVA não inserido**\n',
30/07/2026 09:17:00:   status: 'reprovado',
30/07/2026 09:17:00:   auditoria_anotacao: '',
30/07/2026 09:17:00:   auditoria_status: ''
30/07/2026 09:17:00: }
30/07/2026 09:17:00: [PUT] Linhas afetadas: 1
30/07/2026 09:17:00: [PUT] Cotação atualizada com sucesso: {
30/07/2026 09:17:00:   id_cotacao: 17978,
30/07/2026 09:17:00:   cotacao: 'Q6342799',
30/07/2026 09:17:00:   id_qldd: null,
30/07/2026 09:17:00:   anotacao: 'Tarefa: E001 - PME - 00.458.044/0001-60 | Fila: CPC - PME\n' +
30/07/2026 09:17:00:     '\n' +
30/07/2026 09:17:00:     '> Os seguintes dados cadastrais do administrador de contas informado divergem entre CPC e TCPJ: E-mail **Divergência de Dados Administrador (ADM)**\n' +
30/07/2026 09:17:00:     '\n' +
30/07/2026 09:17:00:     '\n' +
30/07/2026 09:17:00:     '> Na cotação detalhada o PJ Pacote Mobilidade Combo não foi inserido na Ordem Assinante 1612405240 - 1612411627-1612417033  divergindo do informado do TCPJ e Ofertas Vigentes.  ** SVA não inserido**\n',
30/07/2026 09:17:00:   status: 'reprovado',
30/07/2026 09:17:00:   data_de_criacao: '30/07/2026 07:50',
30/07/2026 09:17:00:   data_da_ultima_atualizacao: '30/07/2026 09:17',
30/07/2026 09:17:00:   usuario_login: 'tuany.marques.3',
30/07/2026 09:17:00:   validacao: 'Ativo',
30/07/2026 09:17:00:   usuario_id: '143',
30/07/2026 09:17:00:   tarefa: '22894537',
30/07/2026 09:17:00:   origem: 'r_000250',
30/07/2026 09:17:00:   data_historico: 2026-07-29T14:05:02.000Z
30/07/2026 09:17:00: }
30/07/2026 09:17:27: [PUT] Atualizando cotação: 22894413
30/07/2026 09:17:27: [PUT] Usuário: samanta.andrade
30/07/2026 09:17:27: [PUT] Dados recebidos: {
30/07/2026 09:17:27:   anotacao: undefined,
30/07/2026 09:17:27:   status: 'aprovado',
30/07/2026 09:17:27:   auditoria_anotacao: undefined,
30/07/2026 09:17:27:   auditoria_status: undefined
30/07/2026 09:17:27: }
30/07/2026 09:17:27: [PUT] Linhas afetadas: 1
30/07/2026 09:17:27: [PUT] Cotação atualizada com sucesso: {
30/07/2026 09:17:27:   id_cotacao: 17944,
30/07/2026 09:17:27:   cotacao: 'Q6391845',
30/07/2026 09:17:27:   id_qldd: null,
30/07/2026 09:17:27:   anotacao: 'Tarefa: E001 - PME - 20.644.828/0001-90 | Fila: CPC - PME',
30/07/2026 09:17:27:   status: 'aprovado',
30/07/2026 09:17:27:   data_de_criacao: '30/07/2026 07:33',
30/07/2026 09:17:27:   data_da_ultima_atualizacao: '30/07/2026 09:17',
30/07/2026 09:17:27:   usuario_login: 'tuany.marques.3',
30/07/2026 09:17:27:   validacao: 'Ativo',
30/07/2026 09:17:27:   usuario_id: '150',
30/07/2026 09:17:27:   tarefa: '22894413',
30/07/2026 09:17:27:   origem: 'r_000250',
30/07/2026 09:17:27:   data_historico: 2026-07-29T13:48:40.000Z
30/07/2026 09:17:27: }
30/07/2026 09:18:31: [PUT] Atualizando cotação: 22894415
30/07/2026 09:18:31: [PUT] Usuário: samanta.andrade
30/07/2026 09:18:31: [PUT] Dados recebidos: {
30/07/2026 09:18:31:   anotacao: undefined,
30/07/2026 09:18:31:   status: 'assumido',
30/07/2026 09:18:31:   auditoria_anotacao: undefined,
30/07/2026 09:18:31:   auditoria_status: undefined
30/07/2026 09:18:31: }
30/07/2026 09:18:31: [PUT] Linhas afetadas: 1
30/07/2026 09:18:31: [PUT] Cotação atualizada com sucesso: {
30/07/2026 09:18:31:   id_cotacao: 17945,
30/07/2026 09:18:31:   cotacao: 'Q6390111',
30/07/2026 09:18:31:   id_qldd: null,
30/07/2026 09:18:31:   anotacao: 'Tarefa: E001 - PME - 06.285.496/0001-73 | Fila: CPC - PME',
30/07/2026 09:18:31:   status: 'assumido',
30/07/2026 09:18:31:   data_de_criacao: '30/07/2026 07:33',
30/07/2026 09:18:31:   data_da_ultima_atualizacao: '30/07/2026 09:18',
30/07/2026 09:18:31:   usuario_login: 'tuany.marques.3',
30/07/2026 09:18:31:   validacao: 'Ativo',
30/07/2026 09:18:31:   usuario_id: '150',
30/07/2026 09:18:31:   tarefa: '22894415',
30/07/2026 09:18:31:   origem: 'r_000250',
30/07/2026 09:18:31:   data_historico: 2026-07-29T13:49:05.000Z
30/07/2026 09:18:31: }
30/07/2026 09:20:20: [PUT] Atualizando cotação: 22894756
30/07/2026 09:20:20: [PUT] Usuário: eduardo.jesus.3
30/07/2026 09:20:20: [PUT] Dados recebidos: {
30/07/2026 09:20:20:   anotacao: undefined,
30/07/2026 09:20:20:   status: 'aprovado',
30/07/2026 09:20:20:   auditoria_anotacao: undefined,
30/07/2026 09:20:20:   auditoria_status: undefined
30/07/2026 09:20:20: }
30/07/2026 09:20:20: [PUT] Linhas afetadas: 1
30/07/2026 09:20:20: [PUT] Cotação atualizada com sucesso: {
30/07/2026 09:20:20:   id_cotacao: 18029,
30/07/2026 09:20:20:   cotacao: 'Q6392008',
30/07/2026 09:20:20:   id_qldd: null,
30/07/2026 09:20:20:   anotacao: 'Tarefa: E001 - PME - 67.036.392/0001-10 | Fila: CPC - PME',
30/07/2026 09:20:20:   status: 'aprovado',
30/07/2026 09:20:20:   data_de_criacao: '30/07/2026 08:45',
30/07/2026 09:20:20:   data_da_ultima_atualizacao: '30/07/2026 09:20',
30/07/2026 09:20:20:   usuario_login: 'tuany.marques.3',
30/07/2026 09:20:20:   validacao: 'Ativo',
30/07/2026 09:20:20:   usuario_id: '200',
30/07/2026 09:20:20:   tarefa: '22894756',
30/07/2026 09:20:20:   origem: 'r_000250',
30/07/2026 09:20:20:   data_historico: 2026-07-29T14:39:33.000Z
30/07/2026 09:20:20: }
30/07/2026 09:20:26: [PUT] Atualizando cotação: 22894756
30/07/2026 09:20:26: [PUT] Usuário: eduardo.jesus.3
30/07/2026 09:20:26: [PUT] Dados recebidos: {
30/07/2026 09:20:26:   anotacao: 'aprovado',
30/07/2026 09:20:26:   status: 'aprovado',
30/07/2026 09:20:26:   auditoria_anotacao: '',
30/07/2026 09:20:26:   auditoria_status: ''
30/07/2026 09:20:26: }
30/07/2026 09:20:26: [PUT] Linhas afetadas: 1
30/07/2026 09:20:26: [PUT] Cotação atualizada com sucesso: {
30/07/2026 09:20:26:   id_cotacao: 18029,
30/07/2026 09:20:26:   cotacao: 'Q6392008',
30/07/2026 09:20:26:   id_qldd: null,
30/07/2026 09:20:26:   anotacao: 'aprovado',
30/07/2026 09:20:26:   status: 'aprovado',
30/07/2026 09:20:26:   data_de_criacao: '30/07/2026 08:45',
30/07/2026 09:20:26:   data_da_ultima_atualizacao: '30/07/2026 09:20',
30/07/2026 09:20:26:   usuario_login: 'tuany.marques.3',
30/07/2026 09:20:26:   validacao: 'Ativo',
30/07/2026 09:20:26:   usuario_id: '200',
30/07/2026 09:20:26:   tarefa: '22894756',
30/07/2026 09:20:26:   origem: 'r_000250',
30/07/2026 09:20:26:   data_historico: 2026-07-29T14:39:33.000Z
30/07/2026 09:20:26: }
30/07/2026 09:21:00: [PUT] Atualizando cotação: 22894184
30/07/2026 09:21:00: [PUT] Usuário: rita.meira.3
30/07/2026 09:21:00: [PUT] Dados recebidos: {
30/07/2026 09:21:00:   anotacao: undefined,
30/07/2026 09:21:00:   status: 'aprovado',
30/07/2026 09:21:00:   auditoria_anotacao: undefined,
30/07/2026 09:21:00:   auditoria_status: undefined
30/07/2026 09:21:00: }
30/07/2026 09:21:00: [PUT] Linhas afetadas: 1
30/07/2026 09:21:00: [PUT] Cotação atualizada com sucesso: {
30/07/2026 09:21:00:   id_cotacao: 17904,
30/07/2026 09:21:00:   cotacao: 'Q6384767',
30/07/2026 09:21:00:   id_qldd: null,
30/07/2026 09:21:00:   anotacao: 'Tarefa: E001 - PME - 04.719.584/0001-00 | Fila: CPC - PME',
30/07/2026 09:21:00:   status: 'aprovado',
30/07/2026 09:21:00:   data_de_criacao: '30/07/2026 07:17',
30/07/2026 09:21:00:   data_da_ultima_atualizacao: '30/07/2026 09:21',
30/07/2026 09:21:00:   usuario_login: 'tuany.marques.3',
30/07/2026 09:21:00:   validacao: 'Ativo',
30/07/2026 09:21:00:   usuario_id: '147',
30/07/2026 09:21:00:   tarefa: '22894184',
30/07/2026 09:21:00:   origem: 'r_000250',
30/07/2026 09:21:00:   data_historico: 2026-07-29T13:12:06.000Z
30/07/2026 09:21:00: }
30/07/2026 09:22:34: [PUT] Atualizando cotação: 22894197
30/07/2026 09:22:34: [PUT] Usuário: yasmin.santana
30/07/2026 09:22:34: [PUT] Dados recebidos: {
30/07/2026 09:22:34:   anotacao: undefined,
30/07/2026 09:22:34:   status: 'aprovado',
30/07/2026 09:22:34:   auditoria_anotacao: undefined,
30/07/2026 09:22:34:   auditoria_status: undefined
30/07/2026 09:22:34: }
30/07/2026 09:22:34: [PUT] Linhas afetadas: 1
30/07/2026 09:22:34: [PUT] Cotação atualizada com sucesso: {
30/07/2026 09:22:34:   id_cotacao: 17907,
30/07/2026 09:22:34:   cotacao: 'Q6391685',
30/07/2026 09:22:34:   id_qldd: null,
30/07/2026 09:22:34:   anotacao: 'Tarefa: E001 - PME - 12.934.912/0001-10 | Fila: CPC - PME',
30/07/2026 09:22:34:   status: 'aprovado',
30/07/2026 09:22:34:   data_de_criacao: '30/07/2026 07:18',
30/07/2026 09:22:34:   data_da_ultima_atualizacao: '30/07/2026 09:22',
30/07/2026 09:22:34:   usuario_login: 'tuany.marques.3',
30/07/2026 09:22:34:   validacao: 'Ativo',
30/07/2026 09:22:34:   usuario_id: '156',
30/07/2026 09:22:34:   tarefa: '22894197',
30/07/2026 09:22:34:   origem: 'r_000250',
30/07/2026 09:22:34:   data_historico: 2026-07-29T13:13:45.000Z
30/07/2026 09:22:34: }
30/07/2026 09:22:42: [PUT] Atualizando cotação: 22895000
30/07/2026 09:22:42: [PUT] Usuário: eder.fernandes.3
30/07/2026 09:22:42: [PUT] Dados recebidos: {
30/07/2026 09:22:42:   anotacao: undefined,
30/07/2026 09:22:42:   status: 'aprovado',
30/07/2026 09:22:42:   auditoria_anotacao: undefined,
30/07/2026 09:22:42:   auditoria_status: undefined
30/07/2026 09:22:42: }
30/07/2026 09:22:42: [PUT] Linhas afetadas: 1
30/07/2026 09:22:42: [PUT] Cotação atualizada com sucesso: {
30/07/2026 09:22:42:   id_cotacao: 18077,
30/07/2026 09:22:42:   cotacao: 'Q6392409',
30/07/2026 09:22:42:   id_qldd: null,
30/07/2026 09:22:42:   anotacao: 'Tarefa: E001 - PME - 72.011.364/0001-88 | Fila: CPC - PME',
30/07/2026 09:22:42:   status: 'aprovado',
30/07/2026 09:22:42:   data_de_criacao: '30/07/2026 08:53',
30/07/2026 09:22:42:   data_da_ultima_atualizacao: '30/07/2026 09:22',
30/07/2026 09:22:42:   usuario_login: 'tuany.marques.3',
30/07/2026 09:22:42:   validacao: 'Ativo',
30/07/2026 09:22:42:   usuario_id: '129',
30/07/2026 09:22:42:   tarefa: '22895000',
30/07/2026 09:22:42:   origem: 'r_000250',
30/07/2026 09:22:42:   data_historico: 2026-07-29T15:10:59.000Z
30/07/2026 09:22:42: }
30/07/2026 09:23:10: [PUT] Atualizando cotação: 22894770
30/07/2026 09:23:10: [PUT] Usuário: karen.santos.3
30/07/2026 09:23:10: [PUT] Dados recebidos: {
30/07/2026 09:23:10:   anotacao: undefined,
30/07/2026 09:23:10:   status: 'aprovado',
30/07/2026 09:23:10:   auditoria_anotacao: undefined,
30/07/2026 09:23:10:   auditoria_status: undefined
30/07/2026 09:23:10: }
30/07/2026 09:23:10: [PUT] Linhas afetadas: 1
30/07/2026 09:23:10: [PUT] Cotação atualizada com sucesso: {
30/07/2026 09:23:10:   id_cotacao: 18034,
30/07/2026 09:23:10:   cotacao: 'Q6392148',
30/07/2026 09:23:10:   id_qldd: null,
30/07/2026 09:23:10:   anotacao: 'Tarefa: E001 - PME - 55.314.887/0001-84 | Fila: CPC - PME',
30/07/2026 09:23:10:   status: 'aprovado',
30/07/2026 09:23:10:   data_de_criacao: '30/07/2026 08:46',
30/07/2026 09:23:10:   data_da_ultima_atualizacao: '30/07/2026 09:23',
30/07/2026 09:23:10:   usuario_login: 'tuany.marques.3',
30/07/2026 09:23:10:   validacao: 'Ativo',
30/07/2026 09:23:10:   usuario_id: '136',
30/07/2026 09:23:10:   tarefa: '22894770',
30/07/2026 09:23:10:   origem: 'r_000250',
30/07/2026 09:23:10:   data_historico: 2026-07-29T14:40:50.000Z
30/07/2026 09:23:10: }
30/07/2026 09:23:12: [PUT] Atualizando cotação: 22894781
30/07/2026 09:23:12: [PUT] Usuário: karen.santos.3
30/07/2026 09:23:12: [PUT] Dados recebidos: {
30/07/2026 09:23:12:   anotacao: undefined,
30/07/2026 09:23:12:   status: 'assumido',
30/07/2026 09:23:12:   auditoria_anotacao: undefined,
30/07/2026 09:23:12:   auditoria_status: undefined
30/07/2026 09:23:12: }
30/07/2026 09:23:12: [PUT] Linhas afetadas: 1
30/07/2026 09:23:12: [PUT] Cotação atualizada com sucesso: {
30/07/2026 09:23:12:   id_cotacao: 18035,
30/07/2026 09:23:12:   cotacao: 'Q6388838',
30/07/2026 09:23:12:   id_qldd: null,
30/07/2026 09:23:12:   anotacao: 'Tarefa: E001 - PME - 22.687.129/0001-52 | Fila: CPC - PME',
30/07/2026 09:23:12:   status: 'assumido',
30/07/2026 09:23:12:   data_de_criacao: '30/07/2026 08:46',
30/07/2026 09:23:12:   data_da_ultima_atualizacao: '30/07/2026 09:23',
30/07/2026 09:23:12:   usuario_login: 'tuany.marques.3',
30/07/2026 09:23:12:   validacao: 'Ativo',
30/07/2026 09:23:12:   usuario_id: '136',
30/07/2026 09:23:12:   tarefa: '22894781',
30/07/2026 09:23:12:   origem: 'r_000250',
30/07/2026 09:23:12:   data_historico: 2026-07-29T14:42:13.000Z
30/07/2026 09:23:12: }
30/07/2026 09:23:27: [PUT] Atualizando cotação: 22894760
30/07/2026 09:23:27: [PUT] Usuário: eduardo.jesus.3
30/07/2026 09:23:27: [PUT] Dados recebidos: {
30/07/2026 09:23:27:   anotacao: undefined,
30/07/2026 09:23:27:   status: 'aprovado',
30/07/2026 09:23:27:   auditoria_anotacao: undefined,
30/07/2026 09:23:27:   auditoria_status: undefined
30/07/2026 09:23:27: }
30/07/2026 09:23:27: [PUT] Linhas afetadas: 1
30/07/2026 09:23:27: [PUT] Cotação atualizada com sucesso: {
30/07/2026 09:23:27:   id_cotacao: 18030,
30/07/2026 09:23:27:   cotacao: 'Q6387555',
30/07/2026 09:23:27:   id_qldd: null,
30/07/2026 09:23:27:   anotacao: 'Tarefa: E001 - PME - 02.842.670/0001-80 | Fila: CPC - PME',
30/07/2026 09:23:27:   status: 'aprovado',
30/07/2026 09:23:27:   data_de_criacao: '30/07/2026 08:45',
30/07/2026 09:23:27:   data_da_ultima_atualizacao: '30/07/2026 09:23',
30/07/2026 09:23:27:   usuario_login: 'tuany.marques.3',
30/07/2026 09:23:27:   validacao: 'Ativo',
30/07/2026 09:23:27:   usuario_id: '200',
30/07/2026 09:23:27:   tarefa: '22894760',
30/07/2026 09:23:27:   origem: 'r_000250',
30/07/2026 09:23:27:   data_historico: 2026-07-29T14:39:53.000Z
30/07/2026 09:23:27: }
30/07/2026 09:23:32: [PUT] Atualizando cotação: 22894760
30/07/2026 09:23:32: [PUT] Usuário: eduardo.jesus.3
30/07/2026 09:23:32: [PUT] Dados recebidos: {
30/07/2026 09:23:32:   anotacao: 'aprovado',
30/07/2026 09:23:32:   status: 'aprovado',
30/07/2026 09:23:32:   auditoria_anotacao: '',
30/07/2026 09:23:32:   auditoria_status: ''
30/07/2026 09:23:32: }
30/07/2026 09:23:32: [PUT] Linhas afetadas: 1
30/07/2026 09:23:32: [PUT] Cotação atualizada com sucesso: {
30/07/2026 09:23:32:   id_cotacao: 18030,
30/07/2026 09:23:32:   cotacao: 'Q6387555',
30/07/2026 09:23:32:   id_qldd: null,
30/07/2026 09:23:32:   anotacao: 'aprovado',
30/07/2026 09:23:32:   status: 'aprovado',
30/07/2026 09:23:32:   data_de_criacao: '30/07/2026 08:45',
30/07/2026 09:23:32:   data_da_ultima_atualizacao: '30/07/2026 09:23',
30/07/2026 09:23:32:   usuario_login: 'tuany.marques.3',
30/07/2026 09:23:32:   validacao: 'Ativo',
30/07/2026 09:23:32:   usuario_id: '200',
30/07/2026 09:23:32:   tarefa: '22894760',
30/07/2026 09:23:32:   origem: 'r_000250',
30/07/2026 09:23:32:   data_historico: 2026-07-29T14:39:53.000Z
30/07/2026 09:23:32: }
30/07/2026 09:23:41: [PUT] Atualizando cotação: 22894536
30/07/2026 09:23:41: [PUT] Usuário: maristela.martins
30/07/2026 09:23:41: [PUT] Dados recebidos: {
30/07/2026 09:23:41:   anotacao: undefined,
30/07/2026 09:23:41:   status: 'aprovado',
30/07/2026 09:23:41:   auditoria_anotacao: undefined,
30/07/2026 09:23:41:   auditoria_status: undefined
30/07/2026 09:23:41: }
30/07/2026 09:23:41: [PUT] Linhas afetadas: 1
30/07/2026 09:23:41: [PUT] Cotação atualizada com sucesso: {
30/07/2026 09:23:41:   id_cotacao: 17977,
30/07/2026 09:23:41:   cotacao: 'Q6391846',
30/07/2026 09:23:41:   id_qldd: null,
30/07/2026 09:23:41:   anotacao: 'Tarefa: E001 - PME - 05.587.594/0001-00 | Fila: CPC - PME',
30/07/2026 09:23:41:   status: 'aprovado',
30/07/2026 09:23:41:   data_de_criacao: '30/07/2026 07:50',
30/07/2026 09:23:41:   data_da_ultima_atualizacao: '30/07/2026 09:23',
30/07/2026 09:23:41:   usuario_login: 'tuany.marques.3',
30/07/2026 09:23:41:   validacao: 'Ativo',
30/07/2026 09:23:41:   usuario_id: '143',
30/07/2026 09:23:41:   tarefa: '22894536',
30/07/2026 09:23:41:   origem: 'r_000250',
30/07/2026 09:23:41:   data_historico: 2026-07-29T14:04:56.000Z
30/07/2026 09:23:41: }
30/07/2026 09:25:12: [PUT] Atualizando cotação: 22894360
30/07/2026 09:25:12: [PUT] Usuário: rita.meira.3
30/07/2026 09:25:12: [PUT] Dados recebidos: {
30/07/2026 09:25:12:   anotacao: undefined,
30/07/2026 09:25:12:   status: 'aprovado',
30/07/2026 09:25:12:   auditoria_anotacao: undefined,
30/07/2026 09:25:12:   auditoria_status: undefined
30/07/2026 09:25:12: }
30/07/2026 09:25:12: [PUT] Linhas afetadas: 1
30/07/2026 09:25:12: [PUT] Cotação atualizada com sucesso: {
30/07/2026 09:25:12:   id_cotacao: 17937,
30/07/2026 09:25:12:   cotacao: 'Q6391873',
30/07/2026 09:25:12:   id_qldd: null,
30/07/2026 09:25:12:   anotacao: 'Tarefa: E001 - PME - 35.256.106/0001-35 | Fila: CPC - PME',
30/07/2026 09:25:12:   status: 'aprovado',
30/07/2026 09:25:12:   data_de_criacao: '30/07/2026 07:32',
30/07/2026 09:25:12:   data_da_ultima_atualizacao: '30/07/2026 09:25',
30/07/2026 09:25:12:   usuario_login: 'tuany.marques.3',
30/07/2026 09:25:12:   validacao: 'Ativo',
30/07/2026 09:25:12:   usuario_id: '147',
30/07/2026 09:25:12:   tarefa: '22894360',
30/07/2026 09:25:12:   origem: 'r_000250',
30/07/2026 09:25:12:   data_historico: 2026-07-29T13:41:03.000Z
30/07/2026 09:25:12: }
30/07/2026 09:25:33: [PUT] Atualizando cotação: 22894798
30/07/2026 09:25:33: [PUT] Usuário: karen.santos.3
30/07/2026 09:25:33: [PUT] Dados recebidos: {
30/07/2026 09:25:33:   anotacao: undefined,
30/07/2026 09:25:33:   status: 'assumido',
30/07/2026 09:25:33:   auditoria_anotacao: undefined,
30/07/2026 09:25:33:   auditoria_status: undefined
30/07/2026 09:25:33: }
30/07/2026 09:25:33: [PUT] Linhas afetadas: 1
30/07/2026 09:25:33: [PUT] Cotação atualizada com sucesso: {
30/07/2026 09:25:33:   id_cotacao: 18036,
30/07/2026 09:25:33:   cotacao: 'Q6390169',
30/07/2026 09:25:33:   id_qldd: null,
30/07/2026 09:25:33:   anotacao: 'Tarefa: E001 - PME - 23.520.052/0001-94 | Fila: CPC - PME',
30/07/2026 09:25:33:   status: 'assumido',
30/07/2026 09:25:33:   data_de_criacao: '30/07/2026 08:46',
30/07/2026 09:25:33:   data_da_ultima_atualizacao: '30/07/2026 09:25',
30/07/2026 09:25:33:   usuario_login: 'tuany.marques.3',
30/07/2026 09:25:33:   validacao: 'Ativo',
30/07/2026 09:25:33:   usuario_id: '136',
30/07/2026 09:25:33:   tarefa: '22894798',
30/07/2026 09:25:33:   origem: 'r_000250',
30/07/2026 09:25:33:   data_historico: 2026-07-29T14:44:01.000Z
30/07/2026 09:25:33: }
30/07/2026 09:25:35: [PUT] Atualizando cotação: 22894781
30/07/2026 09:25:35: [PUT] Usuário: karen.santos.3
30/07/2026 09:25:35: [PUT] Dados recebidos: {
30/07/2026 09:25:35:   anotacao: undefined,
30/07/2026 09:25:35:   status: 'aprovado',
30/07/2026 09:25:35:   auditoria_anotacao: undefined,
30/07/2026 09:25:35:   auditoria_status: undefined
30/07/2026 09:25:35: }
30/07/2026 09:25:35: [PUT] Linhas afetadas: 1
30/07/2026 09:25:35: [PUT] Cotação atualizada com sucesso: {
30/07/2026 09:25:35:   id_cotacao: 18035,
30/07/2026 09:25:35:   cotacao: 'Q6388838',
30/07/2026 09:25:35:   id_qldd: null,
30/07/2026 09:25:35:   anotacao: 'Tarefa: E001 - PME - 22.687.129/0001-52 | Fila: CPC - PME',
30/07/2026 09:25:35:   status: 'aprovado',
30/07/2026 09:25:35:   data_de_criacao: '30/07/2026 08:46',
30/07/2026 09:25:35:   data_da_ultima_atualizacao: '30/07/2026 09:25',
30/07/2026 09:25:35:   usuario_login: 'tuany.marques.3',
30/07/2026 09:25:35:   validacao: 'Ativo',
30/07/2026 09:25:35:   usuario_id: '136',
30/07/2026 09:25:35:   tarefa: '22894781',
30/07/2026 09:25:35:   origem: 'r_000250',
30/07/2026 09:25:35:   data_historico: 2026-07-29T14:42:13.000Z
30/07/2026 09:25:35: }
30/07/2026 09:26:47: [PUT] Atualizando cotação: 22895006
30/07/2026 09:26:47: [PUT] Usuário: eder.fernandes.3
30/07/2026 09:26:47: [PUT] Dados recebidos: {
30/07/2026 09:26:47:   anotacao: undefined,
30/07/2026 09:26:47:   status: 'reprovado',
30/07/2026 09:26:47:   auditoria_anotacao: undefined,
30/07/2026 09:26:47:   auditoria_status: undefined
30/07/2026 09:26:47: }
30/07/2026 09:26:47: [PUT] Linhas afetadas: 1
30/07/2026 09:26:47: [PUT] Cotação atualizada com sucesso: {
30/07/2026 09:26:47:   id_cotacao: 18078,
30/07/2026 09:26:47:   cotacao: 'Q6389264',
30/07/2026 09:26:47:   id_qldd: null,
30/07/2026 09:26:47:   anotacao: 'Tarefa: E001 - PME - 23.519.143/0001-00 | Fila: CPC - PME',
30/07/2026 09:26:47:   status: 'reprovado',
30/07/2026 09:26:47:   data_de_criacao: '30/07/2026 08:53',
30/07/2026 09:26:47:   data_da_ultima_atualizacao: '30/07/2026 09:26',
30/07/2026 09:26:47:   usuario_login: 'tuany.marques.3',
30/07/2026 09:26:47:   validacao: 'Ativo',
30/07/2026 09:26:47:   usuario_id: '129',
30/07/2026 09:26:47:   tarefa: '22895006',
30/07/2026 09:26:47:   origem: 'r_000250',
30/07/2026 09:26:47:   data_historico: 2026-07-29T15:11:41.000Z
30/07/2026 09:26:47: }
30/07/2026 09:26:52: [PUT] Atualizando cotação: 22895006
30/07/2026 09:26:52: [PUT] Usuário: eder.fernandes.3
30/07/2026 09:26:52: [PUT] Dados recebidos: {
30/07/2026 09:26:52:   anotacao: 'Tarefa: E001 - PME - 23.519.143/0001-00 | Fila: CPC - PME\n' +
30/07/2026 09:26:52:     '\n' +
30/07/2026 09:26:52:     'Por gentileza, corrigir o item abaixo:\n' +
30/07/2026 09:26:52:     '\n' +
30/07/2026 09:26:52:     '1- Para pedidos de Renovação, é necessário que seja encaminhado o print do relatório de relacionamento. Necessário que a mesma esteja completa e devidamente preenchida. **Falta Planilha de Produtos Instalados CPC**\n' +
30/07/2026 09:26:52:     '\n' +
30/07/2026 09:26:52:     'Cotação Aprovada\n',
30/07/2026 09:26:52:   status: 'reprovado',
30/07/2026 09:26:52:   auditoria_anotacao: '',
30/07/2026 09:26:52:   auditoria_status: ''
30/07/2026 09:26:52: }
30/07/2026 09:26:52: [PUT] Linhas afetadas: 1
30/07/2026 09:26:52: [PUT] Cotação atualizada com sucesso: {
30/07/2026 09:26:52:   id_cotacao: 18078,
30/07/2026 09:26:52:   cotacao: 'Q6389264',
30/07/2026 09:26:52:   id_qldd: null,
30/07/2026 09:26:52:   anotacao: 'Tarefa: E001 - PME - 23.519.143/0001-00 | Fila: CPC - PME\n' +
30/07/2026 09:26:52:     '\n' +
30/07/2026 09:26:52:     'Por gentileza, corrigir o item abaixo:\n' +
30/07/2026 09:26:52:     '\n' +
30/07/2026 09:26:52:     '1- Para pedidos de Renovação, é necessário que seja encaminhado o print do relatório de relacionamento. Necessário que a mesma esteja completa e devidamente preenchida. **Falta Planilha de Produtos Instalados CPC**\n' +
30/07/2026 09:26:52:     '\n' +
30/07/2026 09:26:52:     'Cotação Aprovada\n',
30/07/2026 09:26:52:   status: 'reprovado',
30/07/2026 09:26:52:   data_de_criacao: '30/07/2026 08:53',
30/07/2026 09:26:52:   data_da_ultima_atualizacao: '30/07/2026 09:26',
30/07/2026 09:26:52:   usuario_login: 'tuany.marques.3',
30/07/2026 09:26:52:   validacao: 'Ativo',
30/07/2026 09:26:52:   usuario_id: '129',
30/07/2026 09:26:52:   tarefa: '22895006',
30/07/2026 09:26:52:   origem: 'r_000250',
30/07/2026 09:26:52:   data_historico: 2026-07-29T15:11:41.000Z
30/07/2026 09:26:52: }
30/07/2026 09:27:39: [PUT] Atualizando cotação: 22894425
30/07/2026 09:27:39: [PUT] Usuário: luiza.franco.3
30/07/2026 09:27:39: [PUT] Dados recebidos: {
30/07/2026 09:27:39:   anotacao: '> O endereço informado na Receita Federal está divergindo do informado na Cotação Detalhada e no TCPJ no campo Logradouro. Todos os documentos onde houver o campo endereço devem constar com a mesma informação. \n' +
30/07/2026 09:27:39:     '**Endereço**\n' +
30/07/2026 09:27:39:     '\n' +
30/07/2026 09:27:39:     '> Para pedidos com endereço de entrega divergente, é necessário que este seja informado na aba "Endereços de Entrega" da Cotação Detalhada e que esteja de acordo com o informado no campo "Endereço Negociado", TCPJ e Comprovante de Endereço/ E-mail de autorização **Falta Endereço Entrega**\n' +
30/07/2026 09:27:39:     '\n' +
30/07/2026 09:27:39:     '> Para pedidos com endereço de entrega divergente, é necessário que este seja informado na aba "Endereços Negociados" da Cotação Detalhada e que esteja atrelado a todas as ordens com aparelho. **Falta Endereço Negociado**\n' +
30/07/2026 09:27:39:     '\n' +
30/07/2026 09:27:39:     '> Para pedidos com endereço de entrega divergente do endereço principal, é necessário encaminhar o documento Comprovante de Endereço ou E-mail de Autorização. Obs: É necessário encaminhar o documento completo e devidamente preenchido. **Falta de Documentação - Comprovante de Endereço** ',
30/07/2026 09:27:39:   status: 'pendente',
30/07/2026 09:27:39:   auditoria_anotacao: '',
30/07/2026 09:27:39:   auditoria_status: ''
30/07/2026 09:27:39: }
30/07/2026 09:27:40: [PUT] Linhas afetadas: 1
30/07/2026 09:27:40: [PUT] Cotação atualizada com sucesso: {
30/07/2026 09:27:40:   id_cotacao: 17947,
30/07/2026 09:27:40:   cotacao: 'Q6391858',
30/07/2026 09:27:40:   id_qldd: null,
30/07/2026 09:27:40:   anotacao: '> O endereço informado na Receita Federal está divergindo do informado na Cotação Detalhada e no TCPJ no campo Logradouro. Todos os documentos onde houver o campo endereço devem constar com a mesma informação. \n' +
30/07/2026 09:27:40:     '**Endereço**\n' +
30/07/2026 09:27:40:     '\n' +
30/07/2026 09:27:40:     '> Para pedidos com endereço de entrega divergente, é necessário que este seja informado na aba "Endereços de Entrega" da Cotação Detalhada e que esteja de acordo com o informado no campo "Endereço Negociado", TCPJ e Comprovante de Endereço/ E-mail de autorização **Falta Endereço Entrega**\n' +
30/07/2026 09:27:40:     '\n' +
30/07/2026 09:27:40:     '> Para pedidos com endereço de entrega divergente, é necessário que este seja informado na aba "Endereços Negociados" da Cotação Detalhada e que esteja atrelado a todas as ordens com aparelho. **Falta Endereço Negociado**\n' +
30/07/2026 09:27:40:     '\n' +
30/07/2026 09:27:40:     '> Para pedidos com endereço de entrega divergente do endereço principal, é necessário encaminhar o documento Comprovante de Endereço ou E-mail de Autorização. Obs: É necessário encaminhar o documento completo e devidamente preenchido. **Falta de Documentação - Comprovante de Endereço** ',
30/07/2026 09:27:40:   status: 'pendente',
30/07/2026 09:27:40:   data_de_criacao: '30/07/2026 07:33',
30/07/2026 09:27:40:   data_da_ultima_atualizacao: '30/07/2026 09:27',
30/07/2026 09:27:40:   usuario_login: 'tuany.marques.3',
30/07/2026 09:27:40:   validacao: 'Ativo',
30/07/2026 09:27:40:   usuario_id: '140',
30/07/2026 09:27:40:   tarefa: '22894425',
30/07/2026 09:27:40:   origem: 'r_000250',
30/07/2026 09:27:40:   data_historico: 2026-07-29T13:49:46.000Z
30/07/2026 09:27:40: }
30/07/2026 09:27:46: [PUT] Atualizando cotação: 22894700
30/07/2026 09:27:46: [PUT] Usuário: giovanna.mozzarelo.3
30/07/2026 09:27:46: [PUT] Dados recebidos: {
30/07/2026 09:27:46:   anotacao: undefined,
30/07/2026 09:27:46:   status: 'reprovado',
30/07/2026 09:27:46:   auditoria_anotacao: undefined,
30/07/2026 09:27:46:   auditoria_status: undefined
30/07/2026 09:27:46: }
30/07/2026 09:27:46: [PUT] Linhas afetadas: 1
30/07/2026 09:27:46: [PUT] Cotação atualizada com sucesso: {
30/07/2026 09:27:46:   id_cotacao: 18016,
30/07/2026 09:27:46:   cotacao: 'Q6392181',
30/07/2026 09:27:46:   id_qldd: null,
30/07/2026 09:27:46:   anotacao: 'Tarefa: E001 - PME - 37.845.438/0001-80 | Fila: CPC - PME',
30/07/2026 09:27:46:   status: 'reprovado',
30/07/2026 09:27:46:   data_de_criacao: '30/07/2026 08:45',
30/07/2026 09:27:46:   data_da_ultima_atualizacao: '30/07/2026 09:27',
30/07/2026 09:27:46:   usuario_login: 'tuany.marques.3',
30/07/2026 09:27:46:   validacao: 'Ativo',
30/07/2026 09:27:46:   usuario_id: '199',
30/07/2026 09:27:46:   tarefa: '22894700',
30/07/2026 09:27:46:   origem: 'r_000250',
30/07/2026 09:27:46:   data_historico: 2026-07-29T14:31:13.000Z
30/07/2026 09:27:46: }
30/07/2026 09:27:52: [PUT] Atualizando cotação: 22894700
30/07/2026 09:27:52: [PUT] Usuário: giovanna.mozzarelo.3
30/07/2026 09:27:52: [PUT] Dados recebidos: {
30/07/2026 09:27:52:   anotacao: 'Tarefa: E001 - PME - 37.845.438/0001-80 | Fila: CPC - PME\n' +
30/07/2026 09:27:52:     '> A informação à prazo em 24x no campo Forma de Pagamento do SimCard da cotação detalhada está divergindo do que foi informado no TCPJ (à vista). (Todos os documentos que possuir a mesma informação devem ser corrigidos, caso necessite também de correção). **Forma de Pagamento // a prazo 24x**\n',
30/07/2026 09:27:52:   status: 'reprovado',
30/07/2026 09:27:52:   auditoria_anotacao: '',
30/07/2026 09:27:52:   auditoria_status: ''
30/07/2026 09:27:52: }
30/07/2026 09:27:52: [PUT] Linhas afetadas: 1
30/07/2026 09:27:52: [PUT] Cotação atualizada com sucesso: {
30/07/2026 09:27:52:   id_cotacao: 18016,
30/07/2026 09:27:52:   cotacao: 'Q6392181',
30/07/2026 09:27:52:   id_qldd: null,
30/07/2026 09:27:52:   anotacao: 'Tarefa: E001 - PME - 37.845.438/0001-80 | Fila: CPC - PME\n' +
30/07/2026 09:27:52:     '> A informação à prazo em 24x no campo Forma de Pagamento do SimCard da cotação detalhada está divergindo do que foi informado no TCPJ (à vista). (Todos os documentos que possuir a mesma informação devem ser corrigidos, caso necessite também de correção). **Forma de Pagamento // a prazo 24x**\n',
30/07/2026 09:27:52:   status: 'reprovado',
30/07/2026 09:27:52:   data_de_criacao: '30/07/2026 08:45',
30/07/2026 09:27:52:   data_da_ultima_atualizacao: '30/07/2026 09:27',
30/07/2026 09:27:52:   usuario_login: 'tuany.marques.3',
30/07/2026 09:27:52:   validacao: 'Ativo',
30/07/2026 09:27:52:   usuario_id: '199',
30/07/2026 09:27:52:   tarefa: '22894700',
30/07/2026 09:27:52:   origem: 'r_000250',
30/07/2026 09:27:52:   data_historico: 2026-07-29T14:31:13.000Z
30/07/2026 09:27:52: }
30/07/2026 09:27:53: [PUT] Atualizando cotação: 22894415
30/07/2026 09:27:53: [PUT] Usuário: samanta.andrade
30/07/2026 09:27:53: [PUT] Dados recebidos: {
30/07/2026 09:27:53:   anotacao: undefined,
30/07/2026 09:27:53:   status: 'reprovado',
30/07/2026 09:27:53:   auditoria_anotacao: undefined,
30/07/2026 09:27:53:   auditoria_status: undefined
30/07/2026 09:27:53: }
30/07/2026 09:27:53: [PUT] Linhas afetadas: 1
30/07/2026 09:27:53: [PUT] Cotação atualizada com sucesso: {
30/07/2026 09:27:53:   id_cotacao: 17945,
30/07/2026 09:27:53:   cotacao: 'Q6390111',
30/07/2026 09:27:53:   id_qldd: null,
30/07/2026 09:27:53:   anotacao: 'Tarefa: E001 - PME - 06.285.496/0001-73 | Fila: CPC - PME',
30/07/2026 09:27:53:   status: 'reprovado',
30/07/2026 09:27:53:   data_de_criacao: '30/07/2026 07:33',
30/07/2026 09:27:53:   data_da_ultima_atualizacao: '30/07/2026 09:27',
30/07/2026 09:27:53:   usuario_login: 'tuany.marques.3',
30/07/2026 09:27:53:   validacao: 'Ativo',
30/07/2026 09:27:53:   usuario_id: '150',
30/07/2026 09:27:53:   tarefa: '22894415',
30/07/2026 09:27:53:   origem: 'r_000250',
30/07/2026 09:27:53:   data_historico: 2026-07-29T13:49:05.000Z
30/07/2026 09:27:53: }
30/07/2026 09:28:08: [PUT] Atualizando cotação: 22894425
30/07/2026 09:28:08: [PUT] Usuário: luiza.franco.3
30/07/2026 09:28:08: [PUT] Dados recebidos: {
30/07/2026 09:28:08:   anotacao: undefined,
30/07/2026 09:28:08:   status: 'reprovado',
30/07/2026 09:28:08:   auditoria_anotacao: undefined,
30/07/2026 09:28:08:   auditoria_status: undefined
30/07/2026 09:28:08: }
30/07/2026 09:28:08: [PUT] Linhas afetadas: 1
30/07/2026 09:28:08: [PUT] Cotação atualizada com sucesso: {
30/07/2026 09:28:08:   id_cotacao: 17947,
30/07/2026 09:28:08:   cotacao: 'Q6391858',
30/07/2026 09:28:08:   id_qldd: null,
30/07/2026 09:28:08:   anotacao: '> O endereço informado na Receita Federal está divergindo do informado na Cotação Detalhada e no TCPJ no campo Logradouro. Todos os documentos onde houver o campo endereço devem constar com a mesma informação. \n' +
30/07/2026 09:28:08:     '**Endereço**\n' +
30/07/2026 09:28:08:     '\n' +
30/07/2026 09:28:08:     '> Para pedidos com endereço de entrega divergente, é necessário que este seja informado na aba "Endereços de Entrega" da Cotação Detalhada e que esteja de acordo com o informado no campo "Endereço Negociado", TCPJ e Comprovante de Endereço/ E-mail de autorização **Falta Endereço Entrega**\n' +
30/07/2026 09:28:08:     '\n' +
30/07/2026 09:28:08:     '> Para pedidos com endereço de entrega divergente, é necessário que este seja informado na aba "Endereços Negociados" da Cotação Detalhada e que esteja atrelado a todas as ordens com aparelho. **Falta Endereço Negociado**\n' +
30/07/2026 09:28:08:     '\n' +
30/07/2026 09:28:08:     '> Para pedidos com endereço de entrega divergente do endereço principal, é necessário encaminhar o documento Comprovante de Endereço ou E-mail de Autorização. Obs: É necessário encaminhar o documento completo e devidamente preenchido. **Falta de Documentação - Comprovante de Endereço** ',
30/07/2026 09:28:08:   status: 'reprovado',
30/07/2026 09:28:08:   data_de_criacao: '30/07/2026 07:33',
30/07/2026 09:28:08:   data_da_ultima_atualizacao: '30/07/2026 09:28',
30/07/2026 09:28:08:   usuario_login: 'tuany.marques.3',
30/07/2026 09:28:08:   validacao: 'Ativo',
30/07/2026 09:28:08:   usuario_id: '140',
30/07/2026 09:28:08:   tarefa: '22894425',
30/07/2026 09:28:08:   origem: 'r_000250',
30/07/2026 09:28:08:   data_historico: 2026-07-29T13:49:46.000Z
30/07/2026 09:28:08: }
30/07/2026 09:28:26: [PUT] Atualizando cotação: 22894361
30/07/2026 09:28:26: [PUT] Usuário: rita.meira.3
30/07/2026 09:28:26: [PUT] Dados recebidos: {
30/07/2026 09:28:26:   anotacao: undefined,
30/07/2026 09:28:26:   status: 'aprovado',
30/07/2026 09:28:26:   auditoria_anotacao: undefined,
30/07/2026 09:28:26:   auditoria_status: undefined
30/07/2026 09:28:26: }
30/07/2026 09:28:26: [PUT] Linhas afetadas: 1
30/07/2026 09:28:26: [PUT] Cotação atualizada com sucesso: {
30/07/2026 09:28:26:   id_cotacao: 17938,
30/07/2026 09:28:26:   cotacao: 'Q6391910',
30/07/2026 09:28:26:   id_qldd: null,
30/07/2026 09:28:26:   anotacao: 'Tarefa: E001 - PME - 46.001.101/0001-88 | Fila: CPC - PME',
30/07/2026 09:28:26:   status: 'aprovado',
30/07/2026 09:28:26:   data_de_criacao: '30/07/2026 07:32',
30/07/2026 09:28:26:   data_da_ultima_atualizacao: '30/07/2026 09:28',
30/07/2026 09:28:26:   usuario_login: 'tuany.marques.3',
30/07/2026 09:28:26:   validacao: 'Ativo',
30/07/2026 09:28:26:   usuario_id: '147',
30/07/2026 09:28:26:   tarefa: '22894361',
30/07/2026 09:28:26:   origem: 'r_000250',
30/07/2026 09:28:26:   data_historico: 2026-07-29T13:41:13.000Z
30/07/2026 09:28:26: }
30/07/2026 09:28:53: [PUT] Atualizando cotação: 22894421
30/07/2026 09:28:53: [PUT] Usuário: samanta.andrade
30/07/2026 09:28:53: [PUT] Dados recebidos: {
30/07/2026 09:28:53:   anotacao: undefined,
30/07/2026 09:28:53:   status: 'assumido',
30/07/2026 09:28:53:   auditoria_anotacao: undefined,
30/07/2026 09:28:53:   auditoria_status: undefined
30/07/2026 09:28:53: }
30/07/2026 09:28:53: [PUT] Linhas afetadas: 1
30/07/2026 09:28:53: [PUT] Cotação atualizada com sucesso: {
30/07/2026 09:28:53:   id_cotacao: 17946,
30/07/2026 09:28:53:   cotacao: 'Q6390331',
30/07/2026 09:28:53:   id_qldd: null,
30/07/2026 09:28:53:   anotacao: 'Tarefa: E001 - PME - 04.624.947/0001-24 | Fila: CPC - PME',
30/07/2026 09:28:53:   status: 'assumido',
30/07/2026 09:28:53:   data_de_criacao: '30/07/2026 07:33',
30/07/2026 09:28:53:   data_da_ultima_atualizacao: '30/07/2026 09:28',
30/07/2026 09:28:53:   usuario_login: 'tuany.marques.3',
30/07/2026 09:28:53:   validacao: 'Ativo',
30/07/2026 09:28:53:   usuario_id: '150',
30/07/2026 09:28:53:   tarefa: '22894421',
30/07/2026 09:28:53:   origem: 'r_000250',
30/07/2026 09:28:53:   data_historico: 2026-07-29T13:49:29.000Z
30/07/2026 09:28:53: }
30/07/2026 09:29:26: [PUT] Atualizando cotação: 22894763
30/07/2026 09:29:26: [PUT] Usuário: eduardo.jesus.3
30/07/2026 09:29:26: [PUT] Dados recebidos: {
30/07/2026 09:29:26:   anotacao: undefined,
30/07/2026 09:29:26:   status: 'reprovado',
30/07/2026 09:29:26:   auditoria_anotacao: undefined,
30/07/2026 09:29:26:   auditoria_status: undefined
30/07/2026 09:29:26: }
30/07/2026 09:29:26: [PUT] Linhas afetadas: 1
30/07/2026 09:29:26: [PUT] Cotação atualizada com sucesso: {
30/07/2026 09:29:26:   id_cotacao: 18031,
30/07/2026 09:29:26:   cotacao: 'Q6392137',
30/07/2026 09:29:26:   id_qldd: null,
30/07/2026 09:29:26:   anotacao: 'Tarefa: E001 - PME - 04.564.926/0001-60 | Fila: CPC - PME',
30/07/2026 09:29:26:   status: 'reprovado',
30/07/2026 09:29:26:   data_de_criacao: '30/07/2026 08:45',
30/07/2026 09:29:26:   data_da_ultima_atualizacao: '30/07/2026 09:29',
30/07/2026 09:29:26:   usuario_login: 'tuany.marques.3',
30/07/2026 09:29:26:   validacao: 'Ativo',
30/07/2026 09:29:26:   usuario_id: '200',
30/07/2026 09:29:26:   tarefa: '22894763',
30/07/2026 09:29:26:   origem: 'r_000250',
30/07/2026 09:29:26:   data_historico: 2026-07-29T14:40:15.000Z
30/07/2026 09:29:26: }
30/07/2026 09:29:28: [PUT] Atualizando cotação: 22894763
30/07/2026 09:29:28: [PUT] Usuário: eduardo.jesus.3
30/07/2026 09:29:28: [PUT] Dados recebidos: {
30/07/2026 09:29:28:   anotacao: '> No TCPJ consta informação de contratação de 7 claro monitor avançado no valor de 5,00 reais, totalizando 35,00 reais, divergindo da cotação onde não consta essa informação.',
30/07/2026 09:29:28:   status: 'reprovado',
30/07/2026 09:29:28:   auditoria_anotacao: '',
30/07/2026 09:29:28:   auditoria_status: ''
30/07/2026 09:29:28: }
30/07/2026 09:29:28: [PUT] Linhas afetadas: 1
30/07/2026 09:29:28: [PUT] Cotação atualizada com sucesso: {
30/07/2026 09:29:28:   id_cotacao: 18031,
30/07/2026 09:29:28:   cotacao: 'Q6392137',
30/07/2026 09:29:28:   id_qldd: null,
30/07/2026 09:29:28:   anotacao: '> No TCPJ consta informação de contratação de 7 claro monitor avançado no valor de 5,00 reais, totalizando 35,00 reais, divergindo da cotação onde não consta essa informação.',
30/07/2026 09:29:28:   status: 'reprovado',
30/07/2026 09:29:28:   data_de_criacao: '30/07/2026 08:45',
30/07/2026 09:29:28:   data_da_ultima_atualizacao: '30/07/2026 09:29',
30/07/2026 09:29:28:   usuario_login: 'tuany.marques.3',
30/07/2026 09:29:28:   validacao: 'Ativo',
30/07/2026 09:29:28:   usuario_id: '200',
30/07/2026 09:29:28:   tarefa: '22894763',
30/07/2026 09:29:28:   origem: 'r_000250',
30/07/2026 09:29:28:   data_historico: 2026-07-29T14:40:15.000Z
30/07/2026 09:29:28: }
30/07/2026 09:30:06: [PUT] Atualizando cotação: 22895081
30/07/2026 09:30:06: [PUT] Usuário: rosa.ferreira.3
30/07/2026 09:30:06: [PUT] Dados recebidos: {
30/07/2026 09:30:06:   anotacao: 'Tarefa: E001 - PME - 96.224.407/0001-71 | Fila: CPC - PME\n' +
30/07/2026 09:30:06:     '> Na cotação a ordem assinante 1629852455 foi informado incorretamente a reason (Combo Renovação Total sem Troca de Plano) o correto é Combo Renovação Parcial.',
30/07/2026 09:30:06:   status: 'assumido',
30/07/2026 09:30:06:   auditoria_anotacao: '',
30/07/2026 09:30:06:   auditoria_status: ''
30/07/2026 09:30:06: }
30/07/2026 09:30:06: [PUT] Linhas afetadas: 1
30/07/2026 09:30:06: [PUT] Cotação atualizada com sucesso: {
30/07/2026 09:30:06:   id_cotacao: 18084,
30/07/2026 09:30:06:   cotacao: 'Q6392317',
30/07/2026 09:30:06:   id_qldd: null,
30/07/2026 09:30:06:   anotacao: 'Tarefa: E001 - PME - 96.224.407/0001-71 | Fila: CPC - PME\n' +
30/07/2026 09:30:06:     '> Na cotação a ordem assinante 1629852455 foi informado incorretamente a reason (Combo Renovação Total sem Troca de Plano) o correto é Combo Renovação Parcial.',
30/07/2026 09:30:06:   status: 'assumido',
30/07/2026 09:30:06:   data_de_criacao: '30/07/2026 08:54',
30/07/2026 09:30:06:   data_da_ultima_atualizacao: '30/07/2026 09:30',
30/07/2026 09:30:06:   usuario_login: 'tuany.marques.3',
30/07/2026 09:30:06:   validacao: 'Ativo',
30/07/2026 09:30:06:   usuario_id: '148',
30/07/2026 09:30:06:   tarefa: '22895081',
30/07/2026 09:30:06:   origem: 'r_000250',
30/07/2026 09:30:06:   data_historico: 2026-07-29T15:24:08.000Z
30/07/2026 09:30:06: }
30/07/2026 09:30:21: [PUT] Atualizando cotação: 22894535
30/07/2026 09:30:21: [PUT] Usuário: maristela.martins
30/07/2026 09:30:21: [PUT] Dados recebidos: {
30/07/2026 09:30:21:   anotacao: undefined,
30/07/2026 09:30:21:   status: 'aprovado',
30/07/2026 09:30:21:   auditoria_anotacao: undefined,
30/07/2026 09:30:21:   auditoria_status: undefined
30/07/2026 09:30:21: }
30/07/2026 09:30:21: [PUT] Linhas afetadas: 1
30/07/2026 09:30:21: [PUT] Cotação atualizada com sucesso: {
30/07/2026 09:30:21:   id_cotacao: 17976,
30/07/2026 09:30:21:   cotacao: 'Q6391898',
30/07/2026 09:30:21:   id_qldd: null,
30/07/2026 09:30:21:   anotacao: 'Tarefa: E001 - PME - 69.059.012/0001-98 | Fila: CPC - PME',
30/07/2026 09:30:21:   status: 'aprovado',
30/07/2026 09:30:21:   data_de_criacao: '30/07/2026 07:50',
30/07/2026 09:30:21:   data_da_ultima_atualizacao: '30/07/2026 09:30',
30/07/2026 09:30:21:   usuario_login: 'tuany.marques.3',
30/07/2026 09:30:21:   validacao: 'Ativo',
30/07/2026 09:30:21:   usuario_id: '143',
30/07/2026 09:30:21:   tarefa: '22894535',
30/07/2026 09:30:21:   origem: 'r_000250',
30/07/2026 09:30:21:   data_historico: 2026-07-29T14:04:48.000Z
30/07/2026 09:30:21: }
30/07/2026 09:30:57: [PUT] Atualizando cotação: 22894547
30/07/2026 09:30:57: [PUT] Usuário: maristela.martins
30/07/2026 09:30:57: [PUT] Dados recebidos: {
30/07/2026 09:30:57:   anotacao: undefined,
30/07/2026 09:30:57:   status: 'reprovado',
30/07/2026 09:30:57:   auditoria_anotacao: undefined,
30/07/2026 09:30:57:   auditoria_status: undefined
30/07/2026 09:30:57: }
30/07/2026 09:30:57: [PUT] Linhas afetadas: 1
30/07/2026 09:30:57: [PUT] Cotação atualizada com sucesso: {
30/07/2026 09:30:57:   id_cotacao: 17981,
30/07/2026 09:30:57:   cotacao: 'Q6391694',
30/07/2026 09:30:57:   id_qldd: null,
30/07/2026 09:30:57:   anotacao: 'Tarefa: E001 - PME - 52.210.262/0001-84 | Fila: CPC - PME',
30/07/2026 09:30:57:   status: 'reprovado',
30/07/2026 09:30:57:   data_de_criacao: '30/07/2026 07:50',
30/07/2026 09:30:57:   data_da_ultima_atualizacao: '30/07/2026 09:30',
30/07/2026 09:30:57:   usuario_login: 'tuany.marques.3',
30/07/2026 09:30:57:   validacao: 'Ativo',
30/07/2026 09:30:57:   usuario_id: '143',
30/07/2026 09:30:57:   tarefa: '22894547',
30/07/2026 09:30:57:   origem: 'r_000250',
30/07/2026 09:30:57:   data_historico: 2026-07-29T14:07:00.000Z
30/07/2026 09:30:57: }
30/07/2026 09:31:12: [PUT] Atualizando cotação: 22894765
30/07/2026 09:31:12: [PUT] Usuário: eduardo.jesus.3
30/07/2026 09:31:12: [PUT] Dados recebidos: {
30/07/2026 09:31:12:   anotacao: undefined,
30/07/2026 09:31:12:   status: 'aprovado',
30/07/2026 09:31:12:   auditoria_anotacao: undefined,
30/07/2026 09:31:12:   auditoria_status: undefined
30/07/2026 09:31:12: }
30/07/2026 09:31:12: [PUT] Linhas afetadas: 1
30/07/2026 09:31:12: [PUT] Cotação atualizada com sucesso: {
30/07/2026 09:31:12:   id_cotacao: 18032,
30/07/2026 09:31:12:   cotacao: 'Q6383898',
30/07/2026 09:31:12:   id_qldd: null,
30/07/2026 09:31:12:   anotacao: 'Tarefa: E001 - PME - 39.995.302/0001-82 | Fila: CPC - PME',
30/07/2026 09:31:12:   status: 'aprovado',
30/07/2026 09:31:12:   data_de_criacao: '30/07/2026 08:45',
30/07/2026 09:31:12:   data_da_ultima_atualizacao: '30/07/2026 09:31',
30/07/2026 09:31:12:   usuario_login: 'tuany.marques.3',
30/07/2026 09:31:12:   validacao: 'Ativo',
30/07/2026 09:31:12:   usuario_id: '200',
30/07/2026 09:31:12:   tarefa: '22894765',
30/07/2026 09:31:12:   origem: 'r_000250',
30/07/2026 09:31:12:   data_historico: 2026-07-29T14:40:16.000Z
30/07/2026 09:31:12: }
30/07/2026 09:31:15: [PUT] Atualizando cotação: 22894535
30/07/2026 09:31:15: [PUT] Usuário: maristela.martins
30/07/2026 09:31:15: [PUT] Dados recebidos: {
30/07/2026 09:31:15:   anotacao: 'Tarefa: E001 - PME - 69.059.012/0001-98 | Fila: CPC - PME\n' +
30/07/2026 09:31:15:     '\n' +
30/07/2026 09:31:15:     '> Na cotação detalhada o PJ Pacote Mobilidade Combo não foi inserido na Ordem Assinante 11629727896-1629717876\n' +
30/07/2026 09:31:15:     'divergindo do informado do TCPJ e Ofertas Vigentes. ** SVA não inserido**\n',
30/07/2026 09:31:15:   status: 'aprovado',
30/07/2026 09:31:15:   auditoria_anotacao: '',
30/07/2026 09:31:15:   auditoria_status: ''
30/07/2026 09:31:15: }
30/07/2026 09:31:15: [PUT] Linhas afetadas: 1
30/07/2026 09:31:15: [PUT] Cotação atualizada com sucesso: {
30/07/2026 09:31:15:   id_cotacao: 17976,
30/07/2026 09:31:15:   cotacao: 'Q6391898',
30/07/2026 09:31:15:   id_qldd: null,
30/07/2026 09:31:15:   anotacao: 'Tarefa: E001 - PME - 69.059.012/0001-98 | Fila: CPC - PME\n' +
30/07/2026 09:31:15:     '\n' +
30/07/2026 09:31:15:     '> Na cotação detalhada o PJ Pacote Mobilidade Combo não foi inserido na Ordem Assinante 11629727896-1629717876\n' +
30/07/2026 09:31:15:     'divergindo do informado do TCPJ e Ofertas Vigentes. ** SVA não inserido**\n',
30/07/2026 09:31:15:   status: 'aprovado',
30/07/2026 09:31:15:   data_de_criacao: '30/07/2026 07:50',
30/07/2026 09:31:15:   data_da_ultima_atualizacao: '30/07/2026 09:31',
30/07/2026 09:31:15:   usuario_login: 'tuany.marques.3',
30/07/2026 09:31:15:   validacao: 'Ativo',
30/07/2026 09:31:15:   usuario_id: '143',
30/07/2026 09:31:15:   tarefa: '22894535',
30/07/2026 09:31:15:   origem: 'r_000250',
30/07/2026 09:31:15:   data_historico: 2026-07-29T14:04:48.000Z
30/07/2026 09:31:15: }
30/07/2026 09:31:17: [PUT] Atualizando cotação: 22894765
30/07/2026 09:31:17: [PUT] Usuário: eduardo.jesus.3
30/07/2026 09:31:17: [PUT] Dados recebidos: {
30/07/2026 09:31:17:   anotacao: 'aprovado',
30/07/2026 09:31:17:   status: 'aprovado',
30/07/2026 09:31:17:   auditoria_anotacao: '',
30/07/2026 09:31:17:   auditoria_status: ''
30/07/2026 09:31:17: }
30/07/2026 09:31:17: [PUT] Linhas afetadas: 1
30/07/2026 09:31:17: [PUT] Cotação atualizada com sucesso: {
30/07/2026 09:31:17:   id_cotacao: 18032,
30/07/2026 09:31:17:   cotacao: 'Q6383898',
30/07/2026 09:31:17:   id_qldd: null,
30/07/2026 09:31:17:   anotacao: 'aprovado',
30/07/2026 09:31:17:   status: 'aprovado',
30/07/2026 09:31:17:   data_de_criacao: '30/07/2026 08:45',
30/07/2026 09:31:17:   data_da_ultima_atualizacao: '30/07/2026 09:31',
30/07/2026 09:31:17:   usuario_login: 'tuany.marques.3',
30/07/2026 09:31:17:   validacao: 'Ativo',
30/07/2026 09:31:17:   usuario_id: '200',
30/07/2026 09:31:17:   tarefa: '22894765',
30/07/2026 09:31:17:   origem: 'r_000250',
30/07/2026 09:31:17:   data_historico: 2026-07-29T14:40:16.000Z
30/07/2026 09:31:17: }
30/07/2026 09:31:21: [PUT] Atualizando cotação: 22894535
30/07/2026 09:31:21: [PUT] Usuário: maristela.martins
30/07/2026 09:31:21: [PUT] Dados recebidos: {
30/07/2026 09:31:21:   anotacao: undefined,
30/07/2026 09:31:21:   status: 'reprovado',
30/07/2026 09:31:21:   auditoria_anotacao: undefined,
30/07/2026 09:31:21:   auditoria_status: undefined
30/07/2026 09:31:21: }
30/07/2026 09:31:21: [PUT] Linhas afetadas: 1
30/07/2026 09:31:21: [PUT] Cotação atualizada com sucesso: {
30/07/2026 09:31:21:   id_cotacao: 17976,
30/07/2026 09:31:21:   cotacao: 'Q6391898',
30/07/2026 09:31:21:   id_qldd: null,
30/07/2026 09:31:21:   anotacao: 'Tarefa: E001 - PME - 69.059.012/0001-98 | Fila: CPC - PME\n' +
30/07/2026 09:31:21:     '\n' +
30/07/2026 09:31:21:     '> Na cotação detalhada o PJ Pacote Mobilidade Combo não foi inserido na Ordem Assinante 11629727896-1629717876\n' +
30/07/2026 09:31:21:     'divergindo do informado do TCPJ e Ofertas Vigentes. ** SVA não inserido**\n',
30/07/2026 09:31:21:   status: 'reprovado',
30/07/2026 09:31:21:   data_de_criacao: '30/07/2026 07:50',
30/07/2026 09:31:21:   data_da_ultima_atualizacao: '30/07/2026 09:31',
30/07/2026 09:31:21:   usuario_login: 'tuany.marques.3',
30/07/2026 09:31:21:   validacao: 'Ativo',
30/07/2026 09:31:21:   usuario_id: '143',
30/07/2026 09:31:21:   tarefa: '22894535',
30/07/2026 09:31:21:   origem: 'r_000250',
30/07/2026 09:31:21:   data_historico: 2026-07-29T14:04:48.000Z
30/07/2026 09:31:21: }
30/07/2026 09:34:21: [PUT] Atualizando cotação: 22894769
30/07/2026 09:34:21: [PUT] Usuário: eduardo.jesus.3
30/07/2026 09:34:21: [PUT] Dados recebidos: {
30/07/2026 09:34:21:   anotacao: undefined,
30/07/2026 09:34:21:   status: 'reprovado',
30/07/2026 09:34:21:   auditoria_anotacao: undefined,
30/07/2026 09:34:21:   auditoria_status: undefined
30/07/2026 09:34:21: }
30/07/2026 09:34:21: [PUT] Linhas afetadas: 1
30/07/2026 09:34:21: [PUT] Cotação atualizada com sucesso: {
30/07/2026 09:34:21:   id_cotacao: 18033,
30/07/2026 09:34:21:   cotacao: 'Q6391942',
30/07/2026 09:34:21:   id_qldd: null,
30/07/2026 09:34:21:   anotacao: 'Tarefa: E001 - PME - 08.158.893/0001-00 | Fila: CPC - PME',
30/07/2026 09:34:21:   status: 'reprovado',
30/07/2026 09:34:21:   data_de_criacao: '30/07/2026 08:45',
30/07/2026 09:34:21:   data_da_ultima_atualizacao: '30/07/2026 09:34',
30/07/2026 09:34:21:   usuario_login: 'tuany.marques.3',
30/07/2026 09:34:21:   validacao: 'Ativo',
30/07/2026 09:34:21:   usuario_id: '200',
30/07/2026 09:34:21:   tarefa: '22894769',
30/07/2026 09:34:21:   origem: 'r_000250',
30/07/2026 09:34:21:   data_historico: 2026-07-29T14:40:43.000Z
30/07/2026 09:34:21: }
30/07/2026 09:34:24: [PUT] Atualizando cotação: 22894769
30/07/2026 09:34:24: [PUT] Usuário: eduardo.jesus.3
30/07/2026 09:34:24: [PUT] Dados recebidos: {
30/07/2026 09:34:24:   anotacao: '> A quantidade de administradores da conta do TCPJ diverge do que foi informado no CPC. (Todos os documentos que possuir a mesma informação devem ser corrigidos, caso necessite também de correção). **Quantidade de administrador (ADM)**\n' +
30/07/2026 09:34:24:     '> O administrador da conta do TCPJ diverge do que foi informado no CPC. (Todos os documentos que possuir a mesma informação devem ser corrigidos, caso necessite também de correção). **Divergência de Administrador (ADM)**',
30/07/2026 09:34:24:   status: 'reprovado',
30/07/2026 09:34:24:   auditoria_anotacao: '',
30/07/2026 09:34:24:   auditoria_status: ''
30/07/2026 09:34:24: }
30/07/2026 09:34:24: [PUT] Linhas afetadas: 1
30/07/2026 09:34:24: [PUT] Cotação atualizada com sucesso: {
30/07/2026 09:34:24:   id_cotacao: 18033,
30/07/2026 09:34:24:   cotacao: 'Q6391942',
30/07/2026 09:34:24:   id_qldd: null,
30/07/2026 09:34:24:   anotacao: '> A quantidade de administradores da conta do TCPJ diverge do que foi informado no CPC. (Todos os documentos que possuir a mesma informação devem ser corrigidos, caso necessite também de correção). **Quantidade de administrador (ADM)**\n' +
30/07/2026 09:34:24:     '> O administrador da conta do TCPJ diverge do que foi informado no CPC. (Todos os documentos que possuir a mesma informação devem ser corrigidos, caso necessite também de correção). **Divergência de Administrador (ADM)**',
30/07/2026 09:34:24:   status: 'reprovado',
30/07/2026 09:34:24:   data_de_criacao: '30/07/2026 08:45',
30/07/2026 09:34:24:   data_da_ultima_atualizacao: '30/07/2026 09:34',
30/07/2026 09:34:24:   usuario_login: 'tuany.marques.3',
30/07/2026 09:34:24:   validacao: 'Ativo',
30/07/2026 09:34:24:   usuario_id: '200',
30/07/2026 09:34:24:   tarefa: '22894769',
30/07/2026 09:34:24:   origem: 'r_000250',
30/07/2026 09:34:24:   data_historico: 2026-07-29T14:40:43.000Z
30/07/2026 09:34:24: }
30/07/2026 09:36:42: [INSPECAO] Upload recebido: R_000250_1444678.csv -> E:\projetos_hitss\geo-pme-notas\files\r_000250.csv
30/07/2026 09:36:42: --- INICIANDO ETL R_000250 ---
30/07/2026 09:36:42: Delimitador detectado: ";"
30/07/2026 09:36:42: Arquivo limpo escrito: E:\projetos_hitss\geo-pme-notas\files\r_000250_cleaned.csv
30/07/2026 09:36:42: Tabela verificada/criada.
30/07/2026 09:36:42: Dados antigos removidos.
30/07/2026 09:36:42: Dados carregados com sucesso via COPY.
30/07/2026 09:36:42: --- ETL R_000250 CONCLUÍDO: 735 registros ---
30/07/2026 09:36:42: [CLASSIFICACAO] Conectado ao banco de dados.
30/07/2026 09:36:42: [CLASSIFICACAO] 1 cotações classificadas.
30/07/2026 09:36:42: [CLASSIFICACAO] Cotações atualizadas:
30/07/2026 09:36:42:   - Tarefa: 22894530 | Usuário: tuany.marques.3
30/07/2026 09:36:42: [CLASSIFICACAO] Total "Pendente - Classificação": 280
30/07/2026 09:36:45: [PUT] Atualizando cotação: 22894710
30/07/2026 09:36:45: [PUT] Usuário: giovanna.mozzarelo.3
30/07/2026 09:36:45: [PUT] Dados recebidos: {
30/07/2026 09:36:45:   anotacao: undefined,
30/07/2026 09:36:45:   status: 'aprovado',
30/07/2026 09:36:45:   auditoria_anotacao: undefined,
30/07/2026 09:36:45:   auditoria_status: undefined
30/07/2026 09:36:45: }
30/07/2026 09:36:45: [PUT] Linhas afetadas: 1
30/07/2026 09:36:45: [PUT] Cotação atualizada com sucesso: {
30/07/2026 09:36:45:   id_cotacao: 18017,
30/07/2026 09:36:45:   cotacao: 'Q6392081',
30/07/2026 09:36:45:   id_qldd: null,
30/07/2026 09:36:45:   anotacao: 'Tarefa: E001 - PME - 11.478.986/0001-26 | Fila: CPC - PME',
30/07/2026 09:36:45:   status: 'aprovado',
30/07/2026 09:36:45:   data_de_criacao: '30/07/2026 08:45',
30/07/2026 09:36:45:   data_da_ultima_atualizacao: '30/07/2026 09:36',
30/07/2026 09:36:45:   usuario_login: 'tuany.marques.3',
30/07/2026 09:36:45:   validacao: 'Ativo',
30/07/2026 09:36:45:   usuario_id: '199',
30/07/2026 09:36:45:   tarefa: '22894710',
30/07/2026 09:36:45:   origem: 'r_000250',
30/07/2026 09:36:45:   data_historico: 2026-07-29T14:32:20.000Z
30/07/2026 09:36:45: }
30/07/2026 09:37:25: [PUT] Atualizando cotação: 22894533
30/07/2026 09:37:25: [PUT] Usuário: maristela.martins
30/07/2026 09:37:25: [PUT] Dados recebidos: {
30/07/2026 09:37:25:   anotacao: 'Tarefa: E001 - PME - 14.286.771/0001-00 | Fila: CPC - PME\n' +
30/07/2026 09:37:25:     '\n' +
30/07/2026 09:37:25:     '> Na cotação detalhada o PJ Pacote Mobilidade Combo não foi inserido na Ordem Assinante 1629753111\n' +
30/07/2026 09:37:25:     '  divergindo do informado do TCPJ e Ofertas Vigentes.  ** SVA não inserido**',
30/07/2026 09:37:25:   status: 'pendente',
30/07/2026 09:37:25:   auditoria_anotacao: '',
30/07/2026 09:37:25:   auditoria_status: ''
30/07/2026 09:37:25: }
30/07/2026 09:37:25: [PUT] Linhas afetadas: 1
30/07/2026 09:37:25: [PUT] Cotação atualizada com sucesso: {
30/07/2026 09:37:25:   id_cotacao: 17975,
30/07/2026 09:37:25:   cotacao: 'Q6388058',
30/07/2026 09:37:25:   id_qldd: null,
30/07/2026 09:37:25:   anotacao: 'Tarefa: E001 - PME - 14.286.771/0001-00 | Fila: CPC - PME\n' +
30/07/2026 09:37:25:     '\n' +
30/07/2026 09:37:25:     '> Na cotação detalhada o PJ Pacote Mobilidade Combo não foi inserido na Ordem Assinante 1629753111\n' +
30/07/2026 09:37:25:     '  divergindo do informado do TCPJ e Ofertas Vigentes.  ** SVA não inserido**',
30/07/2026 09:37:25:   status: 'pendente',
30/07/2026 09:37:25:   data_de_criacao: '30/07/2026 07:50',
30/07/2026 09:37:25:   data_da_ultima_atualizacao: '30/07/2026 09:37',
30/07/2026 09:37:25:   usuario_login: 'tuany.marques.3',
30/07/2026 09:37:25:   validacao: 'Ativo',
30/07/2026 09:37:25:   usuario_id: '143',
30/07/2026 09:37:25:   tarefa: '22894533',
30/07/2026 09:37:25:   origem: 'r_000250',
30/07/2026 09:37:25:   data_historico: 2026-07-29T14:04:34.000Z
30/07/2026 09:37:25: }
30/07/2026 09:37:28: [PUT] Atualizando cotação: 22894533
30/07/2026 09:37:28: [PUT] Usuário: maristela.martins
30/07/2026 09:37:28: [PUT] Dados recebidos: {
30/07/2026 09:37:28:   anotacao: undefined,
30/07/2026 09:37:28:   status: 'reprovado',
30/07/2026 09:37:28:   auditoria_anotacao: undefined,
30/07/2026 09:37:28:   auditoria_status: undefined
30/07/2026 09:37:28: }
30/07/2026 09:37:28: [PUT] Linhas afetadas: 1
30/07/2026 09:37:28: [PUT] Cotação atualizada com sucesso: {
30/07/2026 09:37:28:   id_cotacao: 17975,
30/07/2026 09:37:28:   cotacao: 'Q6388058',
30/07/2026 09:37:28:   id_qldd: null,
30/07/2026 09:37:28:   anotacao: 'Tarefa: E001 - PME - 14.286.771/0001-00 | Fila: CPC - PME\n' +
30/07/2026 09:37:28:     '\n' +
30/07/2026 09:37:28:     '> Na cotação detalhada o PJ Pacote Mobilidade Combo não foi inserido na Ordem Assinante 1629753111\n' +
30/07/2026 09:37:28:     '  divergindo do informado do TCPJ e Ofertas Vigentes.  ** SVA não inserido**',
30/07/2026 09:37:28:   status: 'reprovado',
30/07/2026 09:37:28:   data_de_criacao: '30/07/2026 07:50',
30/07/2026 09:37:28:   data_da_ultima_atualizacao: '30/07/2026 09:37',
30/07/2026 09:37:28:   usuario_login: 'tuany.marques.3',
30/07/2026 09:37:28:   validacao: 'Ativo',
30/07/2026 09:37:28:   usuario_id: '143',
30/07/2026 09:37:28:   tarefa: '22894533',
30/07/2026 09:37:28:   origem: 'r_000250',
30/07/2026 09:37:28:   data_historico: 2026-07-29T14:04:34.000Z
30/07/2026 09:37:28: }
30/07/2026 09:37:47: [PUT] Atualizando cotação: 22894421
30/07/2026 09:37:47: [PUT] Usuário: samanta.andrade
30/07/2026 09:37:47: [PUT] Dados recebidos: {
30/07/2026 09:37:47:   anotacao: undefined,
30/07/2026 09:37:47:   status: 'aprovado',
30/07/2026 09:37:47:   auditoria_anotacao: undefined,
30/07/2026 09:37:47:   auditoria_status: undefined
30/07/2026 09:37:47: }
30/07/2026 09:37:47: [PUT] Linhas afetadas: 1
30/07/2026 09:37:47: [PUT] Cotação atualizada com sucesso: {
30/07/2026 09:37:47:   id_cotacao: 17946,
30/07/2026 09:37:47:   cotacao: 'Q6390331',
30/07/2026 09:37:47:   id_qldd: null,
30/07/2026 09:37:47:   anotacao: 'Tarefa: E001 - PME - 04.624.947/0001-24 | Fila: CPC - PME',
30/07/2026 09:37:47:   status: 'aprovado',
30/07/2026 09:37:47:   data_de_criacao: '30/07/2026 07:33',
30/07/2026 09:37:47:   data_da_ultima_atualizacao: '30/07/2026 09:37',
30/07/2026 09:37:47:   usuario_login: 'tuany.marques.3',
30/07/2026 09:37:47:   validacao: 'Ativo',
30/07/2026 09:37:47:   usuario_id: '150',
30/07/2026 09:37:47:   tarefa: '22894421',
30/07/2026 09:37:47:   origem: 'r_000250',
30/07/2026 09:37:47:   data_historico: 2026-07-29T13:49:29.000Z
30/07/2026 09:37:47: }
30/07/2026 09:38:19: [PUT] Atualizando cotação: 22894798
30/07/2026 09:38:19: [PUT] Usuário: karen.santos.3
30/07/2026 09:38:19: [PUT] Dados recebidos: {
30/07/2026 09:38:19:   anotacao: undefined,
30/07/2026 09:38:19:   status: 'aprovado',
30/07/2026 09:38:19:   auditoria_anotacao: undefined,
30/07/2026 09:38:19:   auditoria_status: undefined
30/07/2026 09:38:19: }
30/07/2026 09:38:19: [PUT] Linhas afetadas: 1
30/07/2026 09:38:19: [PUT] Cotação atualizada com sucesso: {
30/07/2026 09:38:19:   id_cotacao: 18036,
30/07/2026 09:38:19:   cotacao: 'Q6390169',
30/07/2026 09:38:19:   id_qldd: null,
30/07/2026 09:38:19:   anotacao: 'Tarefa: E001 - PME - 23.520.052/0001-94 | Fila: CPC - PME',
30/07/2026 09:38:19:   status: 'aprovado',
30/07/2026 09:38:19:   data_de_criacao: '30/07/2026 08:46',
30/07/2026 09:38:19:   data_da_ultima_atualizacao: '30/07/2026 09:38',
30/07/2026 09:38:19:   usuario_login: 'tuany.marques.3',
30/07/2026 09:38:19:   validacao: 'Ativo',
30/07/2026 09:38:19:   usuario_id: '136',
30/07/2026 09:38:19:   tarefa: '22894798',
30/07/2026 09:38:19:   origem: 'r_000250',
30/07/2026 09:38:19:   data_historico: 2026-07-29T14:44:01.000Z
30/07/2026 09:38:19: }
30/07/2026 09:38:20: [PUT] Atualizando cotação: 22894806
30/07/2026 09:38:20: [PUT] Usuário: karen.santos.3
30/07/2026 09:38:20: [PUT] Dados recebidos: {
30/07/2026 09:38:20:   anotacao: undefined,
30/07/2026 09:38:20:   status: 'assumido',
30/07/2026 09:38:20:   auditoria_anotacao: undefined,
30/07/2026 09:38:20:   auditoria_status: undefined
30/07/2026 09:38:20: }
30/07/2026 09:38:20: [PUT] Linhas afetadas: 1
30/07/2026 09:38:20: [PUT] Cotação atualizada com sucesso: {
30/07/2026 09:38:20:   id_cotacao: 18037,
30/07/2026 09:38:20:   cotacao: 'Q6389724',
30/07/2026 09:38:20:   id_qldd: null,
30/07/2026 09:38:20:   anotacao: 'Tarefa: E001 - PME - 63.777.539/0002-52 | Fila: CPC - PME',
30/07/2026 09:38:20:   status: 'assumido',
30/07/2026 09:38:20:   data_de_criacao: '30/07/2026 08:46',
30/07/2026 09:38:20:   data_da_ultima_atualizacao: '30/07/2026 09:38',
30/07/2026 09:38:20:   usuario_login: 'tuany.marques.3',
30/07/2026 09:38:20:   validacao: 'Ativo',
30/07/2026 09:38:20:   usuario_id: '136',
30/07/2026 09:38:20:   tarefa: '22894806',
30/07/2026 09:38:20:   origem: 'r_000250',
30/07/2026 09:38:20:   data_historico: 2026-07-29T14:45:25.000Z
30/07/2026 09:38:20: }
30/07/2026 09:38:24: [PUT] Atualizando cotação: 22894530
30/07/2026 09:38:24: [PUT] Usuário: maristela.martins
30/07/2026 09:38:24: [PUT] Dados recebidos: {
30/07/2026 09:38:24:   anotacao: undefined,
30/07/2026 09:38:24:   status: 'reprovado',
30/07/2026 09:38:24:   auditoria_anotacao: undefined,
30/07/2026 09:38:24:   auditoria_status: undefined
30/07/2026 09:38:24: }
30/07/2026 09:38:24: [PUT] Linhas afetadas: 1
30/07/2026 09:38:24: [PUT] Cotação atualizada com sucesso: {
30/07/2026 09:38:24:   id_cotacao: 17974,
30/07/2026 09:38:24:   cotacao: 'Q6391874',
30/07/2026 09:38:24:   id_qldd: null,
30/07/2026 09:38:24:   anotacao: 'Tarefa: E001 - PME - 60.142.578/0001-04 | Fila: CPC - PME',
30/07/2026 09:38:24:   status: 'reprovado',
30/07/2026 09:38:24:   data_de_criacao: '30/07/2026 07:50',
30/07/2026 09:38:24:   data_da_ultima_atualizacao: '30/07/2026 09:38',
30/07/2026 09:38:24:   usuario_login: 'tuany.marques.3',
30/07/2026 09:38:24:   validacao: 'Ativo',
30/07/2026 09:38:24:   usuario_id: '143',
30/07/2026 09:38:24:   tarefa: '22894530',
30/07/2026 09:38:24:   origem: 'r_000250',
30/07/2026 09:38:24:   data_historico: 2026-07-29T14:04:08.000Z
30/07/2026 09:38:24: }
30/07/2026 09:39:01: [PUT] Atualizando cotação: 22894660
30/07/2026 09:39:01: [PUT] Usuário: erycka.oliveira.3
30/07/2026 09:39:01: [PUT] Dados recebidos: {
30/07/2026 09:39:01:   anotacao: undefined,
30/07/2026 09:39:01:   status: 'aprovado',
30/07/2026 09:39:01:   auditoria_anotacao: undefined,
30/07/2026 09:39:01:   auditoria_status: undefined
30/07/2026 09:39:01: }
30/07/2026 09:39:01: [PUT] Linhas afetadas: 1
30/07/2026 09:39:01: [PUT] Cotação atualizada com sucesso: {
30/07/2026 09:39:01:   id_cotacao: 18004,
30/07/2026 09:39:01:   cotacao: 'Q6389832',
30/07/2026 09:39:01:   id_qldd: null,
30/07/2026 09:39:01:   anotacao: 'Tarefa: E001 - PME - 61.732.377/0001-20 | Fila: CPC - PME',
30/07/2026 09:39:01:   status: 'aprovado',
30/07/2026 09:39:01:   data_de_criacao: '30/07/2026 08:45',
30/07/2026 09:39:01:   data_da_ultima_atualizacao: '30/07/2026 09:39',
30/07/2026 09:39:01:   usuario_login: 'tuany.marques.3',
30/07/2026 09:39:01:   validacao: 'Ativo',
30/07/2026 09:39:01:   usuario_id: '131',
30/07/2026 09:39:01:   tarefa: '22894660',
30/07/2026 09:39:01:   origem: 'r_000250',
30/07/2026 09:39:01:   data_historico: 2026-07-29T14:23:52.000Z
30/07/2026 09:39:01: }
30/07/2026 09:40:12: [PUT] Atualizando cotação: 22894712
30/07/2026 09:40:12: [PUT] Usuário: giovanna.mozzarelo.3
30/07/2026 09:40:12: [PUT] Dados recebidos: {
30/07/2026 09:40:12:   anotacao: undefined,
30/07/2026 09:40:12:   status: 'aprovado',
30/07/2026 09:40:12:   auditoria_anotacao: undefined,
30/07/2026 09:40:12:   auditoria_status: undefined
30/07/2026 09:40:12: }
30/07/2026 09:40:12: [PUT] Linhas afetadas: 1
30/07/2026 09:40:12: [PUT] Cotação atualizada com sucesso: {
30/07/2026 09:40:12:   id_cotacao: 18018,
30/07/2026 09:40:12:   cotacao: 'Q6391944',
30/07/2026 09:40:12:   id_qldd: null,
30/07/2026 09:40:12:   anotacao: 'Tarefa: E001 - PME - 51.915.014/0001-76 | Fila: CPC - PME',
30/07/2026 09:40:12:   status: 'aprovado',
30/07/2026 09:40:12:   data_de_criacao: '30/07/2026 08:45',
30/07/2026 09:40:12:   data_da_ultima_atualizacao: '30/07/2026 09:40',
30/07/2026 09:40:12:   usuario_login: 'tuany.marques.3',
30/07/2026 09:40:12:   validacao: 'Ativo',
30/07/2026 09:40:12:   usuario_id: '199',
30/07/2026 09:40:12:   tarefa: '22894712',
30/07/2026 09:40:12:   origem: 'r_000250',
30/07/2026 09:40:12:   data_historico: 2026-07-29T14:32:27.000Z
30/07/2026 09:40:12: }
30/07/2026 09:40:37: [PUT] Atualizando cotação: 22894806
30/07/2026 09:40:37: [PUT] Usuário: karen.santos.3
30/07/2026 09:40:37: [PUT] Dados recebidos: {
30/07/2026 09:40:37:   anotacao: undefined,
30/07/2026 09:40:37:   status: 'aprovado',
30/07/2026 09:40:37:   auditoria_anotacao: undefined,
30/07/2026 09:40:37:   auditoria_status: undefined
30/07/2026 09:40:37: }
30/07/2026 09:40:38: [PUT] Linhas afetadas: 1
30/07/2026 09:40:38: [PUT] Cotação atualizada com sucesso: {
30/07/2026 09:40:38:   id_cotacao: 18037,
30/07/2026 09:40:38:   cotacao: 'Q6389724',
30/07/2026 09:40:38:   id_qldd: null,
30/07/2026 09:40:38:   anotacao: 'Tarefa: E001 - PME - 63.777.539/0002-52 | Fila: CPC - PME',
30/07/2026 09:40:38:   status: 'aprovado',
30/07/2026 09:40:38:   data_de_criacao: '30/07/2026 08:46',
30/07/2026 09:40:38:   data_da_ultima_atualizacao: '30/07/2026 09:40',
30/07/2026 09:40:38:   usuario_login: 'tuany.marques.3',
30/07/2026 09:40:38:   validacao: 'Ativo',
30/07/2026 09:40:38:   usuario_id: '136',
30/07/2026 09:40:38:   tarefa: '22894806',
30/07/2026 09:40:38:   origem: 'r_000250',
30/07/2026 09:40:38:   data_historico: 2026-07-29T14:45:25.000Z
30/07/2026 09:40:38: }
30/07/2026 09:40:39: [PUT] Atualizando cotação: 22894807
30/07/2026 09:40:39: [PUT] Usuário: karen.santos.3
30/07/2026 09:40:39: [PUT] Dados recebidos: {
30/07/2026 09:40:39:   anotacao: undefined,
30/07/2026 09:40:39:   status: 'assumido',
30/07/2026 09:40:39:   auditoria_anotacao: undefined,
30/07/2026 09:40:39:   auditoria_status: undefined
30/07/2026 09:40:39: }
30/07/2026 09:40:39: [PUT] Linhas afetadas: 1
30/07/2026 09:40:39: [PUT] Cotação atualizada com sucesso: {
30/07/2026 09:40:39:   id_cotacao: 18038,
30/07/2026 09:40:39:   cotacao: 'Q6389077',
30/07/2026 09:40:39:   id_qldd: null,
30/07/2026 09:40:39:   anotacao: 'Tarefa: E001 - PME - 02.122.723/0001-99 | Fila: CPC - PME',
30/07/2026 09:40:39:   status: 'assumido',
30/07/2026 09:40:39:   data_de_criacao: '30/07/2026 08:46',
30/07/2026 09:40:39:   data_da_ultima_atualizacao: '30/07/2026 09:40',
30/07/2026 09:40:39:   usuario_login: 'tuany.marques.3',
30/07/2026 09:40:39:   validacao: 'Ativo',
30/07/2026 09:40:39:   usuario_id: '136',
30/07/2026 09:40:39:   tarefa: '22894807',
30/07/2026 09:40:39:   origem: 'r_000250',
30/07/2026 09:40:39:   data_historico: 2026-07-29T14:45:30.000Z
30/07/2026 09:40:39: }
30/07/2026 09:41:20: [PUT] Atualizando cotação: 22894207
30/07/2026 09:41:20: [PUT] Usuário: yasmin.santana
30/07/2026 09:41:20: [PUT] Dados recebidos: {
30/07/2026 09:41:20:   anotacao: '> O documento Print Relatório foi anexado a mais de 10 dias úteis, portanto está vencido e não é valido. **Print de Relatório de Relacionamento Vencido (10 dias)**\n' +
30/07/2026 09:41:20:     '\n' +
30/07/2026 09:41:20:     '> O valor R$ 799,00 do aparelho SAMSUNG GALAXY A07 5G 128GB informado na cotação detalhada/TCPJ/Anexo ao Contrato de Permanência diverge da Intranet vigente na data valida 16/07 na faixa de 25GB conforme TCPJ. **Divergência no valor do aparelho**\n' +
30/07/2026 09:41:20:     '\n' +
30/07/2026 09:41:20:     'Obs: A franquia informada no PRD diverge da contratada na documentação',
30/07/2026 09:41:20:   status: 'assumido',
30/07/2026 09:41:20:   auditoria_anotacao: '',
30/07/2026 09:41:20:   auditoria_status: ''
30/07/2026 09:41:20: }
30/07/2026 09:41:20: [PUT] Linhas afetadas: 1
30/07/2026 09:41:20: [PUT] Cotação atualizada com sucesso: {
30/07/2026 09:41:20:   id_cotacao: 17909,
30/07/2026 09:41:20:   cotacao: 'Q6372270',
30/07/2026 09:41:20:   id_qldd: null,
30/07/2026 09:41:20:   anotacao: '> O documento Print Relatório foi anexado a mais de 10 dias úteis, portanto está vencido e não é valido. **Print de Relatório de Relacionamento Vencido (10 dias)**\n' +
30/07/2026 09:41:20:     '\n' +
30/07/2026 09:41:20:     '> O valor R$ 799,00 do aparelho SAMSUNG GALAXY A07 5G 128GB informado na cotação detalhada/TCPJ/Anexo ao Contrato de Permanência diverge da Intranet vigente na data valida 16/07 na faixa de 25GB conforme TCPJ. **Divergência no valor do aparelho**\n' +
30/07/2026 09:41:20:     '\n' +
30/07/2026 09:41:20:     'Obs: A franquia informada no PRD diverge da contratada na documentação',
30/07/2026 09:41:20:   status: 'assumido',
30/07/2026 09:41:20:   data_de_criacao: '30/07/2026 07:18',
30/07/2026 09:41:20:   data_da_ultima_atualizacao: '30/07/2026 09:41',
30/07/2026 09:41:20:   usuario_login: 'tuany.marques.3',
30/07/2026 09:41:20:   validacao: 'Ativo',
30/07/2026 09:41:20:   usuario_id: '156',
30/07/2026 09:41:20:   tarefa: '22894207',
30/07/2026 09:41:20:   origem: 'r_000250',
30/07/2026 09:41:20:   data_historico: 2026-07-29T13:15:13.000Z
30/07/2026 09:41:20: }
30/07/2026 09:41:24: [PUT] Atualizando cotação: 22894207
30/07/2026 09:41:24: [PUT] Usuário: yasmin.santana
30/07/2026 09:41:24: [PUT] Dados recebidos: {
30/07/2026 09:41:24:   anotacao: undefined,
30/07/2026 09:41:24:   status: 'reprovado',
30/07/2026 09:41:24:   auditoria_anotacao: undefined,
30/07/2026 09:41:24:   auditoria_status: undefined
30/07/2026 09:41:24: }
30/07/2026 09:41:24: [PUT] Linhas afetadas: 1
30/07/2026 09:41:24: [PUT] Cotação atualizada com sucesso: {
30/07/2026 09:41:24:   id_cotacao: 17909,
30/07/2026 09:41:24:   cotacao: 'Q6372270',
30/07/2026 09:41:24:   id_qldd: null,
30/07/2026 09:41:24:   anotacao: '> O documento Print Relatório foi anexado a mais de 10 dias úteis, portanto está vencido e não é valido. **Print de Relatório de Relacionamento Vencido (10 dias)**\n' +
30/07/2026 09:41:24:     '\n' +
30/07/2026 09:41:24:     '> O valor R$ 799,00 do aparelho SAMSUNG GALAXY A07 5G 128GB informado na cotação detalhada/TCPJ/Anexo ao Contrato de Permanência diverge da Intranet vigente na data valida 16/07 na faixa de 25GB conforme TCPJ. **Divergência no valor do aparelho**\n' +
30/07/2026 09:41:24:     '\n' +
30/07/2026 09:41:24:     'Obs: A franquia informada no PRD diverge da contratada na documentação',
30/07/2026 09:41:24:   status: 'reprovado',
30/07/2026 09:41:24:   data_de_criacao: '30/07/2026 07:18',
30/07/2026 09:41:24:   data_da_ultima_atualizacao: '30/07/2026 09:41',
30/07/2026 09:41:24:   usuario_login: 'tuany.marques.3',
30/07/2026 09:41:24:   validacao: 'Ativo',
30/07/2026 09:41:24:   usuario_id: '156',
30/07/2026 09:41:24:   tarefa: '22894207',
30/07/2026 09:41:24:   origem: 'r_000250',
30/07/2026 09:41:24:   data_historico: 2026-07-29T13:15:13.000Z
30/07/2026 09:41:24: }
30/07/2026 09:42:58: [PUT] Atualizando cotação: 22894661
30/07/2026 09:42:58: [PUT] Usuário: erycka.oliveira.3
30/07/2026 09:42:58: [PUT] Dados recebidos: {
30/07/2026 09:42:58:   anotacao: undefined,
30/07/2026 09:42:58:   status: 'aprovado',
30/07/2026 09:42:58:   auditoria_anotacao: undefined,
30/07/2026 09:42:58:   auditoria_status: undefined
30/07/2026 09:42:58: }
30/07/2026 09:42:58: [PUT] Linhas afetadas: 1
30/07/2026 09:42:58: [PUT] Cotação atualizada com sucesso: {
30/07/2026 09:42:58:   id_cotacao: 18005,
30/07/2026 09:42:58:   cotacao: 'Q6379965',
30/07/2026 09:42:58:   id_qldd: null,
30/07/2026 09:42:58:   anotacao: 'Tarefa: E001 - PME - 20.319.346/0001-64 | Fila: CPC - PME',
30/07/2026 09:42:58:   status: 'aprovado',
30/07/2026 09:42:58:   data_de_criacao: '30/07/2026 08:45',
30/07/2026 09:42:58:   data_da_ultima_atualizacao: '30/07/2026 09:42',
30/07/2026 09:42:58:   usuario_login: 'tuany.marques.3',
30/07/2026 09:42:58:   validacao: 'Ativo',
30/07/2026 09:42:58:   usuario_id: '131',
30/07/2026 09:42:58:   tarefa: '22894661',
30/07/2026 09:42:58:   origem: 'r_000250',
30/07/2026 09:42:58:   data_historico: 2026-07-29T14:23:58.000Z
30/07/2026 09:42:58: }
30/07/2026 09:43:19: [PUT] Atualizando cotação: 22894807
30/07/2026 09:43:19: [PUT] Usuário: karen.santos.3
30/07/2026 09:43:19: [PUT] Dados recebidos: {
30/07/2026 09:43:19:   anotacao: undefined,
30/07/2026 09:43:19:   status: 'aprovado',
30/07/2026 09:43:19:   auditoria_anotacao: undefined,
30/07/2026 09:43:19:   auditoria_status: undefined
30/07/2026 09:43:19: }
30/07/2026 09:43:19: [PUT] Linhas afetadas: 1
30/07/2026 09:43:19: [PUT] Cotação atualizada com sucesso: {
30/07/2026 09:43:19:   id_cotacao: 18038,
30/07/2026 09:43:19:   cotacao: 'Q6389077',
30/07/2026 09:43:19:   id_qldd: null,
30/07/2026 09:43:19:   anotacao: 'Tarefa: E001 - PME - 02.122.723/0001-99 | Fila: CPC - PME',
30/07/2026 09:43:19:   status: 'aprovado',
30/07/2026 09:43:19:   data_de_criacao: '30/07/2026 08:46',
30/07/2026 09:43:19:   data_da_ultima_atualizacao: '30/07/2026 09:43',
30/07/2026 09:43:19:   usuario_login: 'tuany.marques.3',
30/07/2026 09:43:19:   validacao: 'Ativo',
30/07/2026 09:43:19:   usuario_id: '136',
30/07/2026 09:43:19:   tarefa: '22894807',
30/07/2026 09:43:19:   origem: 'r_000250',
30/07/2026 09:43:19:   data_historico: 2026-07-29T14:45:30.000Z
30/07/2026 09:43:19: }
30/07/2026 09:43:21: [PUT] Atualizando cotação: 22894809
30/07/2026 09:43:21: [PUT] Usuário: karen.santos.3
30/07/2026 09:43:21: [PUT] Dados recebidos: {
30/07/2026 09:43:21:   anotacao: undefined,
30/07/2026 09:43:21:   status: 'assumido',
30/07/2026 09:43:21:   auditoria_anotacao: undefined,
30/07/2026 09:43:21:   auditoria_status: undefined
30/07/2026 09:43:21: }
30/07/2026 09:43:21: [PUT] Linhas afetadas: 1
30/07/2026 09:43:21: [PUT] Cotação atualizada com sucesso: {
30/07/2026 09:43:21:   id_cotacao: 18039,
30/07/2026 09:43:21:   cotacao: 'Q6391228',
30/07/2026 09:43:21:   id_qldd: null,
30/07/2026 09:43:21:   anotacao: 'Tarefa: E001 - PME - 10.276.594/0001-11 | Fila: CPC - PME',
30/07/2026 09:43:21:   status: 'assumido',
30/07/2026 09:43:21:   data_de_criacao: '30/07/2026 08:46',
30/07/2026 09:43:21:   data_da_ultima_atualizacao: '30/07/2026 09:43',
30/07/2026 09:43:21:   usuario_login: 'tuany.marques.3',
30/07/2026 09:43:21:   validacao: 'Ativo',
30/07/2026 09:43:21:   usuario_id: '136',
30/07/2026 09:43:21:   tarefa: '22894809',
30/07/2026 09:43:21:   origem: 'r_000250',
30/07/2026 09:43:21:   data_historico: 2026-07-29T14:45:38.000Z
30/07/2026 09:43:21: }
30/07/2026 09:43:48: [PUT] Atualizando cotação: 22895159
30/07/2026 09:43:48: [PUT] Usuário: eduardo.jesus.3
30/07/2026 09:43:48: [PUT] Dados recebidos: {
30/07/2026 09:43:48:   anotacao: undefined,
30/07/2026 09:43:48:   status: 'reprovado',
30/07/2026 09:43:48:   auditoria_anotacao: undefined,
30/07/2026 09:43:48:   auditoria_status: undefined
30/07/2026 09:43:48: }
30/07/2026 09:43:48: [PUT] Linhas afetadas: 1
30/07/2026 09:43:48: [PUT] Cotação atualizada com sucesso: {
30/07/2026 09:43:48:   id_cotacao: 18110,
30/07/2026 09:43:48:   cotacao: 'Q6392089',
30/07/2026 09:43:48:   id_qldd: null,
30/07/2026 09:43:48:   anotacao: 'Tarefa: E001 - PME - 29.040.993/0001-07 | Fila: CPC - PME',
30/07/2026 09:43:48:   status: 'reprovado',
30/07/2026 09:43:48:   data_de_criacao: '30/07/2026 09:36',
30/07/2026 09:43:48:   data_da_ultima_atualizacao: '30/07/2026 09:43',
30/07/2026 09:43:48:   usuario_login: 'tuany.marques.3',
30/07/2026 09:43:48:   validacao: 'Ativo',
30/07/2026 09:43:48:   usuario_id: '200',
30/07/2026 09:43:48:   tarefa: '22895159',
30/07/2026 09:43:48:   origem: 'r_000250',
30/07/2026 09:43:48:   data_historico: 2026-07-29T15:36:16.000Z
30/07/2026 09:43:48: }
30/07/2026 09:43:50: [PUT] Atualizando cotação: 22895159
30/07/2026 09:43:50: [PUT] Usuário: eduardo.jesus.3
30/07/2026 09:43:50: [PUT] Dados recebidos: {
30/07/2026 09:43:50:   anotacao: '> Na ordem assinante 1629832289 não foi inserido o bônus 20 gb da franquia claro pós 50 gb.',
30/07/2026 09:43:50:   status: 'reprovado',
30/07/2026 09:43:50:   auditoria_anotacao: '',
30/07/2026 09:43:50:   auditoria_status: ''
30/07/2026 09:43:50: }
30/07/2026 09:43:50: [PUT] Linhas afetadas: 1
30/07/2026 09:43:50: [PUT] Cotação atualizada com sucesso: {
30/07/2026 09:43:50:   id_cotacao: 18110,
30/07/2026 09:43:50:   cotacao: 'Q6392089',
30/07/2026 09:43:50:   id_qldd: null,
30/07/2026 09:43:50:   anotacao: '> Na ordem assinante 1629832289 não foi inserido o bônus 20 gb da franquia claro pós 50 gb.',
30/07/2026 09:43:50:   status: 'reprovado',
30/07/2026 09:43:50:   data_de_criacao: '30/07/2026 09:36',
30/07/2026 09:43:50:   data_da_ultima_atualizacao: '30/07/2026 09:43',
30/07/2026 09:43:50:   usuario_login: 'tuany.marques.3',
30/07/2026 09:43:50:   validacao: 'Ativo',
30/07/2026 09:43:50:   usuario_id: '200',
30/07/2026 09:43:50:   tarefa: '22895159',
30/07/2026 09:43:50:   origem: 'r_000250',
30/07/2026 09:43:50:   data_historico: 2026-07-29T15:36:16.000Z
30/07/2026 09:43:50: }
30/07/2026 09:43:57: [PUT] Atualizando cotação: 22894137
30/07/2026 09:43:57: [PUT] Usuário: sabrina.emiliano.3
30/07/2026 09:43:57: [PUT] Dados recebidos: {
30/07/2026 09:43:57:   anotacao: undefined,
30/07/2026 09:43:57:   status: 'pendente-iphone-aprovado',
30/07/2026 09:43:57:   auditoria_anotacao: undefined,
30/07/2026 09:43:57:   auditoria_status: undefined
30/07/2026 09:43:57: }
30/07/2026 09:43:57: [PUT] Linhas afetadas: 1
30/07/2026 09:43:57: [PUT] Cotação atualizada com sucesso: {
30/07/2026 09:43:57:   id_cotacao: 17894,
30/07/2026 09:43:57:   cotacao: 'Q6390864',
30/07/2026 09:43:57:   id_qldd: null,
30/07/2026 09:43:57:   anotacao: 'Tarefa: E001 - PME - 04.598.756/0001-35 | Fila: CPC - PME',
30/07/2026 09:43:57:   status: 'pendente-iphone-aprovado',
30/07/2026 09:43:57:   data_de_criacao: '30/07/2026 07:17',
30/07/2026 09:43:57:   data_da_ultima_atualizacao: '30/07/2026 09:43',
30/07/2026 09:43:57:   usuario_login: 'tuany.marques.3',
30/07/2026 09:43:57:   validacao: 'Ativo',
30/07/2026 09:43:57:   usuario_id: '199',
30/07/2026 09:43:57:   tarefa: '22894137',
30/07/2026 09:43:57:   origem: 'r_000250',
30/07/2026 09:43:57:   data_historico: 2026-07-29T13:05:29.000Z
30/07/2026 09:43:57: }
30/07/2026 09:44:09: [PUT] Atualizando cotação: 22894363
30/07/2026 09:44:09: [PUT] Usuário: rita.meira.3
30/07/2026 09:44:09: [PUT] Dados recebidos: {
30/07/2026 09:44:09:   anotacao: 'Tarefa: E001 - PME - 02.083.547/0001-23 | Fila: CPC - PME\n' +
30/07/2026 09:44:09:     '\n' +
30/07/2026 09:44:09:     '> A etiqueta referente à franquia contratada 10GB não foi enviada. É necessário enviar uma etiqueta para cada franquia.**Etiqueta Incompleta**\n' +
30/07/2026 09:44:09:     '> Nas ordens assinantes da franquia claro pós 10 gb, foi inserido um bônus de 20 gb, divergindo do book de ofertas e tcpj onde informa 2 gb de bônus.\n' +
30/07/2026 09:44:09:     '\n',
30/07/2026 09:44:09:   status: 'assumido',
30/07/2026 09:44:09:   auditoria_anotacao: '',
30/07/2026 09:44:09:   auditoria_status: ''
30/07/2026 09:44:09: }
30/07/2026 09:44:09: [PUT] Linhas afetadas: 1
30/07/2026 09:44:09: [PUT] Cotação atualizada com sucesso: {
30/07/2026 09:44:09:   id_cotacao: 17939,
30/07/2026 09:44:09:   cotacao: 'Q6390591',
30/07/2026 09:44:09:   id_qldd: null,
30/07/2026 09:44:09:   anotacao: 'Tarefa: E001 - PME - 02.083.547/0001-23 | Fila: CPC - PME\n' +
30/07/2026 09:44:09:     '\n' +
30/07/2026 09:44:09:     '> A etiqueta referente à franquia contratada 10GB não foi enviada. É necessário enviar uma etiqueta para cada franquia.**Etiqueta Incompleta**\n' +
30/07/2026 09:44:09:     '> Nas ordens assinantes da franquia claro pós 10 gb, foi inserido um bônus de 20 gb, divergindo do book de ofertas e tcpj onde informa 2 gb de bônus.\n' +
30/07/2026 09:44:09:     '\n',
30/07/2026 09:44:09:   status: 'assumido',
30/07/2026 09:44:09:   data_de_criacao: '30/07/2026 07:32',
30/07/2026 09:44:09:   data_da_ultima_atualizacao: '30/07/2026 09:44',
30/07/2026 09:44:09:   usuario_login: 'tuany.marques.3',
30/07/2026 09:44:09:   validacao: 'Ativo',
30/07/2026 09:44:09:   usuario_id: '147',
30/07/2026 09:44:09:   tarefa: '22894363',
30/07/2026 09:44:09:   origem: 'r_000250',
30/07/2026 09:44:09:   data_historico: 2026-07-29T13:41:41.000Z
30/07/2026 09:44:09: }
30/07/2026 09:44:11: [PUT] Atualizando cotação: 22894057
30/07/2026 09:44:11: [PUT] Usuário: sabrina.emiliano.3
30/07/2026 09:44:11: [PUT] Dados recebidos: {
30/07/2026 09:44:11:   anotacao: undefined,
30/07/2026 09:44:11:   status: 'pendente-iphone-reprovado',
30/07/2026 09:44:11:   auditoria_anotacao: undefined,
30/07/2026 09:44:11:   auditoria_status: undefined
30/07/2026 09:44:11: }
30/07/2026 09:44:11: [PUT] Linhas afetadas: 1
30/07/2026 09:44:11: [PUT] Cotação atualizada com sucesso: {
30/07/2026 09:44:11:   id_cotacao: 17888,
30/07/2026 09:44:11:   cotacao: 'Q6384406',
30/07/2026 09:44:11:   id_qldd: null,
30/07/2026 09:44:11:   anotacao: 'Tarefa: E001 - PME - 01.194.404/0001-26 | Fila: CPC - PME',
30/07/2026 09:44:11:   status: 'pendente-iphone-reprovado',
30/07/2026 09:44:11:   data_de_criacao: '30/07/2026 07:17',
30/07/2026 09:44:11:   data_da_ultima_atualizacao: '30/07/2026 09:44',
30/07/2026 09:44:11:   usuario_login: 'tuany.marques.3',
30/07/2026 09:44:11:   validacao: 'Ativo',
30/07/2026 09:44:11:   usuario_id: '131',
30/07/2026 09:44:11:   tarefa: '22894057',
30/07/2026 09:44:11:   origem: 'r_000250',
30/07/2026 09:44:11:   data_historico: 2026-07-29T13:01:55.000Z
30/07/2026 09:44:11: }
30/07/2026 09:44:12: [PUT] Atualizando cotação: 22894363
30/07/2026 09:44:12: [PUT] Usuário: rita.meira.3
30/07/2026 09:44:12: [PUT] Dados recebidos: {
30/07/2026 09:44:12:   anotacao: undefined,
30/07/2026 09:44:12:   status: 'reprovado',
30/07/2026 09:44:12:   auditoria_anotacao: undefined,
30/07/2026 09:44:12:   auditoria_status: undefined
30/07/2026 09:44:12: }
30/07/2026 09:44:12: [PUT] Linhas afetadas: 1
30/07/2026 09:44:12: [PUT] Cotação atualizada com sucesso: {
30/07/2026 09:44:12:   id_cotacao: 17939,
30/07/2026 09:44:12:   cotacao: 'Q6390591',
30/07/2026 09:44:12:   id_qldd: null,
30/07/2026 09:44:12:   anotacao: 'Tarefa: E001 - PME - 02.083.547/0001-23 | Fila: CPC - PME\n' +
30/07/2026 09:44:12:     '\n' +
30/07/2026 09:44:12:     '> A etiqueta referente à franquia contratada 10GB não foi enviada. É necessário enviar uma etiqueta para cada franquia.**Etiqueta Incompleta**\n' +
30/07/2026 09:44:12:     '> Nas ordens assinantes da franquia claro pós 10 gb, foi inserido um bônus de 20 gb, divergindo do book de ofertas e tcpj onde informa 2 gb de bônus.\n' +
30/07/2026 09:44:12:     '\n',
30/07/2026 09:44:12:   status: 'reprovado',
30/07/2026 09:44:12:   data_de_criacao: '30/07/2026 07:32',
30/07/2026 09:44:12:   data_da_ultima_atualizacao: '30/07/2026 09:44',
30/07/2026 09:44:12:   usuario_login: 'tuany.marques.3',
30/07/2026 09:44:12:   validacao: 'Ativo',
30/07/2026 09:44:12:   usuario_id: '147',
30/07/2026 09:44:12:   tarefa: '22894363',
30/07/2026 09:44:12:   origem: 'r_000250',
30/07/2026 09:44:12:   data_historico: 2026-07-29T13:41:41.000Z
30/07/2026 09:44:12: }
30/07/2026 09:44:37: [PUT] Atualizando cotação: 22894713
30/07/2026 09:44:37: [PUT] Usuário: giovanna.mozzarelo.3
30/07/2026 09:44:37: [PUT] Dados recebidos: {
30/07/2026 09:44:37:   anotacao: undefined,
30/07/2026 09:44:37:   status: 'aprovado',
30/07/2026 09:44:37:   auditoria_anotacao: undefined,
30/07/2026 09:44:37:   auditoria_status: undefined
30/07/2026 09:44:37: }
30/07/2026 09:44:37: [PUT] Linhas afetadas: 1
30/07/2026 09:44:37: [PUT] Cotação atualizada com sucesso: {
30/07/2026 09:44:37:   id_cotacao: 18019,
30/07/2026 09:44:37:   cotacao: 'Q6369477',
30/07/2026 09:44:37:   id_qldd: null,
30/07/2026 09:44:37:   anotacao: 'Tarefa: E001 - PME - 21.437.316/0001-15 | Fila: CPC - PME',
30/07/2026 09:44:37:   status: 'aprovado',
30/07/2026 09:44:37:   data_de_criacao: '30/07/2026 08:45',
30/07/2026 09:44:37:   data_da_ultima_atualizacao: '30/07/2026 09:44',
30/07/2026 09:44:37:   usuario_login: 'tuany.marques.3',
30/07/2026 09:44:37:   validacao: 'Ativo',
30/07/2026 09:44:37:   usuario_id: '199',
30/07/2026 09:44:37:   tarefa: '22894713',
30/07/2026 09:44:37:   origem: 'r_000250',
30/07/2026 09:44:37:   data_historico: 2026-07-29T14:32:43.000Z
30/07/2026 09:44:37: }
30/07/2026 09:45:48: [PUT] Atualizando cotação: 22895101
30/07/2026 09:45:48: [PUT] Usuário: allison.aguilar.3
30/07/2026 09:45:48: [PUT] Dados recebidos: {
30/07/2026 09:45:48:   anotacao: undefined,
30/07/2026 09:45:48:   status: 'aprovado',
30/07/2026 09:45:48:   auditoria_anotacao: undefined,
30/07/2026 09:45:48:   auditoria_status: undefined
30/07/2026 09:45:48: }
30/07/2026 09:45:49: [PUT] Linhas afetadas: 1
30/07/2026 09:45:49: [PUT] Cotação atualizada com sucesso: {
30/07/2026 09:45:49:   id_cotacao: 18100,
30/07/2026 09:45:49:   cotacao: 'Q6392013',
30/07/2026 09:45:49:   id_qldd: null,
30/07/2026 09:45:49:   anotacao: 'Tarefa: E001 - PME - 59.051.664/0001-22 | Fila: CPC - PME',
30/07/2026 09:45:49:   status: 'aprovado',
30/07/2026 09:45:49:   data_de_criacao: '30/07/2026 09:16',
30/07/2026 09:45:49:   data_da_ultima_atualizacao: '30/07/2026 09:45',
30/07/2026 09:45:49:   usuario_login: 'tuany.marques.3',
30/07/2026 09:45:49:   validacao: 'Ativo',
30/07/2026 09:45:49:   usuario_id: '124',
30/07/2026 09:45:49:   tarefa: '22895101',
30/07/2026 09:45:49:   origem: 'r_000250',
30/07/2026 09:45:49:   data_historico: 2026-07-29T15:26:32.000Z
30/07/2026 09:45:49: }
30/07/2026 09:45:50: [PUT] Atualizando cotação: 22895114
30/07/2026 09:45:50: [PUT] Usuário: allison.aguilar.3
30/07/2026 09:45:50: [PUT] Dados recebidos: {
30/07/2026 09:45:50:   anotacao: undefined,
30/07/2026 09:45:50:   status: 'aprovado',
30/07/2026 09:45:50:   auditoria_anotacao: undefined,
30/07/2026 09:45:50:   auditoria_status: undefined
30/07/2026 09:45:50: }
30/07/2026 09:45:50: [PUT] Linhas afetadas: 1
30/07/2026 09:45:50: [PUT] Cotação atualizada com sucesso: {
30/07/2026 09:45:50:   id_cotacao: 18101,
30/07/2026 09:45:50:   cotacao: 'Q6392370',
30/07/2026 09:45:50:   id_qldd: null,
30/07/2026 09:45:50:   anotacao: 'Tarefa: E001 - PME - 19.178.654/0001-38 | Fila: CPC - PME',
30/07/2026 09:45:50:   status: 'aprovado',
30/07/2026 09:45:50:   data_de_criacao: '30/07/2026 09:16',
30/07/2026 09:45:50:   data_da_ultima_atualizacao: '30/07/2026 09:45',
30/07/2026 09:45:50:   usuario_login: 'tuany.marques.3',
30/07/2026 09:45:50:   validacao: 'Ativo',
30/07/2026 09:45:50:   usuario_id: '124',
30/07/2026 09:45:50:   tarefa: '22895114',
30/07/2026 09:45:50:   origem: 'r_000250',
30/07/2026 09:45:50:   data_historico: 2026-07-29T15:28:14.000Z
30/07/2026 09:45:50: }
30/07/2026 09:45:51: [PUT] Atualizando cotação: 22895115
30/07/2026 09:45:51: [PUT] Usuário: allison.aguilar.3
30/07/2026 09:45:51: [PUT] Dados recebidos: {
30/07/2026 09:45:51:   anotacao: undefined,
30/07/2026 09:45:51:   status: 'aprovado',
30/07/2026 09:45:51:   auditoria_anotacao: undefined,
30/07/2026 09:45:51:   auditoria_status: undefined
30/07/2026 09:45:51: }
30/07/2026 09:45:51: [PUT] Linhas afetadas: 1
30/07/2026 09:45:51: [PUT] Cotação atualizada com sucesso: {
30/07/2026 09:45:51:   id_cotacao: 18102,
30/07/2026 09:45:51:   cotacao: 'Q6392260',
30/07/2026 09:45:51:   id_qldd: null,
30/07/2026 09:45:51:   anotacao: 'Tarefa: E001 - PME - 68.156.498/0001-10 | Fila: CPC - PME',
30/07/2026 09:45:51:   status: 'aprovado',
30/07/2026 09:45:51:   data_de_criacao: '30/07/2026 09:16',
30/07/2026 09:45:51:   data_da_ultima_atualizacao: '30/07/2026 09:45',
30/07/2026 09:45:51:   usuario_login: 'tuany.marques.3',
30/07/2026 09:45:51:   validacao: 'Ativo',
30/07/2026 09:45:51:   usuario_id: '124',
30/07/2026 09:45:51:   tarefa: '22895115',
30/07/2026 09:45:51:   origem: 'r_000250',
30/07/2026 09:45:51:   data_historico: 2026-07-29T15:28:41.000Z
30/07/2026 09:45:51: }
30/07/2026 09:45:58: [PUT] Atualizando cotação: 22895118
30/07/2026 09:45:58: [PUT] Usuário: allison.aguilar.3
30/07/2026 09:45:58: [PUT] Dados recebidos: {
30/07/2026 09:45:58:   anotacao: undefined,
30/07/2026 09:45:58:   status: 'aprovado',
30/07/2026 09:45:58:   auditoria_anotacao: undefined,
30/07/2026 09:45:58:   auditoria_status: undefined
30/07/2026 09:45:58: }
30/07/2026 09:45:58: [PUT] Linhas afetadas: 1
30/07/2026 09:45:58: [PUT] Cotação atualizada com sucesso: {
30/07/2026 09:45:58:   id_cotacao: 18103,
30/07/2026 09:45:58:   cotacao: 'Q6392020',
30/07/2026 09:45:58:   id_qldd: null,
30/07/2026 09:45:58:   anotacao: 'Tarefa: E001 - PME - 37.634.847/0001-38 | Fila: CPC - PME',
30/07/2026 09:45:58:   status: 'aprovado',
30/07/2026 09:45:58:   data_de_criacao: '30/07/2026 09:16',
30/07/2026 09:45:58:   data_da_ultima_atualizacao: '30/07/2026 09:45',
30/07/2026 09:45:58:   usuario_login: 'tuany.marques.3',
30/07/2026 09:45:58:   validacao: 'Ativo',
30/07/2026 09:45:58:   usuario_id: '124',
30/07/2026 09:45:58:   tarefa: '22895118',
30/07/2026 09:45:58:   origem: 'r_000250',
30/07/2026 09:45:58:   data_historico: 2026-07-29T15:29:20.000Z
30/07/2026 09:45:58: }
30/07/2026 09:45:59: [PUT] Atualizando cotação: 22895008
30/07/2026 09:45:59: [PUT] Usuário: eder.fernandes.3
30/07/2026 09:45:59: [PUT] Dados recebidos: {
30/07/2026 09:45:59:   anotacao: undefined,
30/07/2026 09:45:59:   status: 'aprovado',
30/07/2026 09:45:59:   auditoria_anotacao: undefined,
30/07/2026 09:45:59:   auditoria_status: undefined
30/07/2026 09:45:59: }
30/07/2026 09:45:59: [PUT] Linhas afetadas: 1
30/07/2026 09:45:59: [PUT] Cotação atualizada com sucesso: {
30/07/2026 09:45:59:   id_cotacao: 18079,
30/07/2026 09:45:59:   cotacao: 'Q6388143',
30/07/2026 09:45:59:   id_qldd: null,
30/07/2026 09:45:59:   anotacao: 'Tarefa: E001 - PME - 32.023.770/0001-46 | Fila: CPC - PME',
30/07/2026 09:45:59:   status: 'aprovado',
30/07/2026 09:45:59:   data_de_criacao: '30/07/2026 08:53',
30/07/2026 09:45:59:   data_da_ultima_atualizacao: '30/07/2026 09:45',
30/07/2026 09:45:59:   usuario_login: 'tuany.marques.3',
30/07/2026 09:45:59:   validacao: 'Ativo',
30/07/2026 09:45:59:   usuario_id: '129',
30/07/2026 09:45:59:   tarefa: '22895008',
30/07/2026 09:45:59:   origem: 'r_000250',
30/07/2026 09:45:59:   data_historico: 2026-07-29T15:12:22.000Z
30/07/2026 09:45:59: }
30/07/2026 09:46:35: [PUT] Atualizando cotação: 22894878
30/07/2026 09:46:35: [PUT] Usuário: samanta.andrade
30/07/2026 09:46:35: [PUT] Dados recebidos: {
30/07/2026 09:46:35:   anotacao: undefined,
30/07/2026 09:46:35:   status: 'aprovado',
30/07/2026 09:46:35:   auditoria_anotacao: undefined,
30/07/2026 09:46:35:   auditoria_status: undefined
30/07/2026 09:46:35: }
30/07/2026 09:46:35: [PUT] Linhas afetadas: 1
30/07/2026 09:46:35: [PUT] Cotação atualizada com sucesso: {
30/07/2026 09:46:35:   id_cotacao: 18054,
30/07/2026 09:46:35:   cotacao: 'Q6390175',
30/07/2026 09:46:35:   id_qldd: null,
30/07/2026 09:46:35:   anotacao: 'Tarefa: E001 - PME - 02.502.379/0001-63 | Fila: CPC - PME',
30/07/2026 09:46:35:   status: 'aprovado',
30/07/2026 09:46:35:   data_de_criacao: '30/07/2026 08:46',
30/07/2026 09:46:35:   data_da_ultima_atualizacao: '30/07/2026 09:46',
30/07/2026 09:46:35:   usuario_login: 'tuany.marques.3',
30/07/2026 09:46:35:   validacao: 'Ativo',
30/07/2026 09:46:35:   usuario_id: '150',
30/07/2026 09:46:35:   tarefa: '22894878',
30/07/2026 09:46:35:   origem: 'r_000250',
30/07/2026 09:46:35:   data_historico: 2026-07-29T14:52:59.000Z
30/07/2026 09:46:35: }
30/07/2026 09:46:46: [PUT] Atualizando cotação: 22894663
30/07/2026 09:46:46: [PUT] Usuário: erycka.oliveira.3
30/07/2026 09:46:46: [PUT] Dados recebidos: {
30/07/2026 09:46:46:   anotacao: undefined,
30/07/2026 09:46:46:   status: 'aprovado',
30/07/2026 09:46:46:   auditoria_anotacao: undefined,
30/07/2026 09:46:46:   auditoria_status: undefined
30/07/2026 09:46:46: }
30/07/2026 09:46:46: [PUT] Linhas afetadas: 1
30/07/2026 09:46:46: [PUT] Cotação atualizada com sucesso: {
30/07/2026 09:46:46:   id_cotacao: 18006,
30/07/2026 09:46:46:   cotacao: 'Q6389951',
30/07/2026 09:46:46:   id_qldd: null,
30/07/2026 09:46:46:   anotacao: 'Tarefa: E001 - PME - 33.890.795/0001-00 | Fila: CPC - PME',
30/07/2026 09:46:46:   status: 'aprovado',
30/07/2026 09:46:46:   data_de_criacao: '30/07/2026 08:45',
30/07/2026 09:46:46:   data_da_ultima_atualizacao: '30/07/2026 09:46',
30/07/2026 09:46:46:   usuario_login: 'tuany.marques.3',
30/07/2026 09:46:46:   validacao: 'Ativo',
30/07/2026 09:46:46:   usuario_id: '131',
30/07/2026 09:46:46:   tarefa: '22894663',
30/07/2026 09:46:46:   origem: 'r_000250',
30/07/2026 09:46:46:   data_historico: 2026-07-29T14:24:08.000Z
30/07/2026 09:46:46: }
30/07/2026 09:47:55: [PUT] Atualizando cotação: 22894366
30/07/2026 09:47:55: [PUT] Usuário: rita.meira.3
30/07/2026 09:47:55: [PUT] Dados recebidos: {
30/07/2026 09:47:55:   anotacao: undefined,
30/07/2026 09:47:55:   status: 'aprovado',
30/07/2026 09:47:55:   auditoria_anotacao: undefined,
30/07/2026 09:47:55:   auditoria_status: undefined
30/07/2026 09:47:55: }
30/07/2026 09:47:55: [PUT] Linhas afetadas: 1
30/07/2026 09:47:55: [PUT] Cotação atualizada com sucesso: {
30/07/2026 09:47:55:   id_cotacao: 17940,
30/07/2026 09:47:55:   cotacao: 'Q6389871',
30/07/2026 09:47:55:   id_qldd: null,
30/07/2026 09:47:55:   anotacao: 'Tarefa: E001 - PME - 63.934.253/0001-52 | Fila: CPC - PME',
30/07/2026 09:47:55:   status: 'aprovado',
30/07/2026 09:47:55:   data_de_criacao: '30/07/2026 07:32',
30/07/2026 09:47:55:   data_da_ultima_atualizacao: '30/07/2026 09:47',
30/07/2026 09:47:55:   usuario_login: 'tuany.marques.3',
30/07/2026 09:47:55:   validacao: 'Ativo',
30/07/2026 09:47:55:   usuario_id: '147',
30/07/2026 09:47:55:   tarefa: '22894366',
30/07/2026 09:47:55:   origem: 'r_000250',
30/07/2026 09:47:55:   data_historico: 2026-07-29T13:41:54.000Z
30/07/2026 09:47:55: }
30/07/2026 09:48:37: [PUT] Atualizando cotação: 22895081
30/07/2026 09:48:37: [PUT] Usuário: rosa.ferreira.3
30/07/2026 09:48:37: [PUT] Dados recebidos: {
30/07/2026 09:48:37:   anotacao: 'Tarefa: E001 - PME - 96.224.407/0001-71 | Fila: CPC - PME\n' +
30/07/2026 09:48:37:     '> Na cotação a ordem assinante 1629852455 foi informado incorretamente a reason (Combo Renovação Total sem Troca de Plano) o correto é Combo Renovação Parcial.\n' +
30/07/2026 09:48:37:     '> O Campo de Tipo de Venda/ Solicitação do TCPJ foi preenchido incorretamente, divergindo do informado na Cotação Detalhada (renovação Parcial). **Tipo de Venda/ Solicitação TCPJ - Incorreto**',
30/07/2026 09:48:37:   status: 'assumido',
30/07/2026 09:48:37:   auditoria_anotacao: '',
30/07/2026 09:48:37:   auditoria_status: ''
30/07/2026 09:48:37: }
30/07/2026 09:48:37: [PUT] Linhas afetadas: 1
30/07/2026 09:48:37: [PUT] Cotação atualizada com sucesso: {
30/07/2026 09:48:37:   id_cotacao: 18084,
30/07/2026 09:48:37:   cotacao: 'Q6392317',
30/07/2026 09:48:37:   id_qldd: null,
30/07/2026 09:48:37:   anotacao: 'Tarefa: E001 - PME - 96.224.407/0001-71 | Fila: CPC - PME\n' +
30/07/2026 09:48:37:     '> Na cotação a ordem assinante 1629852455 foi informado incorretamente a reason (Combo Renovação Total sem Troca de Plano) o correto é Combo Renovação Parcial.\n' +
30/07/2026 09:48:37:     '> O Campo de Tipo de Venda/ Solicitação do TCPJ foi preenchido incorretamente, divergindo do informado na Cotação Detalhada (renovação Parcial). **Tipo de Venda/ Solicitação TCPJ - Incorreto**',
30/07/2026 09:48:37:   status: 'assumido',
30/07/2026 09:48:37:   data_de_criacao: '30/07/2026 08:54',
30/07/2026 09:48:37:   data_da_ultima_atualizacao: '30/07/2026 09:48',
30/07/2026 09:48:37:   usuario_login: 'tuany.marques.3',
30/07/2026 09:48:37:   validacao: 'Ativo',
30/07/2026 09:48:37:   usuario_id: '148',
30/07/2026 09:48:37:   tarefa: '22895081',
30/07/2026 09:48:37:   origem: 'r_000250',
30/07/2026 09:48:37:   data_historico: 2026-07-29T15:24:08.000Z
30/07/2026 09:48:37: }
30/07/2026 09:49:29: [PUT] Atualizando cotação: 22894718
30/07/2026 09:49:29: [PUT] Usuário: giovanna.mozzarelo.3
30/07/2026 09:49:29: [PUT] Dados recebidos: {
30/07/2026 09:49:29:   anotacao: undefined,
30/07/2026 09:49:29:   status: 'aprovado',
30/07/2026 09:49:29:   auditoria_anotacao: undefined,
30/07/2026 09:49:29:   auditoria_status: undefined
30/07/2026 09:49:29: }
30/07/2026 09:49:29: [PUT] Linhas afetadas: 1
30/07/2026 09:49:29: [PUT] Cotação atualizada com sucesso: {
30/07/2026 09:49:29:   id_cotacao: 18020,
30/07/2026 09:49:29:   cotacao: 'Q6392192',
30/07/2026 09:49:29:   id_qldd: null,
30/07/2026 09:49:29:   anotacao: 'Tarefa: E001 - PME - 28.235.302/0001-68 | Fila: CPC - PME',
30/07/2026 09:49:29:   status: 'aprovado',
30/07/2026 09:49:29:   data_de_criacao: '30/07/2026 08:45',
30/07/2026 09:49:29:   data_da_ultima_atualizacao: '30/07/2026 09:49',
30/07/2026 09:49:29:   usuario_login: 'tuany.marques.3',
30/07/2026 09:49:29:   validacao: 'Ativo',
30/07/2026 09:49:29:   usuario_id: '199',
30/07/2026 09:49:29:   tarefa: '22894718',
30/07/2026 09:49:29:   origem: 'r_000250',
30/07/2026 09:49:29:   data_historico: 2026-07-29T14:33:27.000Z
30/07/2026 09:49:29: }
30/07/2026 09:50:06: [PUT] Atualizando cotação: 22894057
30/07/2026 09:50:06: [PUT] Usuário: erycka.oliveira.3
30/07/2026 09:50:06: [PUT] Dados recebidos: {
30/07/2026 09:50:06:   anotacao: undefined,
30/07/2026 09:50:06:   status: 'reprovado',
30/07/2026 09:50:06:   auditoria_anotacao: undefined,
30/07/2026 09:50:06:   auditoria_status: undefined
30/07/2026 09:50:06: }
30/07/2026 09:50:06: [PUT] Linhas afetadas: 1
30/07/2026 09:50:06: [PUT] Cotação atualizada com sucesso: {
30/07/2026 09:50:06:   id_cotacao: 17888,
30/07/2026 09:50:06:   cotacao: 'Q6384406',
30/07/2026 09:50:06:   id_qldd: null,
30/07/2026 09:50:06:   anotacao: 'Tarefa: E001 - PME - 01.194.404/0001-26 | Fila: CPC - PME',
30/07/2026 09:50:06:   status: 'reprovado',
30/07/2026 09:50:06:   data_de_criacao: '30/07/2026 07:17',
30/07/2026 09:50:06:   data_da_ultima_atualizacao: '30/07/2026 09:50',
30/07/2026 09:50:06:   usuario_login: 'tuany.marques.3',
30/07/2026 09:50:06:   validacao: 'Ativo',
30/07/2026 09:50:06:   usuario_id: '131',
30/07/2026 09:50:06:   tarefa: '22894057',
30/07/2026 09:50:06:   origem: 'r_000250',
30/07/2026 09:50:06:   data_historico: 2026-07-29T13:01:55.000Z
30/07/2026 09:50:06: }
30/07/2026 09:50:12: [PUT] Atualizando cotação: 22894057
30/07/2026 09:50:12: [PUT] Usuário: erycka.oliveira.3
30/07/2026 09:50:12: [PUT] Dados recebidos: {
30/07/2026 09:50:12:   anotacao: 'Tarefa: E001 - PME - 01.194.404/0001-26 | Fila: CPC - PME\n' +
30/07/2026 09:50:12:     '> As linhas 41997378286/41997378504 relacionadas para portabilidade, divergem entre cotação detalhada e TCPJ. \n' +
30/07/2026 09:50:12:     'Reprovado\n',
30/07/2026 09:50:12:   status: 'reprovado',
30/07/2026 09:50:12:   auditoria_anotacao: '',
30/07/2026 09:50:12:   auditoria_status: ''
30/07/2026 09:50:12: }
30/07/2026 09:50:12: [PUT] Linhas afetadas: 1
30/07/2026 09:50:12: [PUT] Cotação atualizada com sucesso: {
30/07/2026 09:50:12:   id_cotacao: 17888,
30/07/2026 09:50:12:   cotacao: 'Q6384406',
30/07/2026 09:50:12:   id_qldd: null,
30/07/2026 09:50:12:   anotacao: 'Tarefa: E001 - PME - 01.194.404/0001-26 | Fila: CPC - PME\n' +
30/07/2026 09:50:12:     '> As linhas 41997378286/41997378504 relacionadas para portabilidade, divergem entre cotação detalhada e TCPJ. \n' +
30/07/2026 09:50:12:     'Reprovado\n',
30/07/2026 09:50:12:   status: 'reprovado',
30/07/2026 09:50:12:   data_de_criacao: '30/07/2026 07:17',
30/07/2026 09:50:12:   data_da_ultima_atualizacao: '30/07/2026 09:50',
30/07/2026 09:50:12:   usuario_login: 'tuany.marques.3',
30/07/2026 09:50:12:   validacao: 'Ativo',
30/07/2026 09:50:12:   usuario_id: '131',
30/07/2026 09:50:12:   tarefa: '22894057',
30/07/2026 09:50:12:   origem: 'r_000250',
30/07/2026 09:50:12:   data_historico: 2026-07-29T13:01:55.000Z
30/07/2026 09:50:12: }
30/07/2026 09:51:51: [PUT] Atualizando cotação: 22894667
30/07/2026 09:51:51: [PUT] Usuário: erycka.oliveira.3
30/07/2026 09:51:51: [PUT] Dados recebidos: {
30/07/2026 09:51:51:   anotacao: undefined,
30/07/2026 09:51:51:   status: 'assumido',
30/07/2026 09:51:51:   auditoria_anotacao: undefined,
30/07/2026 09:51:51:   auditoria_status: undefined
30/07/2026 09:51:51: }
30/07/2026 09:51:51: [PUT] Linhas afetadas: 1
30/07/2026 09:51:51: [PUT] Cotação atualizada com sucesso: {
30/07/2026 09:51:51:   id_cotacao: 18007,
30/07/2026 09:51:51:   cotacao: 'Q6387928',
30/07/2026 09:51:51:   id_qldd: null,
30/07/2026 09:51:51:   anotacao: 'Tarefa: E001 - PME - 80.673.262/0001-56 | Fila: CPC - PME',
30/07/2026 09:51:51:   status: 'assumido',
30/07/2026 09:51:51:   data_de_criacao: '30/07/2026 08:45',
30/07/2026 09:51:51:   data_da_ultima_atualizacao: '30/07/2026 09:51',
30/07/2026 09:51:51:   usuario_login: 'tuany.marques.3',
30/07/2026 09:51:51:   validacao: 'Ativo',
30/07/2026 09:51:51:   usuario_id: '131',
30/07/2026 09:51:51:   tarefa: '22894667',
30/07/2026 09:51:51:   origem: 'r_000250',
30/07/2026 09:51:51:   data_historico: 2026-07-29T14:24:44.000Z
30/07/2026 09:51:51: }
30/07/2026 09:51:52: [PUT] Atualizando cotação: 22894668
30/07/2026 09:51:52: [PUT] Usuário: erycka.oliveira.3
30/07/2026 09:51:52: [PUT] Dados recebidos: {
30/07/2026 09:51:52:   anotacao: undefined,
30/07/2026 09:51:52:   status: 'assumido',
30/07/2026 09:51:52:   auditoria_anotacao: undefined,
30/07/2026 09:51:52:   auditoria_status: undefined
30/07/2026 09:51:52: }
30/07/2026 09:51:52: [PUT] Linhas afetadas: 1
30/07/2026 09:51:52: [PUT] Cotação atualizada com sucesso: {
30/07/2026 09:51:52:   id_cotacao: 18008,
30/07/2026 09:51:52:   cotacao: 'Q6344518',
30/07/2026 09:51:52:   id_qldd: null,
30/07/2026 09:51:52:   anotacao: 'Tarefa: E001 - PME - 64.302.691/0001-60 | Fila: CPC - PME',
30/07/2026 09:51:52:   status: 'assumido',
30/07/2026 09:51:52:   data_de_criacao: '30/07/2026 08:45',
30/07/2026 09:51:52:   data_da_ultima_atualizacao: '30/07/2026 09:51',
30/07/2026 09:51:52:   usuario_login: 'tuany.marques.3',
30/07/2026 09:51:52:   validacao: 'Ativo',
30/07/2026 09:51:52:   usuario_id: '131',
30/07/2026 09:51:52:   tarefa: '22894668',
30/07/2026 09:51:52:   origem: 'r_000250',
30/07/2026 09:51:52:   data_historico: 2026-07-29T14:24:45.000Z
30/07/2026 09:51:52: }
30/07/2026 09:51:53: [PUT] Atualizando cotação: 22894674
30/07/2026 09:51:53: [PUT] Usuário: erycka.oliveira.3
30/07/2026 09:51:53: [PUT] Dados recebidos: {
30/07/2026 09:51:53:   anotacao: undefined,
30/07/2026 09:51:53:   status: 'assumido',
30/07/2026 09:51:53:   auditoria_anotacao: undefined,
30/07/2026 09:51:53:   auditoria_status: undefined
30/07/2026 09:51:53: }
30/07/2026 09:51:53: [PUT] Linhas afetadas: 1
30/07/2026 09:51:53: [PUT] Cotação atualizada com sucesso: {
30/07/2026 09:51:53:   id_cotacao: 18009,
30/07/2026 09:51:53:   cotacao: 'Q6391887',
30/07/2026 09:51:53:   id_qldd: null,
30/07/2026 09:51:53:   anotacao: 'Tarefa: E001 - PME - 48.271.269/0001-39 | Fila: CPC - PME',
30/07/2026 09:51:53:   status: 'assumido',
30/07/2026 09:51:53:   data_de_criacao: '30/07/2026 08:45',
30/07/2026 09:51:53:   data_da_ultima_atualizacao: '30/07/2026 09:51',
30/07/2026 09:51:53:   usuario_login: 'tuany.marques.3',
30/07/2026 09:51:53:   validacao: 'Ativo',
30/07/2026 09:51:53:   usuario_id: '131',
30/07/2026 09:51:53:   tarefa: '22894674',
30/07/2026 09:51:53:   origem: 'r_000250',
30/07/2026 09:51:53:   data_historico: 2026-07-29T14:26:13.000Z
30/07/2026 09:51:53: }
30/07/2026 09:51:55: [PUT] Atualizando cotação: 22894679
30/07/2026 09:51:55: [PUT] Usuário: erycka.oliveira.3
30/07/2026 09:51:55: [PUT] Dados recebidos: {
30/07/2026 09:51:55:   anotacao: undefined,
30/07/2026 09:51:55:   status: 'assumido',
30/07/2026 09:51:55:   auditoria_anotacao: undefined,
30/07/2026 09:51:55:   auditoria_status: undefined
30/07/2026 09:51:55: }
30/07/2026 09:51:55: [PUT] Linhas afetadas: 1
30/07/2026 09:51:55: [PUT] Cotação atualizada com sucesso: {
30/07/2026 09:51:55:   id_cotacao: 18010,
30/07/2026 09:51:55:   cotacao: 'Q6391914',
30/07/2026 09:51:55:   id_qldd: null,
30/07/2026 09:51:55:   anotacao: 'Tarefa: E001 - PME - 21.962.342/0001-62 | Fila: CPC - PME',
30/07/2026 09:51:55:   status: 'assumido',
30/07/2026 09:51:55:   data_de_criacao: '30/07/2026 08:45',
30/07/2026 09:51:55:   data_da_ultima_atualizacao: '30/07/2026 09:51',
30/07/2026 09:51:55:   usuario_login: 'tuany.marques.3',
30/07/2026 09:51:55:   validacao: 'Ativo',
30/07/2026 09:51:55:   usuario_id: '131',
30/07/2026 09:51:55:   tarefa: '22894679',
30/07/2026 09:51:55:   origem: 'r_000250',
30/07/2026 09:51:55:   data_historico: 2026-07-29T14:27:09.000Z
30/07/2026 09:51:55: }
30/07/2026 09:51:56: [PUT] Atualizando cotação: 22894680
30/07/2026 09:51:56: [PUT] Usuário: erycka.oliveira.3
30/07/2026 09:51:56: [PUT] Dados recebidos: {
30/07/2026 09:51:56:   anotacao: undefined,
30/07/2026 09:51:56:   status: 'assumido',
30/07/2026 09:51:56:   auditoria_anotacao: undefined,
30/07/2026 09:51:56:   auditoria_status: undefined
30/07/2026 09:51:56: }
30/07/2026 09:51:56: [PUT] Linhas afetadas: 1
30/07/2026 09:51:56: [PUT] Cotação atualizada com sucesso: {
30/07/2026 09:51:56:   id_cotacao: 18011,
30/07/2026 09:51:56:   cotacao: 'Q6382325',
30/07/2026 09:51:56:   id_qldd: null,
30/07/2026 09:51:56:   anotacao: 'Tarefa: E001 - PME - 48.272.722/0001-21 | Fila: CPC - PME',
30/07/2026 09:51:56:   status: 'assumido',
30/07/2026 09:51:56:   data_de_criacao: '30/07/2026 08:45',
30/07/2026 09:51:56:   data_da_ultima_atualizacao: '30/07/2026 09:51',
30/07/2026 09:51:56:   usuario_login: 'tuany.marques.3',
30/07/2026 09:51:56:   validacao: 'Ativo',
30/07/2026 09:51:56:   usuario_id: '131',
30/07/2026 09:51:56:   tarefa: '22894680',
30/07/2026 09:51:56:   origem: 'r_000250',
30/07/2026 09:51:56:   data_historico: 2026-07-29T14:27:16.000Z
30/07/2026 09:51:56: }
30/07/2026 09:51:58: [PUT] Atualizando cotação: 22894684
30/07/2026 09:51:58: [PUT] Usuário: erycka.oliveira.3
30/07/2026 09:51:58: [PUT] Dados recebidos: {
30/07/2026 09:51:58:   anotacao: undefined,
30/07/2026 09:51:58:   status: 'assumido',
30/07/2026 09:51:58:   auditoria_anotacao: undefined,
30/07/2026 09:51:58:   auditoria_status: undefined
30/07/2026 09:51:58: }
30/07/2026 09:51:58: [PUT] Linhas afetadas: 1
30/07/2026 09:51:58: [PUT] Cotação atualizada com sucesso: {
30/07/2026 09:51:58:   id_cotacao: 18012,
30/07/2026 09:51:58:   cotacao: 'Q6382109',
30/07/2026 09:51:58:   id_qldd: null,
30/07/2026 09:51:58:   anotacao: 'Tarefa: E001 - PME - 20.964.131/0001-04 | Fila: CPC - PME',
30/07/2026 09:51:58:   status: 'assumido',
30/07/2026 09:51:58:   data_de_criacao: '30/07/2026 08:45',
30/07/2026 09:51:58:   data_da_ultima_atualizacao: '30/07/2026 09:51',
30/07/2026 09:51:58:   usuario_login: 'tuany.marques.3',
30/07/2026 09:51:58:   validacao: 'Ativo',
30/07/2026 09:51:58:   usuario_id: '131',
30/07/2026 09:51:58:   tarefa: '22894684',
30/07/2026 09:51:58:   origem: 'r_000250',
30/07/2026 09:51:58:   data_historico: 2026-07-29T14:28:12.000Z
30/07/2026 09:51:58: }
30/07/2026 09:52:00: [PUT] Atualizando cotação: 22894690
30/07/2026 09:52:00: [PUT] Usuário: erycka.oliveira.3
30/07/2026 09:52:00: [PUT] Dados recebidos: {
30/07/2026 09:52:00:   anotacao: undefined,
30/07/2026 09:52:00:   status: 'assumido',
30/07/2026 09:52:00:   auditoria_anotacao: undefined,
30/07/2026 09:52:00:   auditoria_status: undefined
30/07/2026 09:52:00: }
30/07/2026 09:52:00: [PUT] Linhas afetadas: 1
30/07/2026 09:52:00: [PUT] Cotação atualizada com sucesso: {
30/07/2026 09:52:00:   id_cotacao: 18013,
30/07/2026 09:52:00:   cotacao: 'Q6390100',
30/07/2026 09:52:00:   id_qldd: null,
30/07/2026 09:52:00:   anotacao: 'Tarefa: E001 - PME - 62.509.911/0001-04 | Fila: CPC - PME',
30/07/2026 09:52:00:   status: 'assumido',
30/07/2026 09:52:00:   data_de_criacao: '30/07/2026 08:45',
30/07/2026 09:52:00:   data_da_ultima_atualizacao: '30/07/2026 09:52',
30/07/2026 09:52:00:   usuario_login: 'tuany.marques.3',
30/07/2026 09:52:00:   validacao: 'Ativo',
30/07/2026 09:52:00:   usuario_id: '131',
30/07/2026 09:52:00:   tarefa: '22894690',
30/07/2026 09:52:00:   origem: 'r_000250',
30/07/2026 09:52:00:   data_historico: 2026-07-29T14:29:13.000Z
30/07/2026 09:52:00: }
30/07/2026 09:52:01: [PUT] Atualizando cotação: 22895010
30/07/2026 09:52:01: [PUT] Usuário: eder.fernandes.3
30/07/2026 09:52:01: [PUT] Dados recebidos: {
30/07/2026 09:52:01:   anotacao: undefined,
30/07/2026 09:52:01:   status: 'reprovado',
30/07/2026 09:52:01:   auditoria_anotacao: undefined,
30/07/2026 09:52:01:   auditoria_status: undefined
30/07/2026 09:52:01: }
30/07/2026 09:52:01: [PUT] Linhas afetadas: 1
30/07/2026 09:52:01: [PUT] Cotação atualizada com sucesso: {
30/07/2026 09:52:01:   id_cotacao: 18080,
30/07/2026 09:52:01:   cotacao: 'Q6392196',
30/07/2026 09:52:01:   id_qldd: null,
30/07/2026 09:52:01:   anotacao: 'Tarefa: E001 - PME - 58.004.495/0001-07 | Fila: CPC - PME',
30/07/2026 09:52:01:   status: 'reprovado',
30/07/2026 09:52:01:   data_de_criacao: '30/07/2026 08:53',
30/07/2026 09:52:01:   data_da_ultima_atualizacao: '30/07/2026 09:52',
30/07/2026 09:52:01:   usuario_login: 'tuany.marques.3',
30/07/2026 09:52:01:   validacao: 'Ativo',
30/07/2026 09:52:01:   usuario_id: '129',
30/07/2026 09:52:01:   tarefa: '22895010',
30/07/2026 09:52:01:   origem: 'r_000250',
30/07/2026 09:52:01:   data_historico: 2026-07-29T15:12:31.000Z
30/07/2026 09:52:01: }
30/07/2026 09:52:05: [PUT] Atualizando cotação: 22895010
30/07/2026 09:52:05: [PUT] Usuário: eder.fernandes.3
30/07/2026 09:52:05: [PUT] Dados recebidos: {
30/07/2026 09:52:05:   anotacao: 'Tarefa: E001 - PME - 58.004.495/0001-07 | Fila: CPC - PME\n' +
30/07/2026 09:52:05:     '\n' +
30/07/2026 09:52:05:     'Por gentileza, corrigir o item abaixo:\n' +
30/07/2026 09:52:05:     '\n' +
30/07/2026 09:52:05:     '1- Os seguintes dados cadastrais do administrador de contas informado divergem entre CPC e TCPJ: Celular/ Telefone **Divergência de Dados Administrador (ADM)**\n' +
30/07/2026 09:52:05:     '\n' +
30/07/2026 09:52:05:     'Cotação Reprovada\n',
30/07/2026 09:52:05:   status: 'reprovado',
30/07/2026 09:52:05:   auditoria_anotacao: '',
30/07/2026 09:52:05:   auditoria_status: ''
30/07/2026 09:52:05: }
30/07/2026 09:52:05: [PUT] Linhas afetadas: 1
30/07/2026 09:52:05: [PUT] Cotação atualizada com sucesso: {
30/07/2026 09:52:05:   id_cotacao: 18080,
30/07/2026 09:52:05:   cotacao: 'Q6392196',
30/07/2026 09:52:05:   id_qldd: null,
30/07/2026 09:52:05:   anotacao: 'Tarefa: E001 - PME - 58.004.495/0001-07 | Fila: CPC - PME\n' +
30/07/2026 09:52:05:     '\n' +
30/07/2026 09:52:05:     'Por gentileza, corrigir o item abaixo:\n' +
30/07/2026 09:52:05:     '\n' +
30/07/2026 09:52:05:     '1- Os seguintes dados cadastrais do administrador de contas informado divergem entre CPC e TCPJ: Celular/ Telefone **Divergência de Dados Administrador (ADM)**\n' +
30/07/2026 09:52:05:     '\n' +
30/07/2026 09:52:05:     'Cotação Reprovada\n',
30/07/2026 09:52:05:   status: 'reprovado',
30/07/2026 09:52:05:   data_de_criacao: '30/07/2026 08:53',
30/07/2026 09:52:05:   data_da_ultima_atualizacao: '30/07/2026 09:52',
30/07/2026 09:52:05:   usuario_login: 'tuany.marques.3',
30/07/2026 09:52:05:   validacao: 'Ativo',
30/07/2026 09:52:05:   usuario_id: '129',
30/07/2026 09:52:05:   tarefa: '22895010',
30/07/2026 09:52:05:   origem: 'r_000250',
30/07/2026 09:52:05:   data_historico: 2026-07-29T15:12:31.000Z
30/07/2026 09:52:05: }
30/07/2026 09:53:59: [PUT] Atualizando cotação: 22895081
30/07/2026 09:53:59: [PUT] Usuário: rosa.ferreira.3
30/07/2026 09:53:59: [PUT] Dados recebidos: {
30/07/2026 09:53:59:   anotacao: 'Tarefa: E001 - PME - 96.224.407/0001-71 | Fila: CPC - PME\n' +
30/07/2026 09:53:59:     '> Na cotação a ordem assinante 1629852455 foi informado incorretamente a reason (Combo Renovação Total sem Troca de Plano) o correto é Combo Renovação Parcial.\n' +
30/07/2026 09:53:59:     '> O Campo de Tipo de Venda/ Solicitação do TCPJ foi preenchido incorretamente, divergindo do informado na Cotação Detalhada (renovação Parcial). **Tipo de Venda/ Solicitação TCPJ - Incorreto**',
30/07/2026 09:53:59:   status: 'assumido',
30/07/2026 09:53:59:   auditoria_anotacao: '',
30/07/2026 09:53:59:   auditoria_status: ''
30/07/2026 09:53:59: }
30/07/2026 09:53:59: [PUT] Linhas afetadas: 1
30/07/2026 09:53:59: [PUT] Cotação atualizada com sucesso: {
30/07/2026 09:53:59:   id_cotacao: 18084,
30/07/2026 09:53:59:   cotacao: 'Q6392317',
30/07/2026 09:53:59:   id_qldd: null,
30/07/2026 09:53:59:   anotacao: 'Tarefa: E001 - PME - 96.224.407/0001-71 | Fila: CPC - PME\n' +
30/07/2026 09:53:59:     '> Na cotação a ordem assinante 1629852455 foi informado incorretamente a reason (Combo Renovação Total sem Troca de Plano) o correto é Combo Renovação Parcial.\n' +
30/07/2026 09:53:59:     '> O Campo de Tipo de Venda/ Solicitação do TCPJ foi preenchido incorretamente, divergindo do informado na Cotação Detalhada (renovação Parcial). **Tipo de Venda/ Solicitação TCPJ - Incorreto**',
30/07/2026 09:53:59:   status: 'assumido',
30/07/2026 09:53:59:   data_de_criacao: '30/07/2026 08:54',
30/07/2026 09:53:59:   data_da_ultima_atualizacao: '30/07/2026 09:53',
30/07/2026 09:53:59:   usuario_login: 'tuany.marques.3',
30/07/2026 09:53:59:   validacao: 'Ativo',
30/07/2026 09:53:59:   usuario_id: '148',
30/07/2026 09:53:59:   tarefa: '22895081',
30/07/2026 09:53:59:   origem: 'r_000250',
30/07/2026 09:53:59:   data_historico: 2026-07-29T15:24:08.000Z
30/07/2026 09:53:59: }
30/07/2026 09:54:03: [PUT] Atualizando cotação: 22895081
30/07/2026 09:54:03: [PUT] Usuário: rosa.ferreira.3
30/07/2026 09:54:03: [PUT] Dados recebidos: {
30/07/2026 09:54:03:   anotacao: undefined,
30/07/2026 09:54:03:   status: 'reprovado',
30/07/2026 09:54:03:   auditoria_anotacao: undefined,
30/07/2026 09:54:03:   auditoria_status: undefined
30/07/2026 09:54:03: }
30/07/2026 09:54:03: [PUT] Linhas afetadas: 1
30/07/2026 09:54:03: [PUT] Cotação atualizada com sucesso: {
30/07/2026 09:54:03:   id_cotacao: 18084,
30/07/2026 09:54:03:   cotacao: 'Q6392317',
30/07/2026 09:54:03:   id_qldd: null,
30/07/2026 09:54:03:   anotacao: 'Tarefa: E001 - PME - 96.224.407/0001-71 | Fila: CPC - PME\n' +
30/07/2026 09:54:03:     '> Na cotação a ordem assinante 1629852455 foi informado incorretamente a reason (Combo Renovação Total sem Troca de Plano) o correto é Combo Renovação Parcial.\n' +
30/07/2026 09:54:03:     '> O Campo de Tipo de Venda/ Solicitação do TCPJ foi preenchido incorretamente, divergindo do informado na Cotação Detalhada (renovação Parcial). **Tipo de Venda/ Solicitação TCPJ - Incorreto**',
30/07/2026 09:54:03:   status: 'reprovado',
30/07/2026 09:54:03:   data_de_criacao: '30/07/2026 08:54',
30/07/2026 09:54:03:   data_da_ultima_atualizacao: '30/07/2026 09:54',
30/07/2026 09:54:03:   usuario_login: 'tuany.marques.3',
30/07/2026 09:54:03:   validacao: 'Ativo',
30/07/2026 09:54:03:   usuario_id: '148',
30/07/2026 09:54:03:   tarefa: '22895081',
30/07/2026 09:54:03:   origem: 'r_000250',
30/07/2026 09:54:03:   data_historico: 2026-07-29T15:24:08.000Z
30/07/2026 09:54:03: }
30/07/2026 09:55:05: [PUT] Atualizando cotação: 22895516
30/07/2026 09:55:05: [PUT] Usuário: gustavo.sanches
30/07/2026 09:55:05: [PUT] Dados recebidos: {
30/07/2026 09:55:05:   anotacao: undefined,
30/07/2026 09:55:05:   status: 'aprovado',
30/07/2026 09:55:05:   auditoria_anotacao: undefined,
30/07/2026 09:55:05:   auditoria_status: undefined
30/07/2026 09:55:05: }
30/07/2026 09:55:05: [PUT] Linhas afetadas: 1
30/07/2026 09:55:05: [PUT] Cotação atualizada com sucesso: {
30/07/2026 09:55:05:   id_cotacao: 18099,
30/07/2026 09:55:05:   cotacao: 'Q6392275',
30/07/2026 09:55:05:   id_qldd: null,
30/07/2026 09:55:05:   anotacao: 'Tarefa: E001 - PME - 37.960.973/0001-82 | Fila: CPC - PME',
30/07/2026 09:55:05:   status: 'aprovado',
30/07/2026 09:55:05:   data_de_criacao: '30/07/2026 08:54',
30/07/2026 09:55:05:   data_da_ultima_atualizacao: '30/07/2026 09:55',
30/07/2026 09:55:05:   usuario_login: 'gustavo.sanches',
30/07/2026 09:55:05:   validacao: 'Ativo',
30/07/2026 09:55:05:   usuario_id: '134',
30/07/2026 09:55:05:   tarefa: '22895516',
30/07/2026 09:55:05:   origem: 'r_000250',
30/07/2026 09:55:05:   data_historico: 2026-07-29T17:00:42.000Z
30/07/2026 09:55:05: }
30/07/2026 09:55:20: [PUT] Atualizando cotação: 22894809
30/07/2026 09:55:20: [PUT] Usuário: karen.santos.3
30/07/2026 09:55:20: [PUT] Dados recebidos: {
30/07/2026 09:55:20:   anotacao: undefined,
30/07/2026 09:55:20:   status: 'aprovado',
30/07/2026 09:55:20:   auditoria_anotacao: undefined,
30/07/2026 09:55:20:   auditoria_status: undefined
30/07/2026 09:55:20: }
30/07/2026 09:55:20: [PUT] Linhas afetadas: 1
30/07/2026 09:55:20: [PUT] Cotação atualizada com sucesso: {
30/07/2026 09:55:20:   id_cotacao: 18039,
30/07/2026 09:55:20:   cotacao: 'Q6391228',
30/07/2026 09:55:20:   id_qldd: null,
30/07/2026 09:55:20:   anotacao: 'Tarefa: E001 - PME - 10.276.594/0001-11 | Fila: CPC - PME',
30/07/2026 09:55:20:   status: 'aprovado',
30/07/2026 09:55:20:   data_de_criacao: '30/07/2026 08:46',
30/07/2026 09:55:20:   data_da_ultima_atualizacao: '30/07/2026 09:55',
30/07/2026 09:55:20:   usuario_login: 'tuany.marques.3',
30/07/2026 09:55:20:   validacao: 'Ativo',
30/07/2026 09:55:20:   usuario_id: '136',
30/07/2026 09:55:20:   tarefa: '22894809',
30/07/2026 09:55:20:   origem: 'r_000250',
30/07/2026 09:55:20:   data_historico: 2026-07-29T14:45:38.000Z
30/07/2026 09:55:20: }
30/07/2026 09:55:22: [PUT] Atualizando cotação: 22894812
30/07/2026 09:55:22: [PUT] Usuário: karen.santos.3
30/07/2026 09:55:22: [PUT] Dados recebidos: {
30/07/2026 09:55:22:   anotacao: undefined,
30/07/2026 09:55:22:   status: 'assumido',
30/07/2026 09:55:22:   auditoria_anotacao: undefined,
30/07/2026 09:55:22:   auditoria_status: undefined
30/07/2026 09:55:22: }
30/07/2026 09:55:22: [PUT] Linhas afetadas: 1
30/07/2026 09:55:22: [PUT] Cotação atualizada com sucesso: {
30/07/2026 09:55:22:   id_cotacao: 18040,
30/07/2026 09:55:22:   cotacao: 'Q6392126',
30/07/2026 09:55:22:   id_qldd: null,
30/07/2026 09:55:22:   anotacao: 'Tarefa: E001 - PME - 36.187.021/0001-05 | Fila: CPC - PME',
30/07/2026 09:55:22:   status: 'assumido',
30/07/2026 09:55:22:   data_de_criacao: '30/07/2026 08:46',
30/07/2026 09:55:22:   data_da_ultima_atualizacao: '30/07/2026 09:55',
30/07/2026 09:55:22:   usuario_login: 'tuany.marques.3',
30/07/2026 09:55:22:   validacao: 'Ativo',
30/07/2026 09:55:22:   usuario_id: '136',
30/07/2026 09:55:22:   tarefa: '22894812',
30/07/2026 09:55:22:   origem: 'r_000250',
30/07/2026 09:55:22:   data_historico: 2026-07-29T14:46:06.000Z
30/07/2026 09:55:22: }
30/07/2026 09:55:23: [PUT] Atualizando cotação: 22895335
30/07/2026 09:55:23: [PUT] Usuário: maristela.martins
30/07/2026 09:55:23: [PUT] Dados recebidos: {
30/07/2026 09:55:23:   anotacao: 'Tarefa: E001 - PME - 09.502.539/0001-13 | Fila: CPC - PME\n' +
30/07/2026 09:55:23:     '> No termo PJ-PJ Termo de Transferência de Titularidade\tenviado 21/07/2026 11:09 não consta os dados do adm receptor ',
30/07/2026 09:55:23:   status: 'pendente',
30/07/2026 09:55:23:   auditoria_anotacao: '',
30/07/2026 09:55:23:   auditoria_status: ''
30/07/2026 09:55:23: }
30/07/2026 09:55:23: [PUT] Linhas afetadas: 1
30/07/2026 09:55:23: [PUT] Cotação atualizada com sucesso: {
30/07/2026 09:55:23:   id_cotacao: 18130,
30/07/2026 09:55:23:   cotacao: 'Q6376008',
30/07/2026 09:55:23:   id_qldd: null,
30/07/2026 09:55:23:   anotacao: 'Tarefa: E001 - PME - 09.502.539/0001-13 | Fila: CPC - PME\n' +
30/07/2026 09:55:23:     '> No termo PJ-PJ Termo de Transferência de Titularidade\tenviado 21/07/2026 11:09 não consta os dados do adm receptor ',
30/07/2026 09:55:23:   status: 'pendente',
30/07/2026 09:55:23:   data_de_criacao: '30/07/2026 09:39',
30/07/2026 09:55:23:   data_da_ultima_atualizacao: '30/07/2026 09:55',
30/07/2026 09:55:23:   usuario_login: 'tuany.marques.3',
30/07/2026 09:55:23:   validacao: 'Ativo',
30/07/2026 09:55:23:   usuario_id: '143',
30/07/2026 09:55:23:   tarefa: '22895335',
30/07/2026 09:55:23:   origem: 'r_000250',
30/07/2026 09:55:23:   data_historico: 2026-07-29T16:19:08.000Z
30/07/2026 09:55:23: }
30/07/2026 09:55:26: [PUT] Atualizando cotação: 22895335
30/07/2026 09:55:26: [PUT] Usuário: maristela.martins
30/07/2026 09:55:26: [PUT] Dados recebidos: {
30/07/2026 09:55:26:   anotacao: undefined,
30/07/2026 09:55:26:   status: 'reprovado',
30/07/2026 09:55:26:   auditoria_anotacao: undefined,
30/07/2026 09:55:26:   auditoria_status: undefined
30/07/2026 09:55:26: }
30/07/2026 09:55:26: [PUT] Linhas afetadas: 1
30/07/2026 09:55:26: [PUT] Cotação atualizada com sucesso: {
30/07/2026 09:55:26:   id_cotacao: 18130,
30/07/2026 09:55:26:   cotacao: 'Q6376008',
30/07/2026 09:55:26:   id_qldd: null,
30/07/2026 09:55:26:   anotacao: 'Tarefa: E001 - PME - 09.502.539/0001-13 | Fila: CPC - PME\n' +
30/07/2026 09:55:26:     '> No termo PJ-PJ Termo de Transferência de Titularidade\tenviado 21/07/2026 11:09 não consta os dados do adm receptor ',
30/07/2026 09:55:26:   status: 'reprovado',
30/07/2026 09:55:26:   data_de_criacao: '30/07/2026 09:39',
30/07/2026 09:55:26:   data_da_ultima_atualizacao: '30/07/2026 09:55',
30/07/2026 09:55:26:   usuario_login: 'tuany.marques.3',
30/07/2026 09:55:26:   validacao: 'Ativo',
30/07/2026 09:55:26:   usuario_id: '143',
30/07/2026 09:55:26:   tarefa: '22895335',
30/07/2026 09:55:26:   origem: 'r_000250',
30/07/2026 09:55:26:   data_historico: 2026-07-29T16:19:08.000Z
30/07/2026 09:55:26: }
30/07/2026 09:56:04: [INSPECAO] Upload recebido: R_000250_1444713.csv -> E:\projetos_hitss\geo-pme-notas\files\r_000250.csv
30/07/2026 09:56:04: --- INICIANDO ETL R_000250 ---
30/07/2026 09:56:04: Delimitador detectado: ";"
30/07/2026 09:56:04: Arquivo limpo escrito: E:\projetos_hitss\geo-pme-notas\files\r_000250_cleaned.csv
30/07/2026 09:56:04: Tabela verificada/criada.
30/07/2026 09:56:04: Dados antigos removidos.
30/07/2026 09:56:04: Dados carregados com sucesso via COPY.
30/07/2026 09:56:04: --- ETL R_000250 CONCLUÍDO: 743 registros ---
30/07/2026 09:56:04: [CLASSIFICACAO] Conectado ao banco de dados.
30/07/2026 09:56:04: [CLASSIFICACAO] 2 cotações classificadas.
30/07/2026 09:56:04: [CLASSIFICACAO] Cotações atualizadas:
30/07/2026 09:56:04:   - Tarefa: 22893918 | Usuário: elcler.modesto
30/07/2026 09:56:04:   - Tarefa: 22894621 | Usuário: tuany.marques.3
30/07/2026 09:56:04: [CLASSIFICACAO] Total "Pendente - Classificação": 281
30/07/2026 09:56:06: [PUT] Atualizando cotação: 22895122
30/07/2026 09:56:06: [PUT] Usuário: allison.aguilar.3
30/07/2026 09:56:06: [PUT] Dados recebidos: {
30/07/2026 09:56:06:   anotacao: undefined,
30/07/2026 09:56:06:   status: 'aprovado',
30/07/2026 09:56:06:   auditoria_anotacao: undefined,
30/07/2026 09:56:06:   auditoria_status: undefined
30/07/2026 09:56:06: }
30/07/2026 09:56:06: [PUT] Linhas afetadas: 1
30/07/2026 09:56:06: [PUT] Cotação atualizada com sucesso: {
30/07/2026 09:56:06:   id_cotacao: 18104,
30/07/2026 09:56:06:   cotacao: 'Q6390181',
30/07/2026 09:56:06:   id_qldd: null,
30/07/2026 09:56:06:   anotacao: 'Tarefa: E001 - PME - 66.131.708/0001-90 | Fila: CPC - PME',
30/07/2026 09:56:06:   status: 'aprovado',
30/07/2026 09:56:06:   data_de_criacao: '30/07/2026 09:16',
30/07/2026 09:56:06:   data_da_ultima_atualizacao: '30/07/2026 09:56',
30/07/2026 09:56:06:   usuario_login: 'tuany.marques.3',
30/07/2026 09:56:06:   validacao: 'Ativo',
30/07/2026 09:56:06:   usuario_id: '124',
30/07/2026 09:56:06:   tarefa: '22895122',
30/07/2026 09:56:06:   origem: 'r_000250',
30/07/2026 09:56:06:   data_historico: 2026-07-29T15:29:55.000Z
30/07/2026 09:56:06: }
30/07/2026 09:56:09: [PUT] Atualizando cotação: 22895022
30/07/2026 09:56:09: [PUT] Usuário: eder.fernandes.3
30/07/2026 09:56:09: [PUT] Dados recebidos: {
30/07/2026 09:56:09:   anotacao: undefined,
30/07/2026 09:56:09:   status: 'aprovado',
30/07/2026 09:56:09:   auditoria_anotacao: undefined,
30/07/2026 09:56:09:   auditoria_status: undefined
30/07/2026 09:56:09: }
30/07/2026 09:56:09: [PUT] Linhas afetadas: 1
30/07/2026 09:56:09: [PUT] Cotação atualizada com sucesso: {
30/07/2026 09:56:09:   id_cotacao: 18081,
30/07/2026 09:56:09:   cotacao: 'Q6392119',
30/07/2026 09:56:09:   id_qldd: null,
30/07/2026 09:56:09:   anotacao: 'Tarefa: E001 - PME - 10.458.530/0001-31 | Fila: CPC - PME',
30/07/2026 09:56:09:   status: 'aprovado',
30/07/2026 09:56:09:   data_de_criacao: '30/07/2026 08:53',
30/07/2026 09:56:09:   data_da_ultima_atualizacao: '30/07/2026 09:56',
30/07/2026 09:56:09:   usuario_login: 'tuany.marques.3',
30/07/2026 09:56:09:   validacao: 'Ativo',
30/07/2026 09:56:09:   usuario_id: '129',
30/07/2026 09:56:09:   tarefa: '22895022',
30/07/2026 09:56:09:   origem: 'r_000250',
30/07/2026 09:56:09:   data_historico: 2026-07-29T15:14:13.000Z
30/07/2026 09:56:09: }
30/07/2026 09:58:30: [PUT] Atualizando cotação: 22894812
30/07/2026 09:58:30: [PUT] Usuário: karen.santos.3
30/07/2026 09:58:30: [PUT] Dados recebidos: {
30/07/2026 09:58:30:   anotacao: undefined,
30/07/2026 09:58:30:   status: 'pendente-iphone',
30/07/2026 09:58:30:   auditoria_anotacao: undefined,
30/07/2026 09:58:30:   auditoria_status: undefined
30/07/2026 09:58:30: }
30/07/2026 09:58:30: [PUT] Linhas afetadas: 1
30/07/2026 09:58:30: [PUT] Cotação atualizada com sucesso: {
30/07/2026 09:58:30:   id_cotacao: 18040,
30/07/2026 09:58:30:   cotacao: 'Q6392126',
30/07/2026 09:58:30:   id_qldd: null,
30/07/2026 09:58:30:   anotacao: 'Tarefa: E001 - PME - 36.187.021/0001-05 | Fila: CPC - PME',
30/07/2026 09:58:30:   status: 'pendente-iphone',
30/07/2026 09:58:30:   data_de_criacao: '30/07/2026 08:46',
30/07/2026 09:58:30:   data_da_ultima_atualizacao: '30/07/2026 09:58',
30/07/2026 09:58:30:   usuario_login: 'tuany.marques.3',
30/07/2026 09:58:30:   validacao: 'Ativo',
30/07/2026 09:58:30:   usuario_id: '136',
30/07/2026 09:58:30:   tarefa: '22894812',
30/07/2026 09:58:30:   origem: 'r_000250',
30/07/2026 09:58:30:   data_historico: 2026-07-29T14:46:06.000Z
30/07/2026 09:58:30: }
30/07/2026 10:00:09: [PUT] Atualizando cotação: 22895517
30/07/2026 10:00:09: [PUT] Usuário: gustavo.sanches
30/07/2026 10:00:09: [PUT] Dados recebidos: {
30/07/2026 10:00:09:   anotacao: undefined,
30/07/2026 10:00:09:   status: 'aprovado',
30/07/2026 10:00:09:   auditoria_anotacao: undefined,
30/07/2026 10:00:09:   auditoria_status: undefined
30/07/2026 10:00:09: }
30/07/2026 10:00:09: [PUT] Linhas afetadas: 1
30/07/2026 10:00:09: [PUT] Cotação atualizada com sucesso: {
30/07/2026 10:00:09:   id_cotacao: 18098,
30/07/2026 10:00:09:   cotacao: 'Q6392159',
30/07/2026 10:00:09:   id_qldd: null,
30/07/2026 10:00:09:   anotacao: 'Tarefa: E001 - PME - 54.664.559/0001-45 | Fila: CPC - PME',
30/07/2026 10:00:09:   status: 'aprovado',
30/07/2026 10:00:09:   data_de_criacao: '30/07/2026 08:54',
30/07/2026 10:00:09:   data_da_ultima_atualizacao: '30/07/2026 10:00',
30/07/2026 10:00:09:   usuario_login: 'gustavo.sanches',
30/07/2026 10:00:09:   validacao: 'Ativo',
30/07/2026 10:00:09:   usuario_id: '134',
30/07/2026 10:00:09:   tarefa: '22895517',
30/07/2026 10:00:09:   origem: 'r_000250',
30/07/2026 10:00:09:   data_historico: 2026-07-29T17:01:16.000Z
30/07/2026 10:00:09: }
30/07/2026 10:00:15: [PUT] Atualizando cotação: 22895162
30/07/2026 10:00:15: [PUT] Usuário: eduardo.jesus.3
30/07/2026 10:00:15: [PUT] Dados recebidos: {
30/07/2026 10:00:15:   anotacao: undefined,
30/07/2026 10:00:15:   status: 'aprovado',
30/07/2026 10:00:15:   auditoria_anotacao: undefined,
30/07/2026 10:00:15:   auditoria_status: undefined
30/07/2026 10:00:15: }
30/07/2026 10:00:15: [PUT] Linhas afetadas: 1
30/07/2026 10:00:15: [PUT] Cotação atualizada com sucesso: {
30/07/2026 10:00:15:   id_cotacao: 18111,
30/07/2026 10:00:15:   cotacao: 'Q6387119',
30/07/2026 10:00:15:   id_qldd: null,
30/07/2026 10:00:15:   anotacao: 'Tarefa: E001 - PME - 44.847.486/0001-73 | Fila: CPC - PME',
30/07/2026 10:00:15:   status: 'aprovado',
30/07/2026 10:00:15:   data_de_criacao: '30/07/2026 09:36',
30/07/2026 10:00:15:   data_da_ultima_atualizacao: '30/07/2026 10:00',
30/07/2026 10:00:15:   usuario_login: 'tuany.marques.3',
30/07/2026 10:00:15:   validacao: 'Ativo',
30/07/2026 10:00:15:   usuario_id: '200',
30/07/2026 10:00:15:   tarefa: '22895162',
30/07/2026 10:00:15:   origem: 'r_000250',
30/07/2026 10:00:15:   data_historico: 2026-07-29T15:37:22.000Z
30/07/2026 10:00:15: }
30/07/2026 10:00:20: [PUT] Atualizando cotação: 22895162
30/07/2026 10:00:20: [PUT] Usuário: eduardo.jesus.3
30/07/2026 10:00:20: [PUT] Dados recebidos: {
30/07/2026 10:00:20:   anotacao: 'aprovado',
30/07/2026 10:00:20:   status: 'aprovado',
30/07/2026 10:00:20:   auditoria_anotacao: '',
30/07/2026 10:00:20:   auditoria_status: ''
30/07/2026 10:00:20: }
30/07/2026 10:00:20: [PUT] Linhas afetadas: 1
30/07/2026 10:00:20: [PUT] Cotação atualizada com sucesso: {
30/07/2026 10:00:20:   id_cotacao: 18111,
30/07/2026 10:00:20:   cotacao: 'Q6387119',
30/07/2026 10:00:20:   id_qldd: null,
30/07/2026 10:00:20:   anotacao: 'aprovado',
30/07/2026 10:00:20:   status: 'aprovado',
30/07/2026 10:00:20:   data_de_criacao: '30/07/2026 09:36',
30/07/2026 10:00:20:   data_da_ultima_atualizacao: '30/07/2026 10:00',
30/07/2026 10:00:20:   usuario_login: 'tuany.marques.3',
30/07/2026 10:00:20:   validacao: 'Ativo',
30/07/2026 10:00:20:   usuario_id: '200',
30/07/2026 10:00:20:   tarefa: '22895162',
30/07/2026 10:00:20:   origem: 'r_000250',
30/07/2026 10:00:20:   data_historico: 2026-07-29T15:37:22.000Z
30/07/2026 10:00:20: }
30/07/2026 10:00:38: [PUT] Atualizando cotação: 22894721
30/07/2026 10:00:38: [PUT] Usuário: giovanna.mozzarelo.3
30/07/2026 10:00:38: [PUT] Dados recebidos: {
30/07/2026 10:00:38:   anotacao: undefined,
30/07/2026 10:00:38:   status: 'reprovado',
30/07/2026 10:00:38:   auditoria_anotacao: undefined,
30/07/2026 10:00:38:   auditoria_status: undefined
30/07/2026 10:00:38: }
30/07/2026 10:00:38: [PUT] Linhas afetadas: 1
30/07/2026 10:00:38: [PUT] Cotação atualizada com sucesso: {
30/07/2026 10:00:38:   id_cotacao: 18021,
30/07/2026 10:00:38:   cotacao: 'Q6388220',
30/07/2026 10:00:38:   id_qldd: null,
30/07/2026 10:00:38:   anotacao: 'Tarefa: E001 - PME - 46.157.171/0001-20 | Fila: CPC - PME',
30/07/2026 10:00:38:   status: 'reprovado',
30/07/2026 10:00:38:   data_de_criacao: '30/07/2026 08:45',
30/07/2026 10:00:38:   data_da_ultima_atualizacao: '30/07/2026 10:00',
30/07/2026 10:00:38:   usuario_login: 'tuany.marques.3',
30/07/2026 10:00:38:   validacao: 'Ativo',
30/07/2026 10:00:38:   usuario_id: '199',
30/07/2026 10:00:38:   tarefa: '22894721',
30/07/2026 10:00:38:   origem: 'r_000250',
30/07/2026 10:00:38:   data_historico: 2026-07-29T14:33:47.000Z
30/07/2026 10:00:38: }
30/07/2026 10:00:42: [PUT] Atualizando cotação: 22894721
30/07/2026 10:00:42: [PUT] Usuário: giovanna.mozzarelo.3
30/07/2026 10:00:42: [PUT] Dados recebidos: {
30/07/2026 10:00:42:   anotacao: 'Tarefa: E001 - PME - 46.157.171/0001-20 | Fila: CPC - PME\n' +
30/07/2026 10:00:42:     '\n' +
30/07/2026 10:00:42:     '\n' +
30/07/2026 10:00:42:     '> O endereço informado na Receita Federal está divergindo do informado na Cotação Detalhada no campo Complemento. Todos os documentos onde houver o campo endereço devem constar com a mesma informação. **Endereço**\n' +
30/07/2026 10:00:42:     '\n' +
30/07/2026 10:00:42:     '> O bônus de 10GB não foi informado na cotação detalhada 1628734393 diverge do TCPJ onde foi informado o bônus de 10GB. É necessário que todos os documentos estejam com a mesma informação. \n',
30/07/2026 10:00:42:   status: 'reprovado',
30/07/2026 10:00:42:   auditoria_anotacao: '',
30/07/2026 10:00:42:   auditoria_status: ''
30/07/2026 10:00:42: }
30/07/2026 10:00:42: [PUT] Linhas afetadas: 1
30/07/2026 10:00:42: [PUT] Cotação atualizada com sucesso: {
30/07/2026 10:00:42:   id_cotacao: 18021,
30/07/2026 10:00:42:   cotacao: 'Q6388220',
30/07/2026 10:00:42:   id_qldd: null,
30/07/2026 10:00:42:   anotacao: 'Tarefa: E001 - PME - 46.157.171/0001-20 | Fila: CPC - PME\n' +
30/07/2026 10:00:42:     '\n' +
30/07/2026 10:00:42:     '\n' +
30/07/2026 10:00:42:     '> O endereço informado na Receita Federal está divergindo do informado na Cotação Detalhada no campo Complemento. Todos os documentos onde houver o campo endereço devem constar com a mesma informação. **Endereço**\n' +
30/07/2026 10:00:42:     '\n' +
30/07/2026 10:00:42:     '> O bônus de 10GB não foi informado na cotação detalhada 1628734393 diverge do TCPJ onde foi informado o bônus de 10GB. É necessário que todos os documentos estejam com a mesma informação. \n',
30/07/2026 10:00:42:   status: 'reprovado',
30/07/2026 10:00:42:   data_de_criacao: '30/07/2026 08:45',
30/07/2026 10:00:42:   data_da_ultima_atualizacao: '30/07/2026 10:00',
30/07/2026 10:00:42:   usuario_login: 'tuany.marques.3',
30/07/2026 10:00:42:   validacao: 'Ativo',
30/07/2026 10:00:42:   usuario_id: '199',
30/07/2026 10:00:42:   tarefa: '22894721',
30/07/2026 10:00:42:   origem: 'r_000250',
30/07/2026 10:00:42:   data_historico: 2026-07-29T14:33:47.000Z
30/07/2026 10:00:42: }
30/07/2026 10:02:47: [PUT] Atualizando cotação: 22894467
30/07/2026 10:02:47: [PUT] Usuário: yasmin.santana
30/07/2026 10:02:47: [PUT] Dados recebidos: {
30/07/2026 10:02:47:   anotacao: undefined,
30/07/2026 10:02:47:   status: 'aprovado',
30/07/2026 10:02:47:   auditoria_anotacao: undefined,
30/07/2026 10:02:47:   auditoria_status: undefined
30/07/2026 10:02:47: }
30/07/2026 10:02:47: [PUT] Linhas afetadas: 1
30/07/2026 10:02:47: [PUT] Cotação atualizada com sucesso: {
30/07/2026 10:02:47:   id_cotacao: 17953,
30/07/2026 10:02:47:   cotacao: 'Q6385920',
30/07/2026 10:02:47:   id_qldd: null,
30/07/2026 10:02:47:   anotacao: 'Tarefa: E001 - PME - 11.181.027/0001-44 | Fila: CPC - PME',
30/07/2026 10:02:47:   status: 'aprovado',
30/07/2026 10:02:47:   data_de_criacao: '30/07/2026 07:33',
30/07/2026 10:02:47:   data_da_ultima_atualizacao: '30/07/2026 10:02',
30/07/2026 10:02:47:   usuario_login: 'tuany.marques.3',
30/07/2026 10:02:47:   validacao: 'Ativo',
30/07/2026 10:02:47:   usuario_id: '156',
30/07/2026 10:02:47:   tarefa: '22894467',
30/07/2026 10:02:47:   origem: 'r_000250',
30/07/2026 10:02:47:   data_historico: 2026-07-29T13:56:59.000Z
30/07/2026 10:02:47: }
30/07/2026 10:03:04: [PUT] Atualizando cotação: 22894879
30/07/2026 10:03:04: [PUT] Usuário: samanta.andrade
30/07/2026 10:03:04: [PUT] Dados recebidos: {
30/07/2026 10:03:04:   anotacao: undefined,
30/07/2026 10:03:04:   status: 'assumido',
30/07/2026 10:03:04:   auditoria_anotacao: undefined,
30/07/2026 10:03:04:   auditoria_status: undefined
30/07/2026 10:03:04: }
30/07/2026 10:03:04: [PUT] Linhas afetadas: 1
30/07/2026 10:03:04: [PUT] Cotação atualizada com sucesso: {
30/07/2026 10:03:04:   id_cotacao: 18055,
30/07/2026 10:03:04:   cotacao: 'Q6392120',
30/07/2026 10:03:04:   id_qldd: null,
30/07/2026 10:03:04:   anotacao: 'Tarefa: E001 - PME - 09.489.661/0001-05 | Fila: CPC - PME',
30/07/2026 10:03:04:   status: 'assumido',
30/07/2026 10:03:04:   data_de_criacao: '30/07/2026 08:46',
30/07/2026 10:03:04:   data_da_ultima_atualizacao: '30/07/2026 10:03',
30/07/2026 10:03:04:   usuario_login: 'tuany.marques.3',
30/07/2026 10:03:04:   validacao: 'Ativo',
30/07/2026 10:03:04:   usuario_id: '150',
30/07/2026 10:03:04:   tarefa: '22894879',
30/07/2026 10:03:04:   origem: 'r_000250',
30/07/2026 10:03:04:   data_historico: 2026-07-29T14:53:06.000Z
30/07/2026 10:03:04: }
30/07/2026 10:03:21: [PUT] Atualizando cotação: 22894812
30/07/2026 10:03:21: [PUT] Usuário: karen.santos.3
30/07/2026 10:03:21: [PUT] Dados recebidos: {
30/07/2026 10:03:21:   anotacao: undefined,
30/07/2026 10:03:21:   status: 'aprovado',
30/07/2026 10:03:21:   auditoria_anotacao: undefined,
30/07/2026 10:03:21:   auditoria_status: undefined
30/07/2026 10:03:21: }
30/07/2026 10:03:21: [PUT] Linhas afetadas: 1
30/07/2026 10:03:21: [PUT] Cotação atualizada com sucesso: {
30/07/2026 10:03:21:   id_cotacao: 18040,
30/07/2026 10:03:21:   cotacao: 'Q6392126',
30/07/2026 10:03:21:   id_qldd: null,
30/07/2026 10:03:21:   anotacao: 'Tarefa: E001 - PME - 36.187.021/0001-05 | Fila: CPC - PME',
30/07/2026 10:03:21:   status: 'aprovado',
30/07/2026 10:03:21:   data_de_criacao: '30/07/2026 08:46',
30/07/2026 10:03:21:   data_da_ultima_atualizacao: '30/07/2026 10:03',
30/07/2026 10:03:21:   usuario_login: 'tuany.marques.3',
30/07/2026 10:03:21:   validacao: 'Ativo',
30/07/2026 10:03:21:   usuario_id: '136',
30/07/2026 10:03:21:   tarefa: '22894812',
30/07/2026 10:03:21:   origem: 'r_000250',
30/07/2026 10:03:21:   data_historico: 2026-07-29T14:46:06.000Z
30/07/2026 10:03:21: }
30/07/2026 10:03:23: [PUT] Atualizando cotação: 22894813
30/07/2026 10:03:23: [PUT] Usuário: karen.santos.3
30/07/2026 10:03:23: [PUT] Dados recebidos: {
30/07/2026 10:03:23:   anotacao: undefined,
30/07/2026 10:03:23:   status: 'assumido',
30/07/2026 10:03:23:   auditoria_anotacao: undefined,
30/07/2026 10:03:23:   auditoria_status: undefined
30/07/2026 10:03:23: }
30/07/2026 10:03:23: [PUT] Linhas afetadas: 1
30/07/2026 10:03:23: [PUT] Cotação atualizada com sucesso: {
30/07/2026 10:03:23:   id_cotacao: 18041,
30/07/2026 10:03:23:   cotacao: 'Q6392112',
30/07/2026 10:03:23:   id_qldd: null,
30/07/2026 10:03:23:   anotacao: 'Tarefa: E001 - PME - 08.279.204/0001-15 | Fila: CPC - PME',
30/07/2026 10:03:23:   status: 'assumido',
30/07/2026 10:03:23:   data_de_criacao: '30/07/2026 08:46',
30/07/2026 10:03:23:   data_da_ultima_atualizacao: '30/07/2026 10:03',
30/07/2026 10:03:23:   usuario_login: 'tuany.marques.3',
30/07/2026 10:03:23:   validacao: 'Ativo',
30/07/2026 10:03:23:   usuario_id: '136',
30/07/2026 10:03:23:   tarefa: '22894813',
30/07/2026 10:03:23:   origem: 'r_000250',
30/07/2026 10:03:23:   data_historico: 2026-07-29T14:46:08.000Z
30/07/2026 10:03:23: }
30/07/2026 10:03:34: [PUT] Atualizando cotação: 22895042
30/07/2026 10:03:34: [PUT] Usuário: eder.fernandes.3
30/07/2026 10:03:34: [PUT] Dados recebidos: {
30/07/2026 10:03:34:   anotacao: undefined,
30/07/2026 10:03:34:   status: 'reprovado',
30/07/2026 10:03:34:   auditoria_anotacao: undefined,
30/07/2026 10:03:34:   auditoria_status: undefined
30/07/2026 10:03:34: }
30/07/2026 10:03:34: [PUT] Linhas afetadas: 1
30/07/2026 10:03:34: [PUT] Cotação atualizada com sucesso: {
30/07/2026 10:03:34:   id_cotacao: 18082,
30/07/2026 10:03:34:   cotacao: 'Q6392227',
30/07/2026 10:03:34:   id_qldd: null,
30/07/2026 10:03:34:   anotacao: 'Tarefa: E001 - PME - 07.816.979/0001-10 | Fila: CPC - PME',
30/07/2026 10:03:34:   status: 'reprovado',
30/07/2026 10:03:34:   data_de_criacao: '30/07/2026 08:53',
30/07/2026 10:03:34:   data_da_ultima_atualizacao: '30/07/2026 10:03',
30/07/2026 10:03:34:   usuario_login: 'tuany.marques.3',
30/07/2026 10:03:34:   validacao: 'Ativo',
30/07/2026 10:03:34:   usuario_id: '129',
30/07/2026 10:03:34:   tarefa: '22895042',
30/07/2026 10:03:34:   origem: 'r_000250',
30/07/2026 10:03:34:   data_historico: 2026-07-29T15:17:48.000Z
30/07/2026 10:03:34: }
30/07/2026 10:03:38: [PUT] Atualizando cotação: 22895042
30/07/2026 10:03:38: [PUT] Usuário: eder.fernandes.3
30/07/2026 10:03:38: [PUT] Dados recebidos: {
30/07/2026 10:03:38:   anotacao: 'Tarefa: E001 - PME - 07.816.979/0001-10 | Fila: CPC - PME\n' +
30/07/2026 10:03:38:     '\n' +
30/07/2026 10:03:38:     'Por gentileza, corrigir o item abaixo:\n' +
30/07/2026 10:03:38:     '\n' +
30/07/2026 10:03:38:     '1- O cliente possui classificação CE, não tendo atingindo o tempo mínimo para renovação.\n' +
30/07/2026 10:03:38:     '\n' +
30/07/2026 10:03:38:     'Cotação Reprovada\n',
30/07/2026 10:03:38:   status: 'reprovado',
30/07/2026 10:03:38:   auditoria_anotacao: '',
30/07/2026 10:03:38:   auditoria_status: ''
30/07/2026 10:03:38: }
30/07/2026 10:03:38: [PUT] Linhas afetadas: 1
30/07/2026 10:03:38: [PUT] Cotação atualizada com sucesso: {
30/07/2026 10:03:38:   id_cotacao: 18082,
30/07/2026 10:03:38:   cotacao: 'Q6392227',
30/07/2026 10:03:38:   id_qldd: null,
30/07/2026 10:03:38:   anotacao: 'Tarefa: E001 - PME - 07.816.979/0001-10 | Fila: CPC - PME\n' +
30/07/2026 10:03:38:     '\n' +
30/07/2026 10:03:38:     'Por gentileza, corrigir o item abaixo:\n' +
30/07/2026 10:03:38:     '\n' +
30/07/2026 10:03:38:     '1- O cliente possui classificação CE, não tendo atingindo o tempo mínimo para renovação.\n' +
30/07/2026 10:03:38:     '\n' +
30/07/2026 10:03:38:     'Cotação Reprovada\n',
30/07/2026 10:03:38:   status: 'reprovado',
30/07/2026 10:03:38:   data_de_criacao: '30/07/2026 08:53',
30/07/2026 10:03:38:   data_da_ultima_atualizacao: '30/07/2026 10:03',
30/07/2026 10:03:38:   usuario_login: 'tuany.marques.3',
30/07/2026 10:03:38:   validacao: 'Ativo',
30/07/2026 10:03:38:   usuario_id: '129',
30/07/2026 10:03:38:   tarefa: '22895042',
30/07/2026 10:03:38:   origem: 'r_000250',
30/07/2026 10:03:38:   data_historico: 2026-07-29T15:17:48.000Z
30/07/2026 10:03:38: }
30/07/2026 10:04:23: [PUT] Atualizando cotação: 22895176
30/07/2026 10:04:23: [PUT] Usuário: eduardo.jesus.3
30/07/2026 10:04:23: [PUT] Dados recebidos: {
30/07/2026 10:04:23:   anotacao: undefined,
30/07/2026 10:04:23:   status: 'aprovado',
30/07/2026 10:04:23:   auditoria_anotacao: undefined,
30/07/2026 10:04:23:   auditoria_status: undefined
30/07/2026 10:04:23: }
30/07/2026 10:04:23: [PUT] Linhas afetadas: 1
30/07/2026 10:04:23: [PUT] Cotação atualizada com sucesso: {
30/07/2026 10:04:23:   id_cotacao: 18112,
30/07/2026 10:04:23:   cotacao: 'Q6392320',
30/07/2026 10:04:23:   id_qldd: null,
30/07/2026 10:04:23:   anotacao: 'Tarefa: E001 - PME - 13.414.929/0001-09 | Fila: CPC - PME',
30/07/2026 10:04:23:   status: 'aprovado',
30/07/2026 10:04:23:   data_de_criacao: '30/07/2026 09:36',
30/07/2026 10:04:23:   data_da_ultima_atualizacao: '30/07/2026 10:04',
30/07/2026 10:04:23:   usuario_login: 'tuany.marques.3',
30/07/2026 10:04:23:   validacao: 'Ativo',
30/07/2026 10:04:23:   usuario_id: '200',
30/07/2026 10:04:23:   tarefa: '22895176',
30/07/2026 10:04:23:   origem: 'r_000250',
30/07/2026 10:04:23:   data_historico: 2026-07-29T15:42:24.000Z
30/07/2026 10:04:23: }
30/07/2026 10:04:27: [PUT] Atualizando cotação: 22895176
30/07/2026 10:04:27: [PUT] Usuário: eduardo.jesus.3
30/07/2026 10:04:27: [PUT] Dados recebidos: {
30/07/2026 10:04:27:   anotacao: 'aprovado',
30/07/2026 10:04:27:   status: 'aprovado',
30/07/2026 10:04:27:   auditoria_anotacao: '',
30/07/2026 10:04:27:   auditoria_status: ''
30/07/2026 10:04:27: }
30/07/2026 10:04:27: [PUT] Linhas afetadas: 1
30/07/2026 10:04:27: [PUT] Cotação atualizada com sucesso: {
30/07/2026 10:04:27:   id_cotacao: 18112,
30/07/2026 10:04:27:   cotacao: 'Q6392320',
30/07/2026 10:04:27:   id_qldd: null,
30/07/2026 10:04:27:   anotacao: 'aprovado',
30/07/2026 10:04:27:   status: 'aprovado',
30/07/2026 10:04:27:   data_de_criacao: '30/07/2026 09:36',
30/07/2026 10:04:27:   data_da_ultima_atualizacao: '30/07/2026 10:04',
30/07/2026 10:04:27:   usuario_login: 'tuany.marques.3',
30/07/2026 10:04:27:   validacao: 'Ativo',
30/07/2026 10:04:27:   usuario_id: '200',
30/07/2026 10:04:27:   tarefa: '22895176',
30/07/2026 10:04:27:   origem: 'r_000250',
30/07/2026 10:04:27:   data_historico: 2026-07-29T15:42:24.000Z
30/07/2026 10:04:27: }
30/07/2026 10:04:35: [PUT] Atualizando cotação: 22894441
30/07/2026 10:04:35: [PUT] Usuário: luiza.franco.3
30/07/2026 10:04:35: [PUT] Dados recebidos: {
30/07/2026 10:04:35:   anotacao: '> Os seguintes dados cadastrais do administrador de contas informado divergem entre CPC e TCPJ: E-mail **Divergência de Dados Administrador (ADM)**\n' +
30/07/2026 10:04:35:     '\n' +
30/07/2026 10:04:35:     '> Conforme a nova regra RGC, pedidos assinados a partir do dia 09/09/2025 devem conter no TCPJ o Código único informado nas paginas da contratação das franquias para validação.',
30/07/2026 10:04:35:   status: 'pendente',
30/07/2026 10:04:35:   auditoria_anotacao: '',
30/07/2026 10:04:35:   auditoria_status: ''
30/07/2026 10:04:35: }
30/07/2026 10:04:35: [PUT] Linhas afetadas: 1
30/07/2026 10:04:35: [PUT] Cotação atualizada com sucesso: {
30/07/2026 10:04:35:   id_cotacao: 17948,
30/07/2026 10:04:35:   cotacao: 'Q6390428',
30/07/2026 10:04:35:   id_qldd: null,
30/07/2026 10:04:35:   anotacao: '> Os seguintes dados cadastrais do administrador de contas informado divergem entre CPC e TCPJ: E-mail **Divergência de Dados Administrador (ADM)**\n' +
30/07/2026 10:04:35:     '\n' +
30/07/2026 10:04:35:     '> Conforme a nova regra RGC, pedidos assinados a partir do dia 09/09/2025 devem conter no TCPJ o Código único informado nas paginas da contratação das franquias para validação.',
30/07/2026 10:04:35:   status: 'pendente',
30/07/2026 10:04:35:   data_de_criacao: '30/07/2026 07:33',
30/07/2026 10:04:35:   data_da_ultima_atualizacao: '30/07/2026 10:04',
30/07/2026 10:04:35:   usuario_login: 'tuany.marques.3',
30/07/2026 10:04:35:   validacao: 'Ativo',
30/07/2026 10:04:35:   usuario_id: '140',
30/07/2026 10:04:35:   tarefa: '22894441',
30/07/2026 10:04:35:   origem: 'r_000250',
30/07/2026 10:04:35:   data_historico: 2026-07-29T13:53:10.000Z
30/07/2026 10:04:35: }
30/07/2026 10:04:40: [PUT] Atualizando cotação: 22894441
30/07/2026 10:04:40: [PUT] Usuário: luiza.franco.3
30/07/2026 10:04:40: [PUT] Dados recebidos: {
30/07/2026 10:04:40:   anotacao: undefined,
30/07/2026 10:04:40:   status: 'reprovado',
30/07/2026 10:04:40:   auditoria_anotacao: undefined,
30/07/2026 10:04:40:   auditoria_status: undefined
30/07/2026 10:04:40: }
30/07/2026 10:04:40: [PUT] Linhas afetadas: 1
30/07/2026 10:04:40: [PUT] Cotação atualizada com sucesso: {
30/07/2026 10:04:40:   id_cotacao: 17948,
30/07/2026 10:04:40:   cotacao: 'Q6390428',
30/07/2026 10:04:40:   id_qldd: null,
30/07/2026 10:04:40:   anotacao: '> Os seguintes dados cadastrais do administrador de contas informado divergem entre CPC e TCPJ: E-mail **Divergência de Dados Administrador (ADM)**\n' +
30/07/2026 10:04:40:     '\n' +
30/07/2026 10:04:40:     '> Conforme a nova regra RGC, pedidos assinados a partir do dia 09/09/2025 devem conter no TCPJ o Código único informado nas paginas da contratação das franquias para validação.',
30/07/2026 10:04:40:   status: 'reprovado',
30/07/2026 10:04:40:   data_de_criacao: '30/07/2026 07:33',
30/07/2026 10:04:40:   data_da_ultima_atualizacao: '30/07/2026 10:04',
30/07/2026 10:04:40:   usuario_login: 'tuany.marques.3',
30/07/2026 10:04:40:   validacao: 'Ativo',
30/07/2026 10:04:40:   usuario_id: '140',
30/07/2026 10:04:40:   tarefa: '22894441',
30/07/2026 10:04:40:   origem: 'r_000250',
30/07/2026 10:04:40:   data_historico: 2026-07-29T13:53:10.000Z
30/07/2026 10:04:40: }
30/07/2026 10:06:09: [PUT] Atualizando cotação: 22895522
30/07/2026 10:06:09: [PUT] Usuário: gustavo.sanches
30/07/2026 10:06:09: [PUT] Dados recebidos: {
30/07/2026 10:06:09:   anotacao: undefined,
30/07/2026 10:06:09:   status: 'aprovado',
30/07/2026 10:06:09:   auditoria_anotacao: undefined,
30/07/2026 10:06:09:   auditoria_status: undefined
30/07/2026 10:06:09: }
30/07/2026 10:06:09: [PUT] Linhas afetadas: 1
30/07/2026 10:06:09: [PUT] Cotação atualizada com sucesso: {
30/07/2026 10:06:09:   id_cotacao: 18097,
30/07/2026 10:06:09:   cotacao: 'Q6392356',
30/07/2026 10:06:09:   id_qldd: null,
30/07/2026 10:06:09:   anotacao: 'Tarefa: E001 - PME - 36.965.684/0001-03 | Fila: CPC - PME',
30/07/2026 10:06:09:   status: 'aprovado',
30/07/2026 10:06:09:   data_de_criacao: '30/07/2026 08:54',
30/07/2026 10:06:09:   data_da_ultima_atualizacao: '30/07/2026 10:06',
30/07/2026 10:06:09:   usuario_login: 'gustavo.sanches',
30/07/2026 10:06:09:   validacao: 'Ativo',
30/07/2026 10:06:09:   usuario_id: '134',
30/07/2026 10:06:09:   tarefa: '22895522',
30/07/2026 10:06:09:   origem: 'r_000250',
30/07/2026 10:06:09:   data_historico: 2026-07-29T17:02:07.000Z
30/07/2026 10:06:09: }
30/07/2026 10:06:45: [PUT] Atualizando cotação: 22894723
30/07/2026 10:06:45: [PUT] Usuário: giovanna.mozzarelo.3
30/07/2026 10:06:45: [PUT] Dados recebidos: {
30/07/2026 10:06:45:   anotacao: undefined,
30/07/2026 10:06:45:   status: 'reprovado',
30/07/2026 10:06:45:   auditoria_anotacao: undefined,
30/07/2026 10:06:45:   auditoria_status: undefined
30/07/2026 10:06:45: }
30/07/2026 10:06:45: [PUT] Linhas afetadas: 1
30/07/2026 10:06:45: [PUT] Cotação atualizada com sucesso: {
30/07/2026 10:06:45:   id_cotacao: 18022,
30/07/2026 10:06:45:   cotacao: 'Q6391965',
30/07/2026 10:06:45:   id_qldd: null,
30/07/2026 10:06:45:   anotacao: 'Tarefa: E001 - PME - 28.857.637/0001-18 | Fila: CPC - PME',
30/07/2026 10:06:45:   status: 'reprovado',
30/07/2026 10:06:45:   data_de_criacao: '30/07/2026 08:45',
30/07/2026 10:06:45:   data_da_ultima_atualizacao: '30/07/2026 10:06',
30/07/2026 10:06:45:   usuario_login: 'tuany.marques.3',
30/07/2026 10:06:45:   validacao: 'Ativo',
30/07/2026 10:06:45:   usuario_id: '199',
30/07/2026 10:06:45:   tarefa: '22894723',
30/07/2026 10:06:45:   origem: 'r_000250',
30/07/2026 10:06:45:   data_historico: 2026-07-29T14:33:57.000Z
30/07/2026 10:06:45: }
30/07/2026 10:06:46: [INSPECAO] Upload recebido: R_000250_1444745.csv -> E:\projetos_hitss\geo-pme-notas\files\r_000250.csv
30/07/2026 10:06:46: --- INICIANDO ETL R_000250 ---
30/07/2026 10:06:46: Delimitador detectado: ";"
30/07/2026 10:06:46: Arquivo limpo escrito: E:\projetos_hitss\geo-pme-notas\files\r_000250_cleaned.csv
30/07/2026 10:06:46: Tabela verificada/criada.
30/07/2026 10:06:46: Dados antigos removidos.
30/07/2026 10:06:46: Dados carregados com sucesso via COPY.
30/07/2026 10:06:46: --- ETL R_000250 CONCLUÍDO: 750 registros ---
30/07/2026 10:06:46: [CLASSIFICACAO] Conectado ao banco de dados.
30/07/2026 10:06:46: [CLASSIFICACAO] 4 cotações classificadas.
30/07/2026 10:06:46: [CLASSIFICACAO] Cotações atualizadas:
30/07/2026 10:06:46:   - Tarefa: 22893931 | Usuário: elcler.modesto
30/07/2026 10:06:46:   - Tarefa: 22893924 | Usuário: elcler.modesto
30/07/2026 10:06:46:   - Tarefa: 22894924 | Usuário: tuany.marques.3
30/07/2026 10:06:46:   - Tarefa: 22894930 | Usuário: tuany.marques.3
30/07/2026 10:06:46: [CLASSIFICACAO] Total "Pendente - Classificação": 285
30/07/2026 10:06:53: [PUT] Atualizando cotação: 22894723
30/07/2026 10:06:53: [PUT] Usuário: giovanna.mozzarelo.3
30/07/2026 10:06:53: [PUT] Dados recebidos: {
30/07/2026 10:06:53:   anotacao: 'Tarefa: E001 - PME - 28.857.637/0001-18 | Fila: CPC - PME\n' +
30/07/2026 10:06:53:     '> O 1° administrador da conta do TCPJ diverge do que foi informado no CPC. (Todos os documentos que possuir a mesma informação devem ser corrigidos, caso necessite também de correção). **Divergência de Administrador (ADM)**\n',
30/07/2026 10:06:53:   status: 'reprovado',
30/07/2026 10:06:53:   auditoria_anotacao: '',
30/07/2026 10:06:53:   auditoria_status: ''
30/07/2026 10:06:53: }
30/07/2026 10:06:53: [PUT] Linhas afetadas: 1
30/07/2026 10:06:53: [PUT] Cotação atualizada com sucesso: {
30/07/2026 10:06:53:   id_cotacao: 18022,
30/07/2026 10:06:53:   cotacao: 'Q6391965',
30/07/2026 10:06:53:   id_qldd: null,
30/07/2026 10:06:53:   anotacao: 'Tarefa: E001 - PME - 28.857.637/0001-18 | Fila: CPC - PME\n' +
30/07/2026 10:06:53:     '> O 1° administrador da conta do TCPJ diverge do que foi informado no CPC. (Todos os documentos que possuir a mesma informação devem ser corrigidos, caso necessite também de correção). **Divergência de Administrador (ADM)**\n',
30/07/2026 10:06:53:   status: 'reprovado',
30/07/2026 10:06:53:   data_de_criacao: '30/07/2026 08:45',
30/07/2026 10:06:53:   data_da_ultima_atualizacao: '30/07/2026 10:06',
30/07/2026 10:06:53:   usuario_login: 'tuany.marques.3',
30/07/2026 10:06:53:   validacao: 'Ativo',
30/07/2026 10:06:53:   usuario_id: '199',
30/07/2026 10:06:53:   tarefa: '22894723',
30/07/2026 10:06:53:   origem: 'r_000250',
30/07/2026 10:06:53:   data_historico: 2026-07-29T14:33:57.000Z
30/07/2026 10:06:53: }
30/07/2026 10:06:55: [ATUALIZAR_R_000250] Iniciando atualização...
30/07/2026 10:06:57: [ATUALIZAR_R_000250] max_bloco=Thu Jul 30 2026 10:05:53 GMT-0300 (Brasilia Standard Time), max_claro=Tue Jul 14 2026 14:07:50 GMT-0300 (Brasilia Standard Time)
30/07/2026 10:06:57: [ATUALIZAR_R_000250] Nenhuma atualização necessária. Concluído em 1566ms
30/07/2026 10:08:58: [PUT] Atualizando cotação: 22895179
30/07/2026 10:08:58: [PUT] Usuário: eduardo.jesus.3
30/07/2026 10:08:58: [PUT] Dados recebidos: {
30/07/2026 10:08:58:   anotacao: undefined,
30/07/2026 10:08:58:   status: 'aprovado',
30/07/2026 10:08:58:   auditoria_anotacao: undefined,
30/07/2026 10:08:58:   auditoria_status: undefined
30/07/2026 10:08:58: }
30/07/2026 10:08:58: [PUT] Linhas afetadas: 1
30/07/2026 10:08:58: [PUT] Cotação atualizada com sucesso: {
30/07/2026 10:08:58:   id_cotacao: 18113,
30/07/2026 10:08:58:   cotacao: 'Q6392080',
30/07/2026 10:08:58:   id_qldd: null,
30/07/2026 10:08:58:   anotacao: 'Tarefa: E001 - PME - 14.408.043/0001-15 | Fila: CPC - PME',
30/07/2026 10:08:58:   status: 'aprovado',
30/07/2026 10:08:58:   data_de_criacao: '30/07/2026 09:36',
30/07/2026 10:08:58:   data_da_ultima_atualizacao: '30/07/2026 10:08',
30/07/2026 10:08:58:   usuario_login: 'tuany.marques.3',
30/07/2026 10:08:58:   validacao: 'Ativo',
30/07/2026 10:08:58:   usuario_id: '200',
30/07/2026 10:08:58:   tarefa: '22895179',
30/07/2026 10:08:58:   origem: 'r_000250',
30/07/2026 10:08:58:   data_historico: 2026-07-29T15:42:44.000Z
30/07/2026 10:08:58: }
30/07/2026 10:09:03: [PUT] Atualizando cotação: 22895179
30/07/2026 10:09:03: [PUT] Usuário: eduardo.jesus.3
30/07/2026 10:09:03: [PUT] Dados recebidos: {
30/07/2026 10:09:03:   anotacao: 'aprovado',
30/07/2026 10:09:03:   status: 'aprovado',
30/07/2026 10:09:03:   auditoria_anotacao: '',
30/07/2026 10:09:03:   auditoria_status: ''
30/07/2026 10:09:03: }
30/07/2026 10:09:03: [PUT] Linhas afetadas: 1
30/07/2026 10:09:03: [PUT] Cotação atualizada com sucesso: {
30/07/2026 10:09:03:   id_cotacao: 18113,
30/07/2026 10:09:03:   cotacao: 'Q6392080',
30/07/2026 10:09:03:   id_qldd: null,
30/07/2026 10:09:03:   anotacao: 'aprovado',
30/07/2026 10:09:03:   status: 'aprovado',
30/07/2026 10:09:03:   data_de_criacao: '30/07/2026 09:36',
30/07/2026 10:09:03:   data_da_ultima_atualizacao: '30/07/2026 10:09',
30/07/2026 10:09:03:   usuario_login: 'tuany.marques.3',
30/07/2026 10:09:03:   validacao: 'Ativo',
30/07/2026 10:09:03:   usuario_id: '200',
30/07/2026 10:09:03:   tarefa: '22895179',
30/07/2026 10:09:03:   origem: 'r_000250',
30/07/2026 10:09:03:   data_historico: 2026-07-29T15:42:44.000Z
30/07/2026 10:09:03: }
30/07/2026 10:09:04: [PUT] Atualizando cotação: 22895351
30/07/2026 10:09:04: [PUT] Usuário: maristela.martins
30/07/2026 10:09:04: [PUT] Dados recebidos: {
30/07/2026 10:09:04:   anotacao: undefined,
30/07/2026 10:09:04:   status: 'reprovado',
30/07/2026 10:09:04:   auditoria_anotacao: undefined,
30/07/2026 10:09:04:   auditoria_status: undefined
30/07/2026 10:09:04: }
30/07/2026 10:09:04: [PUT] Linhas afetadas: 1
30/07/2026 10:09:04: [PUT] Cotação atualizada com sucesso: {
30/07/2026 10:09:04:   id_cotacao: 18131,
30/07/2026 10:09:04:   cotacao: 'Q6392537',
30/07/2026 10:09:04:   id_qldd: null,
30/07/2026 10:09:04:   anotacao: 'Tarefa: E001 - PME - 17.746.241/0001-87 | Fila: CPC - PME',
30/07/2026 10:09:04:   status: 'reprovado',
30/07/2026 10:09:04:   data_de_criacao: '30/07/2026 09:39',
30/07/2026 10:09:04:   data_da_ultima_atualizacao: '30/07/2026 10:09',
30/07/2026 10:09:04:   usuario_login: 'tuany.marques.3',
30/07/2026 10:09:04:   validacao: 'Ativo',
30/07/2026 10:09:04:   usuario_id: '143',
30/07/2026 10:09:04:   tarefa: '22895351',
30/07/2026 10:09:04:   origem: 'r_000250',
30/07/2026 10:09:04:   data_historico: 2026-07-29T16:23:34.000Z
30/07/2026 10:09:04: }
30/07/2026 10:09:08: [PUT] Atualizando cotação: 22895351
30/07/2026 10:09:08: [PUT] Usuário: maristela.martins
30/07/2026 10:09:08: [PUT] Dados recebidos: {
30/07/2026 10:09:08:   anotacao: 'Tarefa: E001 - PME - 17.746.241/0001-87 | Fila: CPC - PME\n' +
30/07/2026 10:09:08:     '> Na cotação detalhada o PJ Pacote Mobilidade Combo não foi inserido na Ordem Assinante 1629856179\n' +
30/07/2026 10:09:08:     '  divergindo do informado do TCPJ e Ofertas Vigentes.  ** SVA não inserido**\n',
30/07/2026 10:09:08:   status: 'reprovado',
30/07/2026 10:09:08:   auditoria_anotacao: '',
30/07/2026 10:09:08:   auditoria_status: ''
30/07/2026 10:09:08: }
30/07/2026 10:09:08: [PUT] Linhas afetadas: 1
30/07/2026 10:09:08: [PUT] Cotação atualizada com sucesso: {
30/07/2026 10:09:08:   id_cotacao: 18131,
30/07/2026 10:09:08:   cotacao: 'Q6392537',
30/07/2026 10:09:08:   id_qldd: null,
30/07/2026 10:09:08:   anotacao: 'Tarefa: E001 - PME - 17.746.241/0001-87 | Fila: CPC - PME\n' +
30/07/2026 10:09:08:     '> Na cotação detalhada o PJ Pacote Mobilidade Combo não foi inserido na Ordem Assinante 1629856179\n' +
30/07/2026 10:09:08:     '  divergindo do informado do TCPJ e Ofertas Vigentes.  ** SVA não inserido**\n',
30/07/2026 10:09:08:   status: 'reprovado',
30/07/2026 10:09:08:   data_de_criacao: '30/07/2026 09:39',
30/07/2026 10:09:08:   data_da_ultima_atualizacao: '30/07/2026 10:09',
30/07/2026 10:09:08:   usuario_login: 'tuany.marques.3',
30/07/2026 10:09:08:   validacao: 'Ativo',
30/07/2026 10:09:08:   usuario_id: '143',
30/07/2026 10:09:08:   tarefa: '22895351',
30/07/2026 10:09:08:   origem: 'r_000250',
30/07/2026 10:09:08:   data_historico: 2026-07-29T16:23:34.000Z
30/07/2026 10:09:08: }
30/07/2026 10:11:20: [PUT] Atualizando cotação: 22895530
30/07/2026 10:11:20: [PUT] Usuário: gustavo.sanches
30/07/2026 10:11:20: [PUT] Dados recebidos: {
30/07/2026 10:11:20:   anotacao: undefined,
30/07/2026 10:11:20:   status: 'aprovado',
30/07/2026 10:11:20:   auditoria_anotacao: undefined,
30/07/2026 10:11:20:   auditoria_status: undefined
30/07/2026 10:11:20: }
30/07/2026 10:11:20: [PUT] Linhas afetadas: 1
30/07/2026 10:11:20: [PUT] Cotação atualizada com sucesso: {
30/07/2026 10:11:20:   id_cotacao: 18096,
30/07/2026 10:11:20:   cotacao: 'Q6386879',
30/07/2026 10:11:20:   id_qldd: null,
30/07/2026 10:11:20:   anotacao: 'Tarefa: E001 - PME - 62.473.647/0001-98 | Fila: CPC - PME',
30/07/2026 10:11:20:   status: 'aprovado',
30/07/2026 10:11:20:   data_de_criacao: '30/07/2026 08:54',
30/07/2026 10:11:20:   data_da_ultima_atualizacao: '30/07/2026 10:11',
30/07/2026 10:11:20:   usuario_login: 'gustavo.sanches',
30/07/2026 10:11:20:   validacao: 'Ativo',
30/07/2026 10:11:20:   usuario_id: '134',
30/07/2026 10:11:20:   tarefa: '22895530',
30/07/2026 10:11:20:   origem: 'r_000250',
30/07/2026 10:11:20:   data_historico: 2026-07-29T17:02:42.000Z
30/07/2026 10:11:20: }
30/07/2026 10:12:00: [PUT] Atualizando cotação: 22895186
30/07/2026 10:12:00: [PUT] Usuário: eduardo.jesus.3
30/07/2026 10:12:00: [PUT] Dados recebidos: {
30/07/2026 10:12:00:   anotacao: undefined,
30/07/2026 10:12:00:   status: 'aprovado',
30/07/2026 10:12:00:   auditoria_anotacao: undefined,
30/07/2026 10:12:00:   auditoria_status: undefined
30/07/2026 10:12:00: }
30/07/2026 10:12:00: [PUT] Linhas afetadas: 1
30/07/2026 10:12:00: [PUT] Cotação atualizada com sucesso: {
30/07/2026 10:12:00:   id_cotacao: 18114,
30/07/2026 10:12:00:   cotacao: 'Q6392271',
30/07/2026 10:12:00:   id_qldd: null,
30/07/2026 10:12:00:   anotacao: 'Tarefa: E001 - PME - 28.435.603/0001-35 | Fila: CPC - PME',
30/07/2026 10:12:00:   status: 'aprovado',
30/07/2026 10:12:00:   data_de_criacao: '30/07/2026 09:36',
30/07/2026 10:12:00:   data_da_ultima_atualizacao: '30/07/2026 10:12',
30/07/2026 10:12:00:   usuario_login: 'tuany.marques.3',
30/07/2026 10:12:00:   validacao: 'Ativo',
30/07/2026 10:12:00:   usuario_id: '200',
30/07/2026 10:12:00:   tarefa: '22895186',
30/07/2026 10:12:00:   origem: 'r_000250',
30/07/2026 10:12:00:   data_historico: 2026-07-29T15:44:37.000Z
30/07/2026 10:12:00: }
30/07/2026 10:12:04: [PUT] Atualizando cotação: 22895186
30/07/2026 10:12:04: [PUT] Usuário: eduardo.jesus.3
30/07/2026 10:12:04: [PUT] Dados recebidos: {
30/07/2026 10:12:04:   anotacao: 'aprovado',
30/07/2026 10:12:04:   status: 'aprovado',
30/07/2026 10:12:04:   auditoria_anotacao: '',
30/07/2026 10:12:04:   auditoria_status: ''
30/07/2026 10:12:04: }
30/07/2026 10:12:04: [PUT] Linhas afetadas: 1
30/07/2026 10:12:04: [PUT] Cotação atualizada com sucesso: {
30/07/2026 10:12:04:   id_cotacao: 18114,
30/07/2026 10:12:04:   cotacao: 'Q6392271',
30/07/2026 10:12:04:   id_qldd: null,
30/07/2026 10:12:04:   anotacao: 'aprovado',
30/07/2026 10:12:04:   status: 'aprovado',
30/07/2026 10:12:04:   data_de_criacao: '30/07/2026 09:36',
30/07/2026 10:12:04:   data_da_ultima_atualizacao: '30/07/2026 10:12',
30/07/2026 10:12:04:   usuario_login: 'tuany.marques.3',
30/07/2026 10:12:04:   validacao: 'Ativo',
30/07/2026 10:12:04:   usuario_id: '200',
30/07/2026 10:12:04:   tarefa: '22895186',
30/07/2026 10:12:04:   origem: 'r_000250',
30/07/2026 10:12:04:   data_historico: 2026-07-29T15:44:37.000Z
30/07/2026 10:12:04: }
30/07/2026 10:13:52: [PUT] Atualizando cotação: 22894469
30/07/2026 10:13:52: [PUT] Usuário: yasmin.santana
30/07/2026 10:13:52: [PUT] Dados recebidos: {
30/07/2026 10:13:52:   anotacao: undefined,
30/07/2026 10:13:52:   status: 'reprovado',
30/07/2026 10:13:52:   auditoria_anotacao: undefined,
30/07/2026 10:13:52:   auditoria_status: undefined
30/07/2026 10:13:52: }
30/07/2026 10:13:52: [PUT] Linhas afetadas: 1
30/07/2026 10:13:52: [PUT] Cotação atualizada com sucesso: {
30/07/2026 10:13:52:   id_cotacao: 17954,
30/07/2026 10:13:52:   cotacao: 'Q6391917',
30/07/2026 10:13:52:   id_qldd: null,
30/07/2026 10:13:52:   anotacao: 'Tarefa: E001 - PME - 61.476.622/0001-85 | Fila: CPC - PME',
30/07/2026 10:13:52:   status: 'reprovado',
30/07/2026 10:13:52:   data_de_criacao: '30/07/2026 07:33',
30/07/2026 10:13:52:   data_da_ultima_atualizacao: '30/07/2026 10:13',
30/07/2026 10:13:52:   usuario_login: 'tuany.marques.3',
30/07/2026 10:13:52:   validacao: 'Ativo',
30/07/2026 10:13:52:   usuario_id: '156',
30/07/2026 10:13:52:   tarefa: '22894469',
30/07/2026 10:13:52:   origem: 'r_000250',
30/07/2026 10:13:52:   data_historico: 2026-07-29T13:57:17.000Z
30/07/2026 10:13:52: }
30/07/2026 10:14:01: [PUT] Atualizando cotação: 22894469
30/07/2026 10:14:01: [PUT] Usuário: yasmin.santana
30/07/2026 10:14:01: [PUT] Dados recebidos: {
30/07/2026 10:14:01:   anotacao: '> Os seguintes dados cadastrais do administrador de contas informado divergem entre CPC e TCPJ: Celular/ Telefone **Divergência de Dados Administrador (ADM)**\n' +
30/07/2026 10:14:01:     '\n' +
30/07/2026 10:14:01:     '> Os seguintes dados cadastrais do administrador de contas informado divergem entre CPC e TCPJ: E-mail **Divergência de Dados Administrador (ADM)**',
30/07/2026 10:14:01:   status: 'reprovado',
30/07/2026 10:14:01:   auditoria_anotacao: '',
30/07/2026 10:14:01:   auditoria_status: ''
30/07/2026 10:14:01: }
30/07/2026 10:14:01: [PUT] Linhas afetadas: 1
30/07/2026 10:14:01: [PUT] Cotação atualizada com sucesso: {
30/07/2026 10:14:01:   id_cotacao: 17954,
30/07/2026 10:14:01:   cotacao: 'Q6391917',
30/07/2026 10:14:01:   id_qldd: null,
30/07/2026 10:14:01:   anotacao: '> Os seguintes dados cadastrais do administrador de contas informado divergem entre CPC e TCPJ: Celular/ Telefone **Divergência de Dados Administrador (ADM)**\n' +
30/07/2026 10:14:01:     '\n' +
30/07/2026 10:14:01:     '> Os seguintes dados cadastrais do administrador de contas informado divergem entre CPC e TCPJ: E-mail **Divergência de Dados Administrador (ADM)**',
30/07/2026 10:14:01:   status: 'reprovado',
30/07/2026 10:14:01:   data_de_criacao: '30/07/2026 07:33',
30/07/2026 10:14:01:   data_da_ultima_atualizacao: '30/07/2026 10:14',
30/07/2026 10:14:01:   usuario_login: 'tuany.marques.3',
30/07/2026 10:14:01:   validacao: 'Ativo',
30/07/2026 10:14:01:   usuario_id: '156',
30/07/2026 10:14:01:   tarefa: '22894469',
30/07/2026 10:14:01:   origem: 'r_000250',
30/07/2026 10:14:01:   data_historico: 2026-07-29T13:57:17.000Z
30/07/2026 10:14:01: }
30/07/2026 10:14:59: [PUT] Atualizando cotação: 22895203
30/07/2026 10:14:59: [PUT] Usuário: eduardo.jesus.3
30/07/2026 10:14:59: [PUT] Dados recebidos: {
30/07/2026 10:14:59:   anotacao: undefined,
30/07/2026 10:14:59:   status: 'aprovado',
30/07/2026 10:14:59:   auditoria_anotacao: undefined,
30/07/2026 10:14:59:   auditoria_status: undefined
30/07/2026 10:14:59: }
30/07/2026 10:14:59: [PUT] Linhas afetadas: 1
30/07/2026 10:14:59: [PUT] Cotação atualizada com sucesso: {
30/07/2026 10:14:59:   id_cotacao: 18115,
30/07/2026 10:14:59:   cotacao: 'Q6392029',
30/07/2026 10:14:59:   id_qldd: null,
30/07/2026 10:14:59:   anotacao: 'Tarefa: E001 - PME - 03.712.602/0001-60 | Fila: CPC - PME',
30/07/2026 10:14:59:   status: 'aprovado',
30/07/2026 10:14:59:   data_de_criacao: '30/07/2026 09:36',
30/07/2026 10:14:59:   data_da_ultima_atualizacao: '30/07/2026 10:14',
30/07/2026 10:14:59:   usuario_login: 'tuany.marques.3',
30/07/2026 10:14:59:   validacao: 'Ativo',
30/07/2026 10:14:59:   usuario_id: '200',
30/07/2026 10:14:59:   tarefa: '22895203',
30/07/2026 10:14:59:   origem: 'r_000250',
30/07/2026 10:14:59:   data_historico: 2026-07-29T15:47:09.000Z
30/07/2026 10:14:59: }
30/07/2026 10:15:04: [PUT] Atualizando cotação: 22895203
30/07/2026 10:15:04: [PUT] Usuário: eduardo.jesus.3
30/07/2026 10:15:04: [PUT] Dados recebidos: {
30/07/2026 10:15:04:   anotacao: 'aprovado',
30/07/2026 10:15:04:   status: 'aprovado',
30/07/2026 10:15:04:   auditoria_anotacao: '',
30/07/2026 10:15:04:   auditoria_status: ''
30/07/2026 10:15:04: }
30/07/2026 10:15:04: [PUT] Linhas afetadas: 1
30/07/2026 10:15:04: [PUT] Cotação atualizada com sucesso: {
30/07/2026 10:15:04:   id_cotacao: 18115,
30/07/2026 10:15:04:   cotacao: 'Q6392029',
30/07/2026 10:15:04:   id_qldd: null,
30/07/2026 10:15:04:   anotacao: 'aprovado',
30/07/2026 10:15:04:   status: 'aprovado',
30/07/2026 10:15:04:   data_de_criacao: '30/07/2026 09:36',
30/07/2026 10:15:04:   data_da_ultima_atualizacao: '30/07/2026 10:15',
30/07/2026 10:15:04:   usuario_login: 'tuany.marques.3',
30/07/2026 10:15:04:   validacao: 'Ativo',
30/07/2026 10:15:04:   usuario_id: '200',
30/07/2026 10:15:04:   tarefa: '22895203',
30/07/2026 10:15:04:   origem: 'r_000250',
30/07/2026 10:15:04:   data_historico: 2026-07-29T15:47:09.000Z
30/07/2026 10:15:04: }
30/07/2026 10:18:37: [PUT] Atualizando cotação: 22895365
30/07/2026 10:18:37: [PUT] Usuário: maristela.martins
30/07/2026 10:18:37: [PUT] Dados recebidos: {
30/07/2026 10:18:37:   anotacao: undefined,
30/07/2026 10:18:37:   status: 'reprovado',
30/07/2026 10:18:37:   auditoria_anotacao: undefined,
30/07/2026 10:18:37:   auditoria_status: undefined
30/07/2026 10:18:37: }
30/07/2026 10:18:37: [PUT] Linhas afetadas: 1
30/07/2026 10:18:37: [PUT] Cotação atualizada com sucesso: {
30/07/2026 10:18:37:   id_cotacao: 18132,
30/07/2026 10:18:37:   cotacao: 'Q6386909',
30/07/2026 10:18:37:   id_qldd: null,
30/07/2026 10:18:37:   anotacao: 'Tarefa: E001 - PME - 31.393.566/0001-54 | Fila: CPC - PME',
30/07/2026 10:18:37:   status: 'reprovado',
30/07/2026 10:18:37:   data_de_criacao: '30/07/2026 09:39',
30/07/2026 10:18:37:   data_da_ultima_atualizacao: '30/07/2026 10:18',
30/07/2026 10:18:37:   usuario_login: 'tuany.marques.3',
30/07/2026 10:18:37:   validacao: 'Ativo',
30/07/2026 10:18:37:   usuario_id: '143',
30/07/2026 10:18:37:   tarefa: '22895365',
30/07/2026 10:18:37:   origem: 'r_000250',
30/07/2026 10:18:37:   data_historico: 2026-07-29T16:27:59.000Z
30/07/2026 10:18:37: }
30/07/2026 10:18:41: [PUT] Atualizando cotação: 22895365
30/07/2026 10:18:41: [PUT] Usuário: maristela.martins
30/07/2026 10:18:41: [PUT] Dados recebidos: {
30/07/2026 10:18:41:   anotacao: 'Tarefa: E001 - PME - 31.393.566/0001-54 | Fila: CPC - PME\n' +
30/07/2026 10:18:41:     '> Na cotação detalhada o PJ Pacote Mobilidade Combo não foi inserido na Ordem Assinante 1628369176- 1628376159-1628394630  divergindo do informado do TCPJ e Ofertas Vigentes.  ** SVA não inserido**',
30/07/2026 10:18:41:   status: 'reprovado',
30/07/2026 10:18:41:   auditoria_anotacao: '',
30/07/2026 10:18:41:   auditoria_status: ''
30/07/2026 10:18:41: }
30/07/2026 10:18:41: [PUT] Linhas afetadas: 1
30/07/2026 10:18:41: [PUT] Cotação atualizada com sucesso: {
30/07/2026 10:18:41:   id_cotacao: 18132,
30/07/2026 10:18:41:   cotacao: 'Q6386909',
30/07/2026 10:18:41:   id_qldd: null,
30/07/2026 10:18:41:   anotacao: 'Tarefa: E001 - PME - 31.393.566/0001-54 | Fila: CPC - PME\n' +
30/07/2026 10:18:41:     '> Na cotação detalhada o PJ Pacote Mobilidade Combo não foi inserido na Ordem Assinante 1628369176- 1628376159-1628394630  divergindo do informado do TCPJ e Ofertas Vigentes.  ** SVA não inserido**',
30/07/2026 10:18:41:   status: 'reprovado',
30/07/2026 10:18:41:   data_de_criacao: '30/07/2026 09:39',
30/07/2026 10:18:41:   data_da_ultima_atualizacao: '30/07/2026 10:18',
30/07/2026 10:18:41:   usuario_login: 'tuany.marques.3',
30/07/2026 10:18:41:   validacao: 'Ativo',
30/07/2026 10:18:41:   usuario_id: '143',
30/07/2026 10:18:41:   tarefa: '22895365',
30/07/2026 10:18:41:   origem: 'r_000250',
30/07/2026 10:18:41:   data_historico: 2026-07-29T16:27:59.000Z
30/07/2026 10:18:41: }
30/07/2026 10:18:58: [PUT] Atualizando cotação: 22895532
30/07/2026 10:18:58: [PUT] Usuário: gustavo.sanches
30/07/2026 10:18:58: [PUT] Dados recebidos: {
30/07/2026 10:18:58:   anotacao: undefined,
30/07/2026 10:18:58:   status: 'aprovado',
30/07/2026 10:18:58:   auditoria_anotacao: undefined,
30/07/2026 10:18:58:   auditoria_status: undefined
30/07/2026 10:18:58: }
30/07/2026 10:18:58: [PUT] Linhas afetadas: 1
30/07/2026 10:18:58: [PUT] Cotação atualizada com sucesso: {
30/07/2026 10:18:58:   id_cotacao: 18095,
30/07/2026 10:18:58:   cotacao: 'Q6392599',
30/07/2026 10:18:58:   id_qldd: null,
30/07/2026 10:18:58:   anotacao: 'Tarefa: E001 - PME - 39.529.449/0001-87 | Fila: CPC - PME',
30/07/2026 10:18:58:   status: 'aprovado',
30/07/2026 10:18:58:   data_de_criacao: '30/07/2026 08:54',
30/07/2026 10:18:58:   data_da_ultima_atualizacao: '30/07/2026 10:18',
30/07/2026 10:18:58:   usuario_login: 'gustavo.sanches',
30/07/2026 10:18:58:   validacao: 'Ativo',
30/07/2026 10:18:58:   usuario_id: '134',
30/07/2026 10:18:58:   tarefa: '22895532',
30/07/2026 10:18:58:   origem: 'r_000250',
30/07/2026 10:18:58:   data_historico: 2026-07-29T17:03:41.000Z
30/07/2026 10:18:58: }
30/07/2026 10:20:09: [PUT] Atualizando cotação: 22895220
30/07/2026 10:20:09: [PUT] Usuário: eduardo.jesus.3
30/07/2026 10:20:09: [PUT] Dados recebidos: {
30/07/2026 10:20:09:   anotacao: undefined,
30/07/2026 10:20:09:   status: 'aprovado',
30/07/2026 10:20:09:   auditoria_anotacao: undefined,
30/07/2026 10:20:09:   auditoria_status: undefined
30/07/2026 10:20:09: }
30/07/2026 10:20:09: [PUT] Linhas afetadas: 1
30/07/2026 10:20:09: [PUT] Cotação atualizada com sucesso: {
30/07/2026 10:20:09:   id_cotacao: 18116,
30/07/2026 10:20:09:   cotacao: 'Q6392154',
30/07/2026 10:20:09:   id_qldd: null,
30/07/2026 10:20:09:   anotacao: 'Tarefa: E001 - PME - 21.580.069/0001-01 | Fila: CPC - PME',
30/07/2026 10:20:09:   status: 'aprovado',
30/07/2026 10:20:09:   data_de_criacao: '30/07/2026 09:36',
30/07/2026 10:20:09:   data_da_ultima_atualizacao: '30/07/2026 10:20',
30/07/2026 10:20:09:   usuario_login: 'tuany.marques.3',
30/07/2026 10:20:09:   validacao: 'Ativo',
30/07/2026 10:20:09:   usuario_id: '200',
30/07/2026 10:20:09:   tarefa: '22895220',
30/07/2026 10:20:09:   origem: 'r_000250',
30/07/2026 10:20:09:   data_historico: 2026-07-29T15:50:30.000Z
30/07/2026 10:20:09: }
30/07/2026 10:20:12: [INSPECAO] Upload recebido: R_000250_1444722.csv -> E:\projetos_hitss\geo-pme-notas\files\r_000250.csv
30/07/2026 10:20:12: --- INICIANDO ETL R_000250 ---
30/07/2026 10:20:12: Delimitador detectado: ";"
30/07/2026 10:20:12: Arquivo limpo escrito: E:\projetos_hitss\geo-pme-notas\files\r_000250_cleaned.csv
30/07/2026 10:20:12: Tabela verificada/criada.
30/07/2026 10:20:12: Dados antigos removidos.
30/07/2026 10:20:12: Dados carregados com sucesso via COPY.
30/07/2026 10:20:12: --- ETL R_000250 CONCLUÍDO: 741 registros ---
30/07/2026 10:20:12: [CLASSIFICACAO] Conectado ao banco de dados.
30/07/2026 10:20:12: [CLASSIFICACAO] 0 cotações classificadas.
30/07/2026 10:20:12: [CLASSIFICACAO] Total "Pendente - Classificação": 285
30/07/2026 10:20:14: [PUT] Atualizando cotação: 22895220
30/07/2026 10:20:14: [PUT] Usuário: eduardo.jesus.3
30/07/2026 10:20:14: [PUT] Dados recebidos: {
30/07/2026 10:20:14:   anotacao: 'aprovado',
30/07/2026 10:20:14:   status: 'aprovado',
30/07/2026 10:20:14:   auditoria_anotacao: '',
30/07/2026 10:20:14:   auditoria_status: ''
30/07/2026 10:20:14: }
30/07/2026 10:20:14: [PUT] Linhas afetadas: 1
30/07/2026 10:20:14: [PUT] Cotação atualizada com sucesso: {
30/07/2026 10:20:14:   id_cotacao: 18116,
30/07/2026 10:20:14:   cotacao: 'Q6392154',
30/07/2026 10:20:14:   id_qldd: null,
30/07/2026 10:20:14:   anotacao: 'aprovado',
30/07/2026 10:20:14:   status: 'aprovado',
30/07/2026 10:20:14:   data_de_criacao: '30/07/2026 09:36',
30/07/2026 10:20:14:   data_da_ultima_atualizacao: '30/07/2026 10:20',
30/07/2026 10:20:14:   usuario_login: 'tuany.marques.3',
30/07/2026 10:20:14:   validacao: 'Ativo',
30/07/2026 10:20:14:   usuario_id: '200',
30/07/2026 10:20:14:   tarefa: '22895220',
30/07/2026 10:20:14:   origem: 'r_000250',
30/07/2026 10:20:14:   data_historico: 2026-07-29T15:50:30.000Z
30/07/2026 10:20:14: }
30/07/2026 10:25:22: [PUT] Atualizando cotação: 22895235
30/07/2026 10:25:22: [PUT] Usuário: eduardo.jesus.3
30/07/2026 10:25:22: [PUT] Dados recebidos: {
30/07/2026 10:25:22:   anotacao: undefined,
30/07/2026 10:25:22:   status: 'aprovado',
30/07/2026 10:25:22:   auditoria_anotacao: undefined,
30/07/2026 10:25:22:   auditoria_status: undefined
30/07/2026 10:25:22: }
30/07/2026 10:25:23: [PUT] Linhas afetadas: 1
30/07/2026 10:25:23: [PUT] Cotação atualizada com sucesso: {
30/07/2026 10:25:23:   id_cotacao: 18117,
30/07/2026 10:25:23:   cotacao: 'Q6392413',
30/07/2026 10:25:23:   id_qldd: null,
30/07/2026 10:25:23:   anotacao: 'Tarefa: E001 - PME - 19.517.516/0001-36 | Fila: CPC - PME',
30/07/2026 10:25:23:   status: 'aprovado',
30/07/2026 10:25:23:   data_de_criacao: '30/07/2026 09:36',
30/07/2026 10:25:23:   data_da_ultima_atualizacao: '30/07/2026 10:25',
30/07/2026 10:25:23:   usuario_login: 'tuany.marques.3',
30/07/2026 10:25:23:   validacao: 'Ativo',
30/07/2026 10:25:23:   usuario_id: '200',
30/07/2026 10:25:23:   tarefa: '22895235',
30/07/2026 10:25:23:   origem: 'r_000250',
30/07/2026 10:25:23:   data_historico: 2026-07-29T15:52:48.000Z
30/07/2026 10:25:23: }
30/07/2026 10:25:27: [PUT] Atualizando cotação: 22895235
30/07/2026 10:25:27: [PUT] Usuário: eduardo.jesus.3
30/07/2026 10:25:27: [PUT] Dados recebidos: {
30/07/2026 10:25:27:   anotacao: 'aprovado',
30/07/2026 10:25:27:   status: 'aprovado',
30/07/2026 10:25:27:   auditoria_anotacao: '',
30/07/2026 10:25:27:   auditoria_status: ''
30/07/2026 10:25:27: }
30/07/2026 10:25:27: [PUT] Linhas afetadas: 1
30/07/2026 10:25:27: [PUT] Cotação atualizada com sucesso: {
30/07/2026 10:25:27:   id_cotacao: 18117,
30/07/2026 10:25:27:   cotacao: 'Q6392413',
30/07/2026 10:25:27:   id_qldd: null,
30/07/2026 10:25:27:   anotacao: 'aprovado',
30/07/2026 10:25:27:   status: 'aprovado',
30/07/2026 10:25:27:   data_de_criacao: '30/07/2026 09:36',
30/07/2026 10:25:27:   data_da_ultima_atualizacao: '30/07/2026 10:25',
30/07/2026 10:25:27:   usuario_login: 'tuany.marques.3',
30/07/2026 10:25:27:   validacao: 'Ativo',
30/07/2026 10:25:27:   usuario_id: '200',
30/07/2026 10:25:27:   tarefa: '22895235',
30/07/2026 10:25:27:   origem: 'r_000250',
30/07/2026 10:25:27:   data_historico: 2026-07-29T15:52:48.000Z
30/07/2026 10:25:27: }
30/07/2026 10:26:24: [PUT] Atualizando cotação: 22894473
30/07/2026 10:26:24: [PUT] Usuário: yasmin.santana
30/07/2026 10:26:24: [PUT] Dados recebidos: {
30/07/2026 10:26:24:   anotacao: undefined,
30/07/2026 10:26:24:   status: 'pendente-iphone',
30/07/2026 10:26:24:   auditoria_anotacao: undefined,
30/07/2026 10:26:24:   auditoria_status: undefined
30/07/2026 10:26:24: }
30/07/2026 10:26:24: [PUT] Linhas afetadas: 1
30/07/2026 10:26:24: [PUT] Cotação atualizada com sucesso: {
30/07/2026 10:26:24:   id_cotacao: 17955,
30/07/2026 10:26:24:   cotacao: 'Q6389638',
30/07/2026 10:26:24:   id_qldd: null,
30/07/2026 10:26:24:   anotacao: 'Tarefa: E001 - PME - 52.175.722/0001-80 | Fila: CPC - PME',
30/07/2026 10:26:24:   status: 'pendente-iphone',
30/07/2026 10:26:24:   data_de_criacao: '30/07/2026 07:33',
30/07/2026 10:26:24:   data_da_ultima_atualizacao: '30/07/2026 10:26',
30/07/2026 10:26:24:   usuario_login: 'tuany.marques.3',
30/07/2026 10:26:24:   validacao: 'Ativo',
30/07/2026 10:26:24:   usuario_id: '156',
30/07/2026 10:26:24:   tarefa: '22894473',
30/07/2026 10:26:24:   origem: 'r_000250',
30/07/2026 10:26:24:   data_historico: 2026-07-29T13:57:28.000Z
30/07/2026 10:26:24: }
30/07/2026 10:28:47: [PUT] Atualizando cotação: 22895262
30/07/2026 10:28:47: [PUT] Usuário: eduardo.jesus.3
30/07/2026 10:28:47: [PUT] Dados recebidos: {
30/07/2026 10:28:47:   anotacao: undefined,
30/07/2026 10:28:47:   status: 'aprovado',
30/07/2026 10:28:47:   auditoria_anotacao: undefined,
30/07/2026 10:28:47:   auditoria_status: undefined
30/07/2026 10:28:47: }
30/07/2026 10:28:47: [PUT] Linhas afetadas: 1
30/07/2026 10:28:47: [PUT] Cotação atualizada com sucesso: {
30/07/2026 10:28:47:   id_cotacao: 18118,
30/07/2026 10:28:47:   cotacao: 'Q6384655',
30/07/2026 10:28:47:   id_qldd: null,
30/07/2026 10:28:47:   anotacao: 'Tarefa: E001 - PME - 03.632.872/0001-60 | Fila: CPC - PME',
30/07/2026 10:28:47:   status: 'aprovado',
30/07/2026 10:28:47:   data_de_criacao: '30/07/2026 09:36',
30/07/2026 10:28:47:   data_da_ultima_atualizacao: '30/07/2026 10:28',
30/07/2026 10:28:47:   usuario_login: 'tuany.marques.3',
30/07/2026 10:28:47:   validacao: 'Ativo',
30/07/2026 10:28:47:   usuario_id: '200',
30/07/2026 10:28:47:   tarefa: '22895262',
30/07/2026 10:28:47:   origem: 'r_000250',
30/07/2026 10:28:47:   data_historico: 2026-07-29T16:00:49.000Z
30/07/2026 10:28:47: }
30/07/2026 10:28:51: [PUT] Atualizando cotação: 22895262
30/07/2026 10:28:51: [PUT] Usuário: eduardo.jesus.3
30/07/2026 10:28:51: [PUT] Dados recebidos: {
30/07/2026 10:28:51:   anotacao: 'aprovado',
30/07/2026 10:28:51:   status: 'aprovado',
30/07/2026 10:28:51:   auditoria_anotacao: '',
30/07/2026 10:28:51:   auditoria_status: ''
30/07/2026 10:28:51: }
30/07/2026 10:28:51: [PUT] Linhas afetadas: 1
30/07/2026 10:28:51: [PUT] Cotação atualizada com sucesso: {
30/07/2026 10:28:51:   id_cotacao: 18118,
30/07/2026 10:28:51:   cotacao: 'Q6384655',
30/07/2026 10:28:51:   id_qldd: null,
30/07/2026 10:28:51:   anotacao: 'aprovado',
30/07/2026 10:28:51:   status: 'aprovado',
30/07/2026 10:28:51:   data_de_criacao: '30/07/2026 09:36',
30/07/2026 10:28:51:   data_da_ultima_atualizacao: '30/07/2026 10:28',
30/07/2026 10:28:51:   usuario_login: 'tuany.marques.3',
30/07/2026 10:28:51:   validacao: 'Ativo',
30/07/2026 10:28:51:   usuario_id: '200',
30/07/2026 10:28:51:   tarefa: '22895262',
30/07/2026 10:28:51:   origem: 'r_000250',
30/07/2026 10:28:51:   data_historico: 2026-07-29T16:00:49.000Z
30/07/2026 10:28:51: }
30/07/2026 10:29:51: [PUT] Atualizando cotação: 22895559
30/07/2026 10:29:51: [PUT] Usuário: gustavo.sanches
30/07/2026 10:29:51: [PUT] Dados recebidos: {
30/07/2026 10:29:51:   anotacao: undefined,
30/07/2026 10:29:51:   status: 'aprovado',
30/07/2026 10:29:51:   auditoria_anotacao: undefined,
30/07/2026 10:29:51:   auditoria_status: undefined
30/07/2026 10:29:51: }
30/07/2026 10:29:51: [PUT] Linhas afetadas: 1
30/07/2026 10:29:51: [PUT] Cotação atualizada com sucesso: {
30/07/2026 10:29:51:   id_cotacao: 18094,
30/07/2026 10:29:51:   cotacao: 'Q6392074',
30/07/2026 10:29:51:   id_qldd: null,
30/07/2026 10:29:51:   anotacao: 'Tarefa: E001 - PME - 03.401.614/0001-73 | Fila: CPC - PME',
30/07/2026 10:29:51:   status: 'aprovado',
30/07/2026 10:29:51:   data_de_criacao: '30/07/2026 08:54',
30/07/2026 10:29:51:   data_da_ultima_atualizacao: '30/07/2026 10:29',
30/07/2026 10:29:51:   usuario_login: 'gustavo.sanches',
30/07/2026 10:29:51:   validacao: 'Ativo',
30/07/2026 10:29:51:   usuario_id: '134',
30/07/2026 10:29:51:   tarefa: '22895559',
30/07/2026 10:29:51:   origem: 'r_000250',
30/07/2026 10:29:51:   data_historico: 2026-07-29T17:07:02.000Z
30/07/2026 10:29:51: }
30/07/2026 10:32:17: [PUT] Atualizando cotação: 22895278
30/07/2026 10:32:17: [PUT] Usuário: eduardo.jesus.3
30/07/2026 10:32:17: [PUT] Dados recebidos: {
30/07/2026 10:32:17:   anotacao: undefined,
30/07/2026 10:32:17:   status: 'aprovado',
30/07/2026 10:32:17:   auditoria_anotacao: undefined,
30/07/2026 10:32:17:   auditoria_status: undefined
30/07/2026 10:32:17: }
30/07/2026 10:32:17: [PUT] Linhas afetadas: 1
30/07/2026 10:32:17: [PUT] Cotação atualizada com sucesso: {
30/07/2026 10:32:17:   id_cotacao: 18119,
30/07/2026 10:32:17:   cotacao: 'Q6392334',
30/07/2026 10:32:17:   id_qldd: null,
30/07/2026 10:32:17:   anotacao: 'Tarefa: E001 - PME - 65.327.832/0001-62 | Fila: CPC - PME',
30/07/2026 10:32:17:   status: 'aprovado',
30/07/2026 10:32:17:   data_de_criacao: '30/07/2026 09:36',
30/07/2026 10:32:17:   data_da_ultima_atualizacao: '30/07/2026 10:32',
30/07/2026 10:32:17:   usuario_login: 'tuany.marques.3',
30/07/2026 10:32:17:   validacao: 'Ativo',
30/07/2026 10:32:17:   usuario_id: '200',
30/07/2026 10:32:17:   tarefa: '22895278',
30/07/2026 10:32:17:   origem: 'r_000250',
30/07/2026 10:32:17:   data_historico: 2026-07-29T16:04:05.000Z
30/07/2026 10:32:17: }
30/07/2026 10:32:22: [PUT] Atualizando cotação: 22895278
30/07/2026 10:32:22: [PUT] Usuário: eduardo.jesus.3
30/07/2026 10:32:22: [PUT] Dados recebidos: {
30/07/2026 10:32:22:   anotacao: 'aprovado',
30/07/2026 10:32:22:   status: 'aprovado',
30/07/2026 10:32:22:   auditoria_anotacao: '',
30/07/2026 10:32:22:   auditoria_status: ''
30/07/2026 10:32:22: }
30/07/2026 10:32:22: [PUT] Linhas afetadas: 1
30/07/2026 10:32:22: [PUT] Cotação atualizada com sucesso: {
30/07/2026 10:32:22:   id_cotacao: 18119,
30/07/2026 10:32:22:   cotacao: 'Q6392334',
30/07/2026 10:32:22:   id_qldd: null,
30/07/2026 10:32:22:   anotacao: 'aprovado',
30/07/2026 10:32:22:   status: 'aprovado',
30/07/2026 10:32:22:   data_de_criacao: '30/07/2026 09:36',
30/07/2026 10:32:22:   data_da_ultima_atualizacao: '30/07/2026 10:32',
30/07/2026 10:32:22:   usuario_login: 'tuany.marques.3',
30/07/2026 10:32:22:   validacao: 'Ativo',
30/07/2026 10:32:22:   usuario_id: '200',
30/07/2026 10:32:22:   tarefa: '22895278',
30/07/2026 10:32:22:   origem: 'r_000250',
30/07/2026 10:32:22:   data_historico: 2026-07-29T16:04:05.000Z
30/07/2026 10:32:22: }
30/07/2026 10:32:24: [INSPECAO] Upload recebido: R_000250_1444765.csv -> E:\projetos_hitss\geo-pme-notas\files\r_000250.csv
30/07/2026 10:32:24: --- INICIANDO ETL R_000250 ---
30/07/2026 10:32:24: Delimitador detectado: ";"
30/07/2026 10:32:24: Arquivo limpo escrito: E:\projetos_hitss\geo-pme-notas\files\r_000250_cleaned.csv
30/07/2026 10:32:24: Tabela verificada/criada.
30/07/2026 10:32:24: Dados antigos removidos.
30/07/2026 10:32:24: Dados carregados com sucesso via COPY.
30/07/2026 10:32:24: --- ETL R_000250 CONCLUÍDO: 763 registros ---
30/07/2026 10:32:24: [CLASSIFICACAO] Conectado ao banco de dados.
30/07/2026 10:32:24: [CLASSIFICACAO] 5 cotações classificadas.
30/07/2026 10:32:24: [CLASSIFICACAO] Cotações atualizadas:
30/07/2026 10:32:24:   - Tarefa: 22894623 | Usuário: tuany.marques.3
30/07/2026 10:32:24:   - Tarefa: 22894731 | Usuário: tuany.marques.3
30/07/2026 10:32:24:   - Tarefa: 22895135 | Usuário: tuany.marques.3
30/07/2026 10:32:24:   - Tarefa: 22895137 | Usuário: tuany.marques.3
30/07/2026 10:32:24:   - Tarefa: 22895139 | Usuário: tuany.marques.3
30/07/2026 10:32:24: [CLASSIFICACAO] Total "Pendente - Classificação": 290
30/07/2026 10:34:00: [PUT] Atualizando cotação: 22895624
30/07/2026 10:34:00: [PUT] Usuário: tuany.marques.3
30/07/2026 10:34:00: [PUT] Dados recebidos: {
30/07/2026 10:34:00:   anotacao: undefined,
30/07/2026 10:34:00:   status: 'pendente-maratona',
30/07/2026 10:34:00:   auditoria_anotacao: undefined,
30/07/2026 10:34:00:   auditoria_status: undefined
30/07/2026 10:34:00: }
30/07/2026 10:34:00: [PUT] Linhas afetadas: 1
30/07/2026 10:34:00: [PUT] Cotação atualizada com sucesso: {
30/07/2026 10:34:00:   id_cotacao: 18179,
30/07/2026 10:34:00:   cotacao: 'Q6392523',
30/07/2026 10:34:00:   id_qldd: null,
30/07/2026 10:34:00:   anotacao: 'Tarefa: E001 - PME - 23.066.981/0001-75 | Fila: CPC - PME',
30/07/2026 10:34:00:   status: 'pendente-maratona',
30/07/2026 10:34:00:   data_de_criacao: '30/07/2026 09:56',
30/07/2026 10:34:00:   data_da_ultima_atualizacao: '30/07/2026 10:34',
30/07/2026 10:34:00:   usuario_login: 'tuany.marques.3',
30/07/2026 10:34:00:   validacao: 'Ativo',
30/07/2026 10:34:00:   usuario_id: '124',
30/07/2026 10:34:00:   tarefa: '22895624',
30/07/2026 10:34:00:   origem: 'r_000250',
30/07/2026 10:34:00:   data_historico: 2026-07-29T17:18:28.000Z
30/07/2026 10:34:00: }
30/07/2026 10:34:14: [PUT] Atualizando cotação: 22897227
30/07/2026 10:34:14: [PUT] Usuário: tuany.marques.3
30/07/2026 10:34:14: [PUT] Dados recebidos: {
30/07/2026 10:34:14:   anotacao: undefined,
30/07/2026 10:34:14:   status: 'pendente-maratona',
30/07/2026 10:34:14:   auditoria_anotacao: undefined,
30/07/2026 10:34:14:   auditoria_status: undefined
30/07/2026 10:34:14: }
30/07/2026 10:34:14: [PUT] Linhas afetadas: 1
30/07/2026 10:34:14: [PUT] Cotação atualizada com sucesso: {
30/07/2026 10:34:14:   id_cotacao: 18204,
30/07/2026 10:34:14:   cotacao: 'Q6393671',
30/07/2026 10:34:14:   id_qldd: null,
30/07/2026 10:34:14:   anotacao: 'Tarefa: E001 - PME - 46.446.334/0001-94 | Fila: CPC - PME',
30/07/2026 10:34:14:   status: 'pendente-maratona',
30/07/2026 10:34:14:   data_de_criacao: '30/07/2026 10:33',
30/07/2026 10:34:14:   data_da_ultima_atualizacao: '30/07/2026 10:34',
30/07/2026 10:34:14:   usuario_login: 'tuany.marques.3',
30/07/2026 10:34:14:   validacao: 'Ativo',
30/07/2026 10:34:14:   usuario_id: '196',
30/07/2026 10:34:14:   tarefa: '22897227',
30/07/2026 10:34:14:   origem: 'r_000250',
30/07/2026 10:34:14:   data_historico: 2026-07-29T20:51:30.000Z
30/07/2026 10:34:14: }
30/07/2026 10:34:37: [PUT] Atualizando cotação: 22895562
30/07/2026 10:34:37: [PUT] Usuário: gustavo.sanches
30/07/2026 10:34:37: [PUT] Dados recebidos: {
30/07/2026 10:34:37:   anotacao: undefined,
30/07/2026 10:34:37:   status: 'aprovado',
30/07/2026 10:34:37:   auditoria_anotacao: undefined,
30/07/2026 10:34:37:   auditoria_status: undefined
30/07/2026 10:34:37: }
30/07/2026 10:34:37: [PUT] Linhas afetadas: 1
30/07/2026 10:34:37: [PUT] Cotação atualizada com sucesso: {
30/07/2026 10:34:37:   id_cotacao: 18093,
30/07/2026 10:34:37:   cotacao: 'Q6392709',
30/07/2026 10:34:37:   id_qldd: null,
30/07/2026 10:34:37:   anotacao: 'Tarefa: E001 - PME - 66.177.325/0001-52 | Fila: CPC - PME',
30/07/2026 10:34:37:   status: 'aprovado',
30/07/2026 10:34:37:   data_de_criacao: '30/07/2026 08:54',
30/07/2026 10:34:37:   data_da_ultima_atualizacao: '30/07/2026 10:34',
30/07/2026 10:34:37:   usuario_login: 'gustavo.sanches',
30/07/2026 10:34:37:   validacao: 'Ativo',
30/07/2026 10:34:37:   usuario_id: '134',
30/07/2026 10:34:37:   tarefa: '22895562',
30/07/2026 10:34:37:   origem: 'r_000250',
30/07/2026 10:34:37:   data_historico: 2026-07-29T17:07:16.000Z
30/07/2026 10:34:37: }
30/07/2026 10:34:41: [PUT] Atualizando cotação: 22896667
30/07/2026 10:34:41: [PUT] Usuário: tuany.marques.3
30/07/2026 10:34:41: [PUT] Dados recebidos: {
30/07/2026 10:34:41:   anotacao: undefined,
30/07/2026 10:34:41:   status: 'pendente-maratona',
30/07/2026 10:34:41:   auditoria_anotacao: undefined,
30/07/2026 10:34:41:   auditoria_status: undefined
30/07/2026 10:34:41: }
30/07/2026 10:34:42: [PUT] Linhas afetadas: 1
30/07/2026 10:34:42: [PUT] Cotação atualizada com sucesso: {
30/07/2026 10:34:42:   id_cotacao: 18205,
30/07/2026 10:34:42:   cotacao: 'Q6393230',
30/07/2026 10:34:42:   id_qldd: null,
30/07/2026 10:34:42:   anotacao: 'Tarefa: E001 - PME - 07.503.564/0008-62 | Fila: CPC - PME',
30/07/2026 10:34:42:   status: 'pendente-maratona',
30/07/2026 10:34:42:   data_de_criacao: '30/07/2026 10:33',
30/07/2026 10:34:42:   data_da_ultima_atualizacao: '30/07/2026 10:34',
30/07/2026 10:34:42:   usuario_login: 'tuany.marques.3',
30/07/2026 10:34:42:   validacao: 'Ativo',
30/07/2026 10:34:42:   usuario_id: '196',
30/07/2026 10:34:42:   tarefa: '22896667',
30/07/2026 10:34:42:   origem: 'r_000250',
30/07/2026 10:34:42:   data_historico: 2026-07-29T19:34:23.000Z
30/07/2026 10:34:42: }
30/07/2026 10:34:52: [PUT] Atualizando cotação: 22897399
30/07/2026 10:34:52: [PUT] Usuário: tuany.marques.3
30/07/2026 10:34:52: [PUT] Dados recebidos: {
30/07/2026 10:34:52:   anotacao: undefined,
30/07/2026 10:34:52:   status: 'pendente-maratona',
30/07/2026 10:34:52:   auditoria_anotacao: undefined,
30/07/2026 10:34:52:   auditoria_status: undefined
30/07/2026 10:34:52: }
30/07/2026 10:34:52: [PUT] Linhas afetadas: 1
30/07/2026 10:34:52: [PUT] Cotação atualizada com sucesso: {
30/07/2026 10:34:52:   id_cotacao: 18203,
30/07/2026 10:34:52:   cotacao: 'Q6380500',
30/07/2026 10:34:52:   id_qldd: null,
30/07/2026 10:34:52:   anotacao: 'Tarefa: E001 - PME - 02.773.950/0001-84 | Fila: CPC - PME',
30/07/2026 10:34:52:   status: 'pendente-maratona',
30/07/2026 10:34:52:   data_de_criacao: '30/07/2026 10:33',
30/07/2026 10:34:52:   data_da_ultima_atualizacao: '30/07/2026 10:34',
30/07/2026 10:34:52:   usuario_login: 'tuany.marques.3',
30/07/2026 10:34:52:   validacao: 'Ativo',
30/07/2026 10:34:52:   usuario_id: '196',
30/07/2026 10:34:52:   tarefa: '22897399',
30/07/2026 10:34:52:   origem: 'r_000250',
30/07/2026 10:34:52:   data_historico: 2026-07-29T21:26:57.000Z
30/07/2026 10:34:52: }
30/07/2026 10:35:27: [PUT] Atualizando cotação: 22895075
30/07/2026 10:35:27: [PUT] Usuário: eder.fernandes.3
30/07/2026 10:35:27: [PUT] Dados recebidos: {
30/07/2026 10:35:27:   anotacao: 'Tarefa: E001 - PME - 07.112.023/0001-37 | Fila: CPC - PME\n\n',
30/07/2026 10:35:27:   status: 'pendente',
30/07/2026 10:35:27:   auditoria_anotacao: '',
30/07/2026 10:35:27:   auditoria_status: ''
30/07/2026 10:35:27: }
30/07/2026 10:35:27: [PUT] Linhas afetadas: 1
30/07/2026 10:35:27: [PUT] Cotação atualizada com sucesso: {
30/07/2026 10:35:27:   id_cotacao: 18083,
30/07/2026 10:35:27:   cotacao: 'Q6392051',
30/07/2026 10:35:27:   id_qldd: null,
30/07/2026 10:35:27:   anotacao: 'Tarefa: E001 - PME - 07.112.023/0001-37 | Fila: CPC - PME\n\n',
30/07/2026 10:35:27:   status: 'pendente',
30/07/2026 10:35:27:   data_de_criacao: '30/07/2026 08:53',
30/07/2026 10:35:27:   data_da_ultima_atualizacao: '30/07/2026 10:35',
30/07/2026 10:35:27:   usuario_login: 'tuany.marques.3',
30/07/2026 10:35:27:   validacao: 'Ativo',
30/07/2026 10:35:27:   usuario_id: '129',
30/07/2026 10:35:27:   tarefa: '22895075',
30/07/2026 10:35:27:   origem: 'r_000250',
30/07/2026 10:35:27:   data_historico: 2026-07-29T15:23:20.000Z
30/07/2026 10:35:27: }
30/07/2026 10:35:30: [PUT] Atualizando cotação: 22895075
30/07/2026 10:35:30: [PUT] Usuário: eder.fernandes.3
30/07/2026 10:35:30: [PUT] Dados recebidos: {
30/07/2026 10:35:30:   anotacao: undefined,
30/07/2026 10:35:30:   status: 'aprovado',
30/07/2026 10:35:30:   auditoria_anotacao: undefined,
30/07/2026 10:35:30:   auditoria_status: undefined
30/07/2026 10:35:30: }
30/07/2026 10:35:30: [PUT] Linhas afetadas: 1
30/07/2026 10:35:30: [PUT] Cotação atualizada com sucesso: {
30/07/2026 10:35:30:   id_cotacao: 18083,
30/07/2026 10:35:30:   cotacao: 'Q6392051',
30/07/2026 10:35:30:   id_qldd: null,
30/07/2026 10:35:30:   anotacao: 'Tarefa: E001 - PME - 07.112.023/0001-37 | Fila: CPC - PME\n\n',
30/07/2026 10:35:30:   status: 'aprovado',
30/07/2026 10:35:30:   data_de_criacao: '30/07/2026 08:53',
30/07/2026 10:35:30:   data_da_ultima_atualizacao: '30/07/2026 10:35',
30/07/2026 10:35:30:   usuario_login: 'tuany.marques.3',
30/07/2026 10:35:30:   validacao: 'Ativo',
30/07/2026 10:35:30:   usuario_id: '129',
30/07/2026 10:35:30:   tarefa: '22895075',
30/07/2026 10:35:30:   origem: 'r_000250',
30/07/2026 10:35:30:   data_historico: 2026-07-29T15:23:20.000Z
30/07/2026 10:35:30: }
30/07/2026 10:37:30: [PUT] Atualizando cotação: 22895844
30/07/2026 10:37:30: [PUT] Usuário: tuany.marques.3
30/07/2026 10:37:30: [PUT] Dados recebidos: {
30/07/2026 10:37:30:   anotacao: undefined,
30/07/2026 10:37:30:   status: 'pendente-maratona',
30/07/2026 10:37:30:   auditoria_anotacao: undefined,
30/07/2026 10:37:30:   auditoria_status: undefined
30/07/2026 10:37:30: }
30/07/2026 10:37:30: [PUT] Linhas afetadas: 1
30/07/2026 10:37:30: [PUT] Cotação atualizada com sucesso: {
30/07/2026 10:37:30:   id_cotacao: 18210,
30/07/2026 10:37:30:   cotacao: 'Q6391959',
30/07/2026 10:37:30:   id_qldd: null,
30/07/2026 10:37:30:   anotacao: 'Tarefa: E001 - PME - 12.282.034/0002-86 | Fila: CPC - PME',
30/07/2026 10:37:30:   status: 'pendente-maratona',
30/07/2026 10:37:30:   data_de_criacao: '30/07/2026 10:36',
30/07/2026 10:37:30:   data_da_ultima_atualizacao: '30/07/2026 10:37',
30/07/2026 10:37:30:   usuario_login: 'tuany.marques.3',
30/07/2026 10:37:30:   validacao: 'Ativo',
30/07/2026 10:37:30:   usuario_id: '196',
30/07/2026 10:37:30:   tarefa: '22895844',
30/07/2026 10:37:30:   origem: 'r_000250',
30/07/2026 10:37:30:   data_historico: 2026-07-29T17:54:14.000Z
30/07/2026 10:37:30: }
30/07/2026 10:37:39: [PUT] Atualizando cotação: 22896592
30/07/2026 10:37:39: [PUT] Usuário: tuany.marques.3
30/07/2026 10:37:39: [PUT] Dados recebidos: {
30/07/2026 10:37:39:   anotacao: undefined,
30/07/2026 10:37:39:   status: 'pendente-maratona',
30/07/2026 10:37:39:   auditoria_anotacao: undefined,
30/07/2026 10:37:39:   auditoria_status: undefined
30/07/2026 10:37:39: }
30/07/2026 10:37:39: [PUT] Linhas afetadas: 1
30/07/2026 10:37:39: [PUT] Cotação atualizada com sucesso: {
30/07/2026 10:37:39:   id_cotacao: 18209,
30/07/2026 10:37:39:   cotacao: 'Q6392974',
30/07/2026 10:37:39:   id_qldd: null,
30/07/2026 10:37:39:   anotacao: 'Tarefa: E001 - PME - 05.501.594/0005-61 | Fila: CPC - PME',
30/07/2026 10:37:39:   status: 'pendente-maratona',
30/07/2026 10:37:39:   data_de_criacao: '30/07/2026 10:36',
30/07/2026 10:37:39:   data_da_ultima_atualizacao: '30/07/2026 10:37',
30/07/2026 10:37:39:   usuario_login: 'tuany.marques.3',
30/07/2026 10:37:39:   validacao: 'Ativo',
30/07/2026 10:37:39:   usuario_id: '196',
30/07/2026 10:37:39:   tarefa: '22896592',
30/07/2026 10:37:39:   origem: 'r_000250',
30/07/2026 10:37:39:   data_historico: 2026-07-29T19:23:43.000Z
30/07/2026 10:37:39: }
30/07/2026 10:37:44: [PUT] Atualizando cotação: 22897122
30/07/2026 10:37:44: [PUT] Usuário: tuany.marques.3
30/07/2026 10:37:44: [PUT] Dados recebidos: {
30/07/2026 10:37:44:   anotacao: undefined,
30/07/2026 10:37:44:   status: 'pendente-maratona',
30/07/2026 10:37:44:   auditoria_anotacao: undefined,
30/07/2026 10:37:44:   auditoria_status: undefined
30/07/2026 10:37:44: }
30/07/2026 10:37:45: [PUT] Linhas afetadas: 1
30/07/2026 10:37:45: [PUT] Cotação atualizada com sucesso: {
30/07/2026 10:37:45:   id_cotacao: 18208,
30/07/2026 10:37:45:   cotacao: 'Q6393204',
30/07/2026 10:37:45:   id_qldd: null,
30/07/2026 10:37:45:   anotacao: 'Tarefa: E001 - PME - 26.365.625/0001-40 | Fila: CPC - PME',
30/07/2026 10:37:45:   status: 'pendente-maratona',
30/07/2026 10:37:45:   data_de_criacao: '30/07/2026 10:36',
30/07/2026 10:37:45:   data_da_ultima_atualizacao: '30/07/2026 10:37',
30/07/2026 10:37:45:   usuario_login: 'tuany.marques.3',
30/07/2026 10:37:45:   validacao: 'Ativo',
30/07/2026 10:37:45:   usuario_id: '196',
30/07/2026 10:37:45:   tarefa: '22897122',
30/07/2026 10:37:45:   origem: 'r_000250',
30/07/2026 10:37:45:   data_historico: 2026-07-29T20:35:42.000Z
30/07/2026 10:37:45: }
30/07/2026 10:37:50: [PUT] Atualizando cotação: 22897753
30/07/2026 10:37:50: [PUT] Usuário: tuany.marques.3
30/07/2026 10:37:50: [PUT] Dados recebidos: {
30/07/2026 10:37:50:   anotacao: undefined,
30/07/2026 10:37:50:   status: 'pendente-maratona',
30/07/2026 10:37:50:   auditoria_anotacao: undefined,
30/07/2026 10:37:50:   auditoria_status: undefined
30/07/2026 10:37:50: }
30/07/2026 10:37:50: [PUT] Linhas afetadas: 1
30/07/2026 10:37:50: [PUT] Cotação atualizada com sucesso: {
30/07/2026 10:37:50:   id_cotacao: 18207,
30/07/2026 10:37:50:   cotacao: 'Q6393305',
30/07/2026 10:37:50:   id_qldd: null,
30/07/2026 10:37:50:   anotacao: 'Tarefa: E001 - PME - 10.979.929/0003-20 | Fila: CPC - PME',
30/07/2026 10:37:50:   status: 'pendente-maratona',
30/07/2026 10:37:50:   data_de_criacao: '30/07/2026 10:36',
30/07/2026 10:37:50:   data_da_ultima_atualizacao: '30/07/2026 10:37',
30/07/2026 10:37:50:   usuario_login: 'tuany.marques.3',
30/07/2026 10:37:50:   validacao: 'Ativo',
30/07/2026 10:37:50:   usuario_id: '196',
30/07/2026 10:37:50:   tarefa: '22897753',
30/07/2026 10:37:50:   origem: 'r_000250',
30/07/2026 10:37:50:   data_historico: 2026-07-30T00:21:50.000Z
30/07/2026 10:37:50: }
30/07/2026 10:37:55: [PUT] Atualizando cotação: 22897776
30/07/2026 10:37:55: [PUT] Usuário: tuany.marques.3
30/07/2026 10:37:55: [PUT] Dados recebidos: {
30/07/2026 10:37:55:   anotacao: undefined,
30/07/2026 10:37:55:   status: 'pendente',
30/07/2026 10:37:55:   auditoria_anotacao: undefined,
30/07/2026 10:37:55:   auditoria_status: undefined
30/07/2026 10:37:55: }
30/07/2026 10:37:55: [PUT] Linhas afetadas: 1
30/07/2026 10:37:55: [PUT] Cotação atualizada com sucesso: {
30/07/2026 10:37:55:   id_cotacao: 18206,
30/07/2026 10:37:55:   cotacao: 'Q6394044',
30/07/2026 10:37:55:   id_qldd: null,
30/07/2026 10:37:55:   anotacao: 'Tarefa: E001 - PME - 51.826.824/0001-56 | Fila: CPC - PME',
30/07/2026 10:37:55:   status: 'pendente',
30/07/2026 10:37:55:   data_de_criacao: '30/07/2026 10:36',
30/07/2026 10:37:55:   data_da_ultima_atualizacao: '30/07/2026 10:37',
30/07/2026 10:37:55:   usuario_login: 'tuany.marques.3',
30/07/2026 10:37:55:   validacao: 'Ativo',
30/07/2026 10:37:55:   usuario_id: '196',
30/07/2026 10:37:55:   tarefa: '22897776',
30/07/2026 10:37:55:   origem: 'r_000250',
30/07/2026 10:37:55:   data_historico: 2026-07-30T01:00:25.000Z
30/07/2026 10:37:55: }
30/07/2026 10:38:00: [PUT] Atualizando cotação: 22895427
30/07/2026 10:38:00: [PUT] Usuário: eder.fernandes.3
30/07/2026 10:38:00: [PUT] Dados recebidos: {
30/07/2026 10:38:00:   anotacao: undefined,
30/07/2026 10:38:00:   status: 'aprovado',
30/07/2026 10:38:00:   auditoria_anotacao: undefined,
30/07/2026 10:38:00:   auditoria_status: undefined
30/07/2026 10:38:00: }
30/07/2026 10:38:00: [PUT] Linhas afetadas: 1
30/07/2026 10:38:00: [PUT] Cotação atualizada com sucesso: {
30/07/2026 10:38:00:   id_cotacao: 18140,
30/07/2026 10:38:00:   cotacao: 'Q6392674',
30/07/2026 10:38:00:   id_qldd: null,
30/07/2026 10:38:00:   anotacao: 'Tarefa: E001 - PME - 08.267.574/0001-32 | Fila: CPC - PME',
30/07/2026 10:38:00:   status: 'aprovado',
30/07/2026 10:38:00:   data_de_criacao: '30/07/2026 09:39',
30/07/2026 10:38:00:   data_da_ultima_atualizacao: '30/07/2026 10:38',
30/07/2026 10:38:00:   usuario_login: 'tuany.marques.3',
30/07/2026 10:38:00:   validacao: 'Ativo',
30/07/2026 10:38:00:   usuario_id: '129',
30/07/2026 10:38:00:   tarefa: '22895427',
30/07/2026 10:38:00:   origem: 'r_000250',
30/07/2026 10:38:00:   data_historico: 2026-07-29T16:44:19.000Z
30/07/2026 10:38:00: }
30/07/2026 10:38:02: [PUT] Atualizando cotação: 22897776
30/07/2026 10:38:02: [PUT] Usuário: tuany.marques.3
30/07/2026 10:38:02: [PUT] Dados recebidos: {
30/07/2026 10:38:02:   anotacao: undefined,
30/07/2026 10:38:02:   status: 'pendente-maratona',
30/07/2026 10:38:02:   auditoria_anotacao: undefined,
30/07/2026 10:38:02:   auditoria_status: undefined
30/07/2026 10:38:02: }
30/07/2026 10:38:02: [PUT] Linhas afetadas: 1
30/07/2026 10:38:02: [PUT] Cotação atualizada com sucesso: {
30/07/2026 10:38:02:   id_cotacao: 18206,
30/07/2026 10:38:02:   cotacao: 'Q6394044',
30/07/2026 10:38:02:   id_qldd: null,
30/07/2026 10:38:02:   anotacao: 'Tarefa: E001 - PME - 51.826.824/0001-56 | Fila: CPC - PME',
30/07/2026 10:38:02:   status: 'pendente-maratona',
30/07/2026 10:38:02:   data_de_criacao: '30/07/2026 10:36',
30/07/2026 10:38:02:   data_da_ultima_atualizacao: '30/07/2026 10:38',
30/07/2026 10:38:02:   usuario_login: 'tuany.marques.3',
30/07/2026 10:38:02:   validacao: 'Ativo',
30/07/2026 10:38:02:   usuario_id: '196',
30/07/2026 10:38:02:   tarefa: '22897776',
30/07/2026 10:38:02:   origem: 'r_000250',
30/07/2026 10:38:02:   data_historico: 2026-07-30T01:00:25.000Z
30/07/2026 10:38:02: }
30/07/2026 10:38:26: [PUT] Atualizando cotação: 22895404
30/07/2026 10:38:26: [PUT] Usuário: tuany.marques.3
30/07/2026 10:38:26: [PUT] Dados recebidos: {
30/07/2026 10:38:26:   anotacao: undefined,
30/07/2026 10:38:26:   status: 'pendente-maratona',
30/07/2026 10:38:26:   auditoria_anotacao: undefined,
30/07/2026 10:38:26:   auditoria_status: undefined
30/07/2026 10:38:26: }
30/07/2026 10:38:26: [PUT] Linhas afetadas: 1
30/07/2026 10:38:26: [PUT] Cotação atualizada com sucesso: {
30/07/2026 10:38:26:   id_cotacao: 18137,
30/07/2026 10:38:26:   cotacao: 'Q6392261',
30/07/2026 10:38:26:   id_qldd: null,
30/07/2026 10:38:26:   anotacao: 'Tarefa: E001 - PME - 00.338.727/0001-83 | Fila: CPC - PME',
30/07/2026 10:38:26:   status: 'pendente-maratona',
30/07/2026 10:38:26:   data_de_criacao: '30/07/2026 09:39',
30/07/2026 10:38:26:   data_da_ultima_atualizacao: '30/07/2026 10:38',
30/07/2026 10:38:26:   usuario_login: 'tuany.marques.3',
30/07/2026 10:38:26:   validacao: 'Ativo',
30/07/2026 10:38:26:   usuario_id: '143',
30/07/2026 10:38:26:   tarefa: '22895404',
30/07/2026 10:38:26:   origem: 'r_000250',
30/07/2026 10:38:26:   data_historico: 2026-07-29T16:40:01.000Z
30/07/2026 10:38:26: }
30/07/2026 10:39:05: [PUT] Atualizando cotação: 22897949
30/07/2026 10:39:05: [PUT] Usuário: tuany.marques.3
30/07/2026 10:39:05: [PUT] Dados recebidos: {
30/07/2026 10:39:05:   anotacao: undefined,
30/07/2026 10:39:05:   status: 'pendente-maratona',
30/07/2026 10:39:05:   auditoria_anotacao: undefined,
30/07/2026 10:39:05:   auditoria_status: undefined
30/07/2026 10:39:05: }
30/07/2026 10:39:05: [PUT] Linhas afetadas: 1
30/07/2026 10:39:05: [PUT] Cotação atualizada com sucesso: {
30/07/2026 10:39:05:   id_cotacao: 18211,
30/07/2026 10:39:05:   cotacao: 'Q6391791',
30/07/2026 10:39:05:   id_qldd: null,
30/07/2026 10:39:05:   anotacao: 'Tarefa: E001 - PME - 60.120.215/0001-78 | Fila: CPC - PME',
30/07/2026 10:39:05:   status: 'pendente-maratona',
30/07/2026 10:39:05:   data_de_criacao: '30/07/2026 10:38',
30/07/2026 10:39:05:   data_da_ultima_atualizacao: '30/07/2026 10:39',
30/07/2026 10:39:05:   usuario_login: 'tuany.marques.3',
30/07/2026 10:39:05:   validacao: 'Ativo',
30/07/2026 10:39:05:   usuario_id: '196',
30/07/2026 10:39:05:   tarefa: '22897949',
30/07/2026 10:39:05:   origem: 'r_000250',
30/07/2026 10:39:05:   data_historico: 2026-07-30T11:43:12.000Z
30/07/2026 10:39:05: }
30/07/2026 10:39:19: [PUT] Atualizando cotação: 22894837
30/07/2026 10:39:19: [PUT] Usuário: tuany.marques.3
30/07/2026 10:39:19: [PUT] Dados recebidos: {
30/07/2026 10:39:19:   anotacao: undefined,
30/07/2026 10:39:19:   status: 'pendente-maratona',
30/07/2026 10:39:19:   auditoria_anotacao: undefined,
30/07/2026 10:39:19:   auditoria_status: undefined
30/07/2026 10:39:19: }
30/07/2026 10:39:19: [PUT] Linhas afetadas: 1
30/07/2026 10:39:19: [PUT] Cotação atualizada com sucesso: {
30/07/2026 10:39:19:   id_cotacao: 18045,
30/07/2026 10:39:19:   cotacao: 'Q6383708',
30/07/2026 10:39:19:   id_qldd: null,
30/07/2026 10:39:19:   anotacao: 'Tarefa: E001 - PME - 29.553.609/0001-70 | Fila: CPC - PME',
30/07/2026 10:39:19:   status: 'pendente-maratona',
30/07/2026 10:39:19:   data_de_criacao: '30/07/2026 08:46',
30/07/2026 10:39:19:   data_da_ultima_atualizacao: '30/07/2026 10:39',
30/07/2026 10:39:19:   usuario_login: 'tuany.marques.3',
30/07/2026 10:39:19:   validacao: 'Ativo',
30/07/2026 10:39:19:   usuario_id: '147',
30/07/2026 10:39:19:   tarefa: '22894837',
30/07/2026 10:39:19:   origem: 'r_000250',
30/07/2026 10:39:19:   data_historico: 2026-07-29T14:49:12.000Z
30/07/2026 10:39:19: }
30/07/2026 10:39:53: [PUT] Atualizando cotação: 22896671
30/07/2026 10:39:53: [PUT] Usuário: tuany.marques.3
30/07/2026 10:39:53: [PUT] Dados recebidos: {
30/07/2026 10:39:53:   anotacao: undefined,
30/07/2026 10:39:53:   status: 'pendente-maratona',
30/07/2026 10:39:53:   auditoria_anotacao: undefined,
30/07/2026 10:39:53:   auditoria_status: undefined
30/07/2026 10:39:53: }
30/07/2026 10:39:53: [PUT] Linhas afetadas: 1
30/07/2026 10:39:53: [PUT] Cotação atualizada com sucesso: {
30/07/2026 10:39:53:   id_cotacao: 18212,
30/07/2026 10:39:53:   cotacao: 'Q6392749',
30/07/2026 10:39:53:   id_qldd: null,
30/07/2026 10:39:53:   anotacao: 'Tarefa: E001 - PME - 54.911.018/0007-60 | Fila: CPC - PME',
30/07/2026 10:39:53:   status: 'pendente-maratona',
30/07/2026 10:39:53:   data_de_criacao: '30/07/2026 10:39',
30/07/2026 10:39:53:   data_da_ultima_atualizacao: '30/07/2026 10:39',
30/07/2026 10:39:53:   usuario_login: 'tuany.marques.3',
30/07/2026 10:39:53:   validacao: 'Ativo',
30/07/2026 10:39:53:   usuario_id: '196',
30/07/2026 10:39:53:   tarefa: '22896671',
30/07/2026 10:39:53:   origem: 'r_000250',
30/07/2026 10:39:53:   data_historico: 2026-07-29T19:34:33.000Z
30/07/2026 10:39:53: }
30/07/2026 10:40:13: [PUT] Atualizando cotação: 22895281
30/07/2026 10:40:13: [PUT] Usuário: eduardo.jesus.3
30/07/2026 10:40:13: [PUT] Dados recebidos: {
30/07/2026 10:40:13:   anotacao: undefined,
30/07/2026 10:40:13:   status: 'aprovado',
30/07/2026 10:40:13:   auditoria_anotacao: undefined,
30/07/2026 10:40:13:   auditoria_status: undefined
30/07/2026 10:40:13: }
30/07/2026 10:40:13: [PUT] Linhas afetadas: 1
30/07/2026 10:40:13: [PUT] Cotação atualizada com sucesso: {
30/07/2026 10:40:13:   id_cotacao: 18120,
30/07/2026 10:40:13:   cotacao: 'Q6392531',
30/07/2026 10:40:13:   id_qldd: null,
30/07/2026 10:40:13:   anotacao: 'Tarefa: E001 - PME - 21.083.640/0001-82 | Fila: CPC - PME',
30/07/2026 10:40:13:   status: 'aprovado',
30/07/2026 10:40:13:   data_de_criacao: '30/07/2026 09:36',
30/07/2026 10:40:13:   data_da_ultima_atualizacao: '30/07/2026 10:40',
30/07/2026 10:40:13:   usuario_login: 'tuany.marques.3',
30/07/2026 10:40:13:   validacao: 'Ativo',
30/07/2026 10:40:13:   usuario_id: '200',
30/07/2026 10:40:13:   tarefa: '22895281',
30/07/2026 10:40:13:   origem: 'r_000250',
30/07/2026 10:40:13:   data_historico: 2026-07-29T16:04:31.000Z
30/07/2026 10:40:13: }
30/07/2026 10:40:17: [PUT] Atualizando cotação: 22895281
30/07/2026 10:40:17: [PUT] Usuário: eduardo.jesus.3
30/07/2026 10:40:17: [PUT] Dados recebidos: {
30/07/2026 10:40:17:   anotacao: 'aprovado',
30/07/2026 10:40:17:   status: 'aprovado',
30/07/2026 10:40:17:   auditoria_anotacao: '',
30/07/2026 10:40:17:   auditoria_status: ''
30/07/2026 10:40:17: }
30/07/2026 10:40:17: [PUT] Linhas afetadas: 1
30/07/2026 10:40:17: [PUT] Cotação atualizada com sucesso: {
30/07/2026 10:40:17:   id_cotacao: 18120,
30/07/2026 10:40:17:   cotacao: 'Q6392531',
30/07/2026 10:40:17:   id_qldd: null,
30/07/2026 10:40:17:   anotacao: 'aprovado',
30/07/2026 10:40:17:   status: 'aprovado',
30/07/2026 10:40:17:   data_de_criacao: '30/07/2026 09:36',
30/07/2026 10:40:17:   data_da_ultima_atualizacao: '30/07/2026 10:40',
30/07/2026 10:40:17:   usuario_login: 'tuany.marques.3',
30/07/2026 10:40:17:   validacao: 'Ativo',
30/07/2026 10:40:17:   usuario_id: '200',
30/07/2026 10:40:17:   tarefa: '22895281',
30/07/2026 10:40:17:   origem: 'r_000250',
30/07/2026 10:40:17:   data_historico: 2026-07-29T16:04:31.000Z
30/07/2026 10:40:17: }
30/07/2026 10:41:22: [PUT] Atualizando cotação: 22895432
30/07/2026 10:41:22: [PUT] Usuário: eder.fernandes.3
30/07/2026 10:41:22: [PUT] Dados recebidos: {
30/07/2026 10:41:22:   anotacao: 'Tarefa: E001 - PME - 17.877.334/0005-74 | Fila: CPC - PME\n' +
30/07/2026 10:41:22:     '\n' +
30/07/2026 10:41:22:     'Por gentileza, corrigir o item abaixo:\n' +
30/07/2026 10:41:22:     '\n' +
30/07/2026 10:41:22:     '1- A quantidade de administradores da conta do TCPJ diverge do que foi informado no CPC. (Todos os documentos que possuir a mesma informação devem ser corrigidos, caso necessite também de correção). **Quantidade de administrador (ADM)**\n' +
30/07/2026 10:41:22:     '\n' +
30/07/2026 10:41:22:     'Cotação Reprovada\n',
30/07/2026 10:41:22:   status: 'pendente',
30/07/2026 10:41:22:   auditoria_anotacao: '',
30/07/2026 10:41:22:   auditoria_status: ''
30/07/2026 10:41:22: }
30/07/2026 10:41:22: [PUT] Linhas afetadas: 1
30/07/2026 10:41:22: [PUT] Cotação atualizada com sucesso: {
30/07/2026 10:41:22:   id_cotacao: 18141,
30/07/2026 10:41:22:   cotacao: 'Q6390744',
30/07/2026 10:41:22:   id_qldd: null,
30/07/2026 10:41:22:   anotacao: 'Tarefa: E001 - PME - 17.877.334/0005-74 | Fila: CPC - PME\n' +
30/07/2026 10:41:22:     '\n' +
30/07/2026 10:41:22:     'Por gentileza, corrigir o item abaixo:\n' +
30/07/2026 10:41:22:     '\n' +
30/07/2026 10:41:22:     '1- A quantidade de administradores da conta do TCPJ diverge do que foi informado no CPC. (Todos os documentos que possuir a mesma informação devem ser corrigidos, caso necessite também de correção). **Quantidade de administrador (ADM)**\n' +
30/07/2026 10:41:22:     '\n' +
30/07/2026 10:41:22:     'Cotação Reprovada\n',
30/07/2026 10:41:22:   status: 'pendente',
30/07/2026 10:41:22:   data_de_criacao: '30/07/2026 09:39',
30/07/2026 10:41:22:   data_da_ultima_atualizacao: '30/07/2026 10:41',
30/07/2026 10:41:22:   usuario_login: 'tuany.marques.3',
30/07/2026 10:41:22:   validacao: 'Ativo',
30/07/2026 10:41:22:   usuario_id: '129',
30/07/2026 10:41:22:   tarefa: '22895432',
30/07/2026 10:41:22:   origem: 'r_000250',
30/07/2026 10:41:22:   data_historico: 2026-07-29T16:45:39.000Z
30/07/2026 10:41:22: }
30/07/2026 10:41:28: [PUT] Atualizando cotação: 22895432
30/07/2026 10:41:28: [PUT] Usuário: eder.fernandes.3
30/07/2026 10:41:28: [PUT] Dados recebidos: {
30/07/2026 10:41:28:   anotacao: undefined,
30/07/2026 10:41:28:   status: 'reprovado',
30/07/2026 10:41:28:   auditoria_anotacao: undefined,
30/07/2026 10:41:28:   auditoria_status: undefined
30/07/2026 10:41:28: }
30/07/2026 10:41:28: [PUT] Linhas afetadas: 1
30/07/2026 10:41:28: [PUT] Cotação atualizada com sucesso: {
30/07/2026 10:41:28:   id_cotacao: 18141,
30/07/2026 10:41:28:   cotacao: 'Q6390744',
30/07/2026 10:41:28:   id_qldd: null,
30/07/2026 10:41:28:   anotacao: 'Tarefa: E001 - PME - 17.877.334/0005-74 | Fila: CPC - PME\n' +
30/07/2026 10:41:28:     '\n' +
30/07/2026 10:41:28:     'Por gentileza, corrigir o item abaixo:\n' +
30/07/2026 10:41:28:     '\n' +
30/07/2026 10:41:28:     '1- A quantidade de administradores da conta do TCPJ diverge do que foi informado no CPC. (Todos os documentos que possuir a mesma informação devem ser corrigidos, caso necessite também de correção). **Quantidade de administrador (ADM)**\n' +
30/07/2026 10:41:28:     '\n' +
30/07/2026 10:41:28:     'Cotação Reprovada\n',
30/07/2026 10:41:28:   status: 'reprovado',
30/07/2026 10:41:28:   data_de_criacao: '30/07/2026 09:39',
30/07/2026 10:41:28:   data_da_ultima_atualizacao: '30/07/2026 10:41',
30/07/2026 10:41:28:   usuario_login: 'tuany.marques.3',
30/07/2026 10:41:28:   validacao: 'Ativo',
30/07/2026 10:41:28:   usuario_id: '129',
30/07/2026 10:41:28:   tarefa: '22895432',
30/07/2026 10:41:28:   origem: 'r_000250',
30/07/2026 10:41:28:   data_historico: 2026-07-29T16:45:39.000Z
30/07/2026 10:41:28: }
30/07/2026 10:41:34: [PUT] Atualizando cotação: 22895566
30/07/2026 10:41:34: [PUT] Usuário: gustavo.sanches
30/07/2026 10:41:34: [PUT] Dados recebidos: {
30/07/2026 10:41:34:   anotacao: undefined,
30/07/2026 10:41:34:   status: 'aprovado',
30/07/2026 10:41:34:   auditoria_anotacao: undefined,
30/07/2026 10:41:34:   auditoria_status: undefined
30/07/2026 10:41:34: }
30/07/2026 10:41:34: [PUT] Linhas afetadas: 1
30/07/2026 10:41:34: [PUT] Cotação atualizada com sucesso: {
30/07/2026 10:41:34:   id_cotacao: 18092,
30/07/2026 10:41:34:   cotacao: 'Q6392491',
30/07/2026 10:41:34:   id_qldd: null,
30/07/2026 10:41:34:   anotacao: 'Tarefa: E001 - PME - 60.079.869/0001-03 | Fila: CPC - PME',
30/07/2026 10:41:34:   status: 'aprovado',
30/07/2026 10:41:34:   data_de_criacao: '30/07/2026 08:54',
30/07/2026 10:41:34:   data_da_ultima_atualizacao: '30/07/2026 10:41',
30/07/2026 10:41:34:   usuario_login: 'gustavo.sanches',
30/07/2026 10:41:34:   validacao: 'Ativo',
30/07/2026 10:41:34:   usuario_id: '134',
30/07/2026 10:41:34:   tarefa: '22895566',
30/07/2026 10:41:34:   origem: 'r_000250',
30/07/2026 10:41:34:   data_historico: 2026-07-29T17:07:42.000Z
30/07/2026 10:41:34: }
30/07/2026 10:41:46: [PUT] Atualizando cotação: 22895687
30/07/2026 10:41:46: [PUT] Usuário: tuany.marques.3
30/07/2026 10:41:46: [PUT] Dados recebidos: {
30/07/2026 10:41:46:   anotacao: undefined,
30/07/2026 10:41:46:   status: 'pendente-maratona',
30/07/2026 10:41:46:   auditoria_anotacao: undefined,
30/07/2026 10:41:46:   auditoria_status: undefined
30/07/2026 10:41:46: }
30/07/2026 10:41:46: [PUT] Linhas afetadas: 1
30/07/2026 10:41:46: [PUT] Cotação atualizada com sucesso: {
30/07/2026 10:41:46:   id_cotacao: 18194,
30/07/2026 10:41:46:   cotacao: 'Q6392025',
30/07/2026 10:41:46:   id_qldd: null,
30/07/2026 10:41:46:   anotacao: 'Tarefa: E001 - PME - 05.396.467/0002-05 | Fila: CPC - PME',
30/07/2026 10:41:46:   status: 'pendente-maratona',
30/07/2026 10:41:46:   data_de_criacao: '30/07/2026 10:08',
30/07/2026 10:41:46:   data_da_ultima_atualizacao: '30/07/2026 10:41',
30/07/2026 10:41:46:   usuario_login: 'elcler.modesto',
30/07/2026 10:41:46:   validacao: 'Ativo',
30/07/2026 10:41:46:   usuario_id: '136',
30/07/2026 10:41:46:   tarefa: '22895687',
30/07/2026 10:41:46:   origem: 'r_000250',
30/07/2026 10:41:46:   data_historico: 2026-07-29T17:29:12.000Z
30/07/2026 10:41:46: }
30/07/2026 10:42:35: [PUT] Atualizando cotação: 22896403
30/07/2026 10:42:35: [PUT] Usuário: tuany.marques.3
30/07/2026 10:42:35: [PUT] Dados recebidos: {
30/07/2026 10:42:35:   anotacao: undefined,
30/07/2026 10:42:35:   status: 'pendente-maratona',
30/07/2026 10:42:35:   auditoria_anotacao: undefined,
30/07/2026 10:42:35:   auditoria_status: undefined
30/07/2026 10:42:35: }
30/07/2026 10:42:35: [PUT] Linhas afetadas: 1
30/07/2026 10:42:35: [PUT] Cotação atualizada com sucesso: {
30/07/2026 10:42:35:   id_cotacao: 18214,
30/07/2026 10:42:35:   cotacao: 'Q6392665',
30/07/2026 10:42:35:   id_qldd: null,
30/07/2026 10:42:35:   anotacao: 'Tarefa: E001 - PME - 18.313.334/0001-80 | Fila: CPC - PME',
30/07/2026 10:42:35:   status: 'pendente-maratona',
30/07/2026 10:42:35:   data_de_criacao: '30/07/2026 10:41',
30/07/2026 10:42:35:   data_da_ultima_atualizacao: '30/07/2026 10:42',
30/07/2026 10:42:35:   usuario_login: 'tuany.marques.3',
30/07/2026 10:42:35:   validacao: 'Ativo',
30/07/2026 10:42:35:   usuario_id: '196',
30/07/2026 10:42:35:   tarefa: '22896403',
30/07/2026 10:42:35:   origem: 'r_000250',
30/07/2026 10:42:35:   data_historico: 2026-07-29T19:00:53.000Z
30/07/2026 10:42:35: }
30/07/2026 10:42:42: [PUT] Atualizando cotação: 22896482
30/07/2026 10:42:42: [PUT] Usuário: tuany.marques.3
30/07/2026 10:42:42: [PUT] Dados recebidos: {
30/07/2026 10:42:42:   anotacao: undefined,
30/07/2026 10:42:42:   status: 'pendente-maratona',
30/07/2026 10:42:42:   auditoria_anotacao: undefined,
30/07/2026 10:42:42:   auditoria_status: undefined
30/07/2026 10:42:42: }
30/07/2026 10:42:42: [PUT] Linhas afetadas: 1
30/07/2026 10:42:42: [PUT] Cotação atualizada com sucesso: {
30/07/2026 10:42:42:   id_cotacao: 18213,
30/07/2026 10:42:42:   cotacao: 'Q6392393',
30/07/2026 10:42:42:   id_qldd: null,
30/07/2026 10:42:42:   anotacao: 'Tarefa: E001 - PME - 03.580.670/0001-12 | Fila: CPC - PME',
30/07/2026 10:42:42:   status: 'pendente-maratona',
30/07/2026 10:42:42:   data_de_criacao: '30/07/2026 10:41',
30/07/2026 10:42:42:   data_da_ultima_atualizacao: '30/07/2026 10:42',
30/07/2026 10:42:42:   usuario_login: 'tuany.marques.3',
30/07/2026 10:42:42:   validacao: 'Ativo',
30/07/2026 10:42:42:   usuario_id: '196',
30/07/2026 10:42:42:   tarefa: '22896482',
30/07/2026 10:42:42:   origem: 'r_000250',
30/07/2026 10:42:42:   data_historico: 2026-07-29T19:09:45.000Z
30/07/2026 10:42:42: }
30/07/2026 10:43:02: [PUT] Atualizando cotação: 22894444
30/07/2026 10:43:02: [PUT] Usuário: luiza.franco.3
30/07/2026 10:43:02: [PUT] Dados recebidos: {
30/07/2026 10:43:02:   anotacao: '> Os SVA PJ Pacote Mobilidade Combo Comtemplados ao cliente na franquia Claro pós 25 GB e Claro pós 10 GB presente no TCPJ e na tabela vigente na Intranet na data de assinatura do termo não refletiu na Cotação detalhada. OBS: Todas as informações relacionadas as franquias contratadas, como valores, bônus, módulos, entre outros devem estar de acordo entre as documentações e com os planos vigentes da Intranet na data de assinatura do TCPJ.\n',
30/07/2026 10:43:02:   status: 'pendente',
30/07/2026 10:43:02:   auditoria_anotacao: '',
30/07/2026 10:43:02:   auditoria_status: ''
30/07/2026 10:43:02: }
30/07/2026 10:43:02: [PUT] Linhas afetadas: 1
30/07/2026 10:43:02: [PUT] Cotação atualizada com sucesso: {
30/07/2026 10:43:02:   id_cotacao: 17949,
30/07/2026 10:43:02:   cotacao: 'Q6377020',
30/07/2026 10:43:02:   id_qldd: null,
30/07/2026 10:43:02:   anotacao: '> Os SVA PJ Pacote Mobilidade Combo Comtemplados ao cliente na franquia Claro pós 25 GB e Claro pós 10 GB presente no TCPJ e na tabela vigente na Intranet na data de assinatura do termo não refletiu na Cotação detalhada. OBS: Todas as informações relacionadas as franquias contratadas, como valores, bônus, módulos, entre outros devem estar de acordo entre as documentações e com os planos vigentes da Intranet na data de assinatura do TCPJ.\n',
30/07/2026 10:43:02:   status: 'pendente',
30/07/2026 10:43:02:   data_de_criacao: '30/07/2026 07:33',
30/07/2026 10:43:02:   data_da_ultima_atualizacao: '30/07/2026 10:43',
30/07/2026 10:43:02:   usuario_login: 'tuany.marques.3',
30/07/2026 10:43:02:   validacao: 'Ativo',
30/07/2026 10:43:02:   usuario_id: '140',
30/07/2026 10:43:02:   tarefa: '22894444',
30/07/2026 10:43:02:   origem: 'r_000250',
30/07/2026 10:43:02:   data_historico: 2026-07-29T13:53:25.000Z
30/07/2026 10:43:02: }
30/07/2026 10:43:15: [PUT] Atualizando cotação: 22894444
30/07/2026 10:43:15: [PUT] Usuário: luiza.franco.3
30/07/2026 10:43:15: [PUT] Dados recebidos: {
30/07/2026 10:43:15:   anotacao: undefined,
30/07/2026 10:43:15:   status: 'reprovado',
30/07/2026 10:43:15:   auditoria_anotacao: undefined,
30/07/2026 10:43:15:   auditoria_status: undefined
30/07/2026 10:43:15: }
30/07/2026 10:43:15: [PUT] Linhas afetadas: 1
30/07/2026 10:43:15: [PUT] Cotação atualizada com sucesso: {
30/07/2026 10:43:15:   id_cotacao: 17949,
30/07/2026 10:43:15:   cotacao: 'Q6377020',
30/07/2026 10:43:15:   id_qldd: null,
30/07/2026 10:43:15:   anotacao: '> Os SVA PJ Pacote Mobilidade Combo Comtemplados ao cliente na franquia Claro pós 25 GB e Claro pós 10 GB presente no TCPJ e na tabela vigente na Intranet na data de assinatura do termo não refletiu na Cotação detalhada. OBS: Todas as informações relacionadas as franquias contratadas, como valores, bônus, módulos, entre outros devem estar de acordo entre as documentações e com os planos vigentes da Intranet na data de assinatura do TCPJ.\n',
30/07/2026 10:43:15:   status: 'reprovado',
30/07/2026 10:43:15:   data_de_criacao: '30/07/2026 07:33',
30/07/2026 10:43:15:   data_da_ultima_atualizacao: '30/07/2026 10:43',
30/07/2026 10:43:15:   usuario_login: 'tuany.marques.3',
30/07/2026 10:43:15:   validacao: 'Ativo',
30/07/2026 10:43:15:   usuario_id: '140',
30/07/2026 10:43:15:   tarefa: '22894444',
30/07/2026 10:43:15:   origem: 'r_000250',
30/07/2026 10:43:15:   data_historico: 2026-07-29T13:53:25.000Z
30/07/2026 10:43:15: }
30/07/2026 10:43:52: [PUT] Atualizando cotação: 22895859
30/07/2026 10:43:52: [PUT] Usuário: tuany.marques.3
30/07/2026 10:43:52: [PUT] Dados recebidos: {
30/07/2026 10:43:52:   anotacao: undefined,
30/07/2026 10:43:52:   status: 'pendente-maratona',
30/07/2026 10:43:52:   auditoria_anotacao: undefined,
30/07/2026 10:43:52:   auditoria_status: undefined
30/07/2026 10:43:52: }
30/07/2026 10:43:52: [PUT] Linhas afetadas: 1
30/07/2026 10:43:52: [PUT] Cotação atualizada com sucesso: {
30/07/2026 10:43:52:   id_cotacao: 18215,
30/07/2026 10:43:52:   cotacao: 'Q6392178',
30/07/2026 10:43:52:   id_qldd: null,
30/07/2026 10:43:52:   anotacao: 'Tarefa: E001 - PME - 20.168.708/0001-63 | Fila: CPC - PME',
30/07/2026 10:43:52:   status: 'pendente-maratona',
30/07/2026 10:43:52:   data_de_criacao: '30/07/2026 10:43',
30/07/2026 10:43:52:   data_da_ultima_atualizacao: '30/07/2026 10:43',
30/07/2026 10:43:52:   usuario_login: 'tuany.marques.3',
30/07/2026 10:43:52:   validacao: 'Ativo',
30/07/2026 10:43:52:   usuario_id: '156',
30/07/2026 10:43:52:   tarefa: '22895859',
30/07/2026 10:43:52:   origem: 'r_000250',
30/07/2026 10:43:52:   data_historico: 2026-07-29T17:55:41.000Z
30/07/2026 10:43:52: }
30/07/2026 10:44:32: [PUT] Atualizando cotação: 22895433
30/07/2026 10:44:32: [PUT] Usuário: eder.fernandes.3
30/07/2026 10:44:32: [PUT] Dados recebidos: {
30/07/2026 10:44:32:   anotacao: undefined,
30/07/2026 10:44:32:   status: 'aprovado',
30/07/2026 10:44:32:   auditoria_anotacao: undefined,
30/07/2026 10:44:32:   auditoria_status: undefined
30/07/2026 10:44:32: }
30/07/2026 10:44:32: [PUT] Linhas afetadas: 1
30/07/2026 10:44:32: [PUT] Cotação atualizada com sucesso: {
30/07/2026 10:44:32:   id_cotacao: 18142,
30/07/2026 10:44:32:   cotacao: 'Q6387145',
30/07/2026 10:44:32:   id_qldd: null,
30/07/2026 10:44:32:   anotacao: 'Tarefa: E001 - PME - 95.097.945/0001-80 | Fila: CPC - PME',
30/07/2026 10:44:32:   status: 'aprovado',
30/07/2026 10:44:32:   data_de_criacao: '30/07/2026 09:39',
30/07/2026 10:44:32:   data_da_ultima_atualizacao: '30/07/2026 10:44',
30/07/2026 10:44:32:   usuario_login: 'tuany.marques.3',
30/07/2026 10:44:32:   validacao: 'Ativo',
30/07/2026 10:44:32:   usuario_id: '129',
30/07/2026 10:44:32:   tarefa: '22895433',
30/07/2026 10:44:32:   origem: 'r_000250',
30/07/2026 10:44:32:   data_historico: 2026-07-29T16:46:07.000Z
30/07/2026 10:44:32: }
30/07/2026 10:46:25: [PUT] Atualizando cotação: 22895291
30/07/2026 10:46:25: [PUT] Usuário: eduardo.jesus.3
30/07/2026 10:46:25: [PUT] Dados recebidos: {
30/07/2026 10:46:25:   anotacao: undefined,
30/07/2026 10:46:25:   status: 'aprovado',
30/07/2026 10:46:25:   auditoria_anotacao: undefined,
30/07/2026 10:46:25:   auditoria_status: undefined
30/07/2026 10:46:25: }
30/07/2026 10:46:25: [PUT] Linhas afetadas: 1
30/07/2026 10:46:25: [PUT] Cotação atualizada com sucesso: {
30/07/2026 10:46:25:   id_cotacao: 18121,
30/07/2026 10:46:25:   cotacao: 'Q6392529',
30/07/2026 10:46:25:   id_qldd: null,
30/07/2026 10:46:25:   anotacao: 'Tarefa: E001 - PME - 60.597.044/0001-72 | Fila: CPC - PME',
30/07/2026 10:46:25:   status: 'aprovado',
30/07/2026 10:46:25:   data_de_criacao: '30/07/2026 09:36',
30/07/2026 10:46:25:   data_da_ultima_atualizacao: '30/07/2026 10:46',
30/07/2026 10:46:25:   usuario_login: 'tuany.marques.3',
30/07/2026 10:46:25:   validacao: 'Ativo',
30/07/2026 10:46:25:   usuario_id: '200',
30/07/2026 10:46:25:   tarefa: '22895291',
30/07/2026 10:46:25:   origem: 'r_000250',
30/07/2026 10:46:25:   data_historico: 2026-07-29T16:06:56.000Z
30/07/2026 10:46:25: }
30/07/2026 10:46:29: [PUT] Atualizando cotação: 22895291
30/07/2026 10:46:29: [PUT] Usuário: eduardo.jesus.3
30/07/2026 10:46:29: [PUT] Dados recebidos: {
30/07/2026 10:46:29:   anotacao: 'aprovado',
30/07/2026 10:46:29:   status: 'aprovado',
30/07/2026 10:46:29:   auditoria_anotacao: '',
30/07/2026 10:46:29:   auditoria_status: ''
30/07/2026 10:46:29: }
30/07/2026 10:46:29: [PUT] Linhas afetadas: 1
30/07/2026 10:46:29: [PUT] Cotação atualizada com sucesso: {
30/07/2026 10:46:29:   id_cotacao: 18121,
30/07/2026 10:46:29:   cotacao: 'Q6392529',
30/07/2026 10:46:29:   id_qldd: null,
30/07/2026 10:46:29:   anotacao: 'aprovado',
30/07/2026 10:46:29:   status: 'aprovado',
30/07/2026 10:46:29:   data_de_criacao: '30/07/2026 09:36',
30/07/2026 10:46:29:   data_da_ultima_atualizacao: '30/07/2026 10:46',
30/07/2026 10:46:29:   usuario_login: 'tuany.marques.3',
30/07/2026 10:46:29:   validacao: 'Ativo',
30/07/2026 10:46:29:   usuario_id: '200',
30/07/2026 10:46:29:   tarefa: '22895291',
30/07/2026 10:46:29:   origem: 'r_000250',
30/07/2026 10:46:29:   data_historico: 2026-07-29T16:06:56.000Z
30/07/2026 10:46:29: }
30/07/2026 10:46:35: [PUT] Atualizando cotação: 22896599
30/07/2026 10:46:35: [PUT] Usuário: tuany.marques.3
30/07/2026 10:46:35: [PUT] Dados recebidos: {
30/07/2026 10:46:35:   anotacao: undefined,
30/07/2026 10:46:35:   status: 'pendente-maratona',
30/07/2026 10:46:35:   auditoria_anotacao: undefined,
30/07/2026 10:46:35:   auditoria_status: undefined
30/07/2026 10:46:35: }
30/07/2026 10:46:35: [PUT] Linhas afetadas: 1
30/07/2026 10:46:35: [PUT] Cotação atualizada com sucesso: {
30/07/2026 10:46:35:   id_cotacao: 18216,
30/07/2026 10:46:35:   cotacao: 'Q6385995',
30/07/2026 10:46:35:   id_qldd: null,
30/07/2026 10:46:35:   anotacao: 'Tarefa: E001 - PME - 05.617.589/0001-95 | Fila: CPC - PME',
30/07/2026 10:46:35:   status: 'pendente-maratona',
30/07/2026 10:46:35:   data_de_criacao: '30/07/2026 10:46',
30/07/2026 10:46:35:   data_da_ultima_atualizacao: '30/07/2026 10:46',
30/07/2026 10:46:35:   usuario_login: 'tuany.marques.3',
30/07/2026 10:46:35:   validacao: 'Ativo',
30/07/2026 10:46:35:   usuario_id: '156',
30/07/2026 10:46:35:   tarefa: '22896599',
30/07/2026 10:46:35:   origem: 'r_000250',
30/07/2026 10:46:35:   data_historico: 2026-07-29T19:24:56.000Z
30/07/2026 10:46:35: }
30/07/2026 10:46:58: [PUT] Atualizando cotação: 22894885
30/07/2026 10:46:58: [PUT] Usuário: tuany.marques.3
30/07/2026 10:46:58: [PUT] Dados recebidos: {
30/07/2026 10:46:58:   anotacao: undefined,
30/07/2026 10:46:58:   status: 'pendente-maratona',
30/07/2026 10:46:58:   auditoria_anotacao: undefined,
30/07/2026 10:46:58:   auditoria_status: undefined
30/07/2026 10:46:58: }
30/07/2026 10:46:58: [PUT] Linhas afetadas: 1
30/07/2026 10:46:58: [PUT] Cotação atualizada com sucesso: {
30/07/2026 10:46:58:   id_cotacao: 18057,
30/07/2026 10:46:58:   cotacao: 'Q6386487',
30/07/2026 10:46:58:   id_qldd: null,
30/07/2026 10:46:58:   anotacao: 'Tarefa: E001 - PME - 10.442.495/0001-62 | Fila: CPC - PME',
30/07/2026 10:46:58:   status: 'pendente-maratona',
30/07/2026 10:46:58:   data_de_criacao: '30/07/2026 08:46',
30/07/2026 10:46:58:   data_da_ultima_atualizacao: '30/07/2026 10:46',
30/07/2026 10:46:58:   usuario_login: 'tuany.marques.3',
30/07/2026 10:46:58:   validacao: 'Ativo',
30/07/2026 10:46:58:   usuario_id: '150',
30/07/2026 10:46:58:   tarefa: '22894885',
30/07/2026 10:46:58:   origem: 'r_000250',
30/07/2026 10:46:58:   data_historico: 2026-07-29T14:53:50.000Z
30/07/2026 10:46:58: }
30/07/2026 10:47:27: [PUT] Atualizando cotação: 22897226
30/07/2026 10:47:27: [PUT] Usuário: tuany.marques.3
30/07/2026 10:47:27: [PUT] Dados recebidos: {
30/07/2026 10:47:27:   anotacao: undefined,
30/07/2026 10:47:27:   status: 'pendente-maratona',
30/07/2026 10:47:27:   auditoria_anotacao: undefined,
30/07/2026 10:47:27:   auditoria_status: undefined
30/07/2026 10:47:27: }
30/07/2026 10:47:27: [PUT] Linhas afetadas: 1
30/07/2026 10:47:27: [PUT] Cotação atualizada com sucesso: {
30/07/2026 10:47:27:   id_cotacao: 18217,
30/07/2026 10:47:27:   cotacao: 'Q6393426',
30/07/2026 10:47:27:   id_qldd: null,
30/07/2026 10:47:27:   anotacao: 'Tarefa: E001 - PME - 22.577.479/0001-66 | Fila: CPC - PME',
30/07/2026 10:47:27:   status: 'pendente-maratona',
30/07/2026 10:47:27:   data_de_criacao: '30/07/2026 10:47',
30/07/2026 10:47:27:   data_da_ultima_atualizacao: '30/07/2026 10:47',
30/07/2026 10:47:27:   usuario_login: 'tuany.marques.3',
30/07/2026 10:47:27:   validacao: 'Ativo',
30/07/2026 10:47:27:   usuario_id: '156',
30/07/2026 10:47:27:   tarefa: '22897226',
30/07/2026 10:47:27:   origem: 'r_000250',
30/07/2026 10:47:27:   data_historico: 2026-07-29T20:51:29.000Z
30/07/2026 10:47:27: }
30/07/2026 10:47:42: [PUT] Atualizando cotação: 22895372
30/07/2026 10:47:42: [PUT] Usuário: maristela.martins
30/07/2026 10:47:42: [PUT] Dados recebidos: {
30/07/2026 10:47:42:   anotacao: undefined,
30/07/2026 10:47:42:   status: 'reprovado',
30/07/2026 10:47:42:   auditoria_anotacao: undefined,
30/07/2026 10:47:42:   auditoria_status: undefined
30/07/2026 10:47:42: }
30/07/2026 10:47:42: [PUT] Linhas afetadas: 1
30/07/2026 10:47:42: [PUT] Cotação atualizada com sucesso: {
30/07/2026 10:47:42:   id_cotacao: 18133,
30/07/2026 10:47:42:   cotacao: 'Q6391777',
30/07/2026 10:47:42:   id_qldd: null,
30/07/2026 10:47:42:   anotacao: 'Tarefa: E001 - PME - 61.120.317/0001-56 | Fila: CPC - PME',
30/07/2026 10:47:42:   status: 'reprovado',
30/07/2026 10:47:42:   data_de_criacao: '30/07/2026 09:39',
30/07/2026 10:47:42:   data_da_ultima_atualizacao: '30/07/2026 10:47',
30/07/2026 10:47:42:   usuario_login: 'tuany.marques.3',
30/07/2026 10:47:42:   validacao: 'Ativo',
30/07/2026 10:47:42:   usuario_id: '143',
30/07/2026 10:47:42:   tarefa: '22895372',
30/07/2026 10:47:42:   origem: 'r_000250',
30/07/2026 10:47:42:   data_historico: 2026-07-29T16:32:13.000Z
30/07/2026 10:47:42: }
30/07/2026 10:47:48: [PUT] Atualizando cotação: 22895372
30/07/2026 10:47:48: [PUT] Usuário: maristela.martins
30/07/2026 10:47:48: [PUT] Dados recebidos: {
30/07/2026 10:47:48:   anotacao: 'Tarefa: E001 - PME - 61.120.317/0001-56 | Fila: CPC - PME\n' +
30/07/2026 10:47:48:     '\n' +
30/07/2026 10:47:48:     '> O documento CNH encaminhado não está dentro dos padrões aceitos para análise pois a partir de 01/04/2022 em que o documento do sócio enviado for a CNH, deverá ser obrigatoriamente validado o envio do QRCode nas CNH’s emitidas a partir de 01/05/2017, tanto no formato impresso, quanto digital. OBS: É necessário enviar os dois lados do documento no mesmo anexo.**Documento CNH QRCode**\n' +
30/07/2026 10:47:48:     '\n' +
30/07/2026 10:47:48:     '> A etiqueta referente à franquia contratada [10 GB] não foi enviada. É necessário enviar uma etiqueta para cada franquia.**Etiqueta Incompleta*\n' +
30/07/2026 10:47:48:     '\n' +
30/07/2026 10:47:48:     '> O valor TOTAL NEGOCIADO divergem entre cotação e TCPJ.\n',
30/07/2026 10:47:48:   status: 'reprovado',
30/07/2026 10:47:48:   auditoria_anotacao: '',
30/07/2026 10:47:48:   auditoria_status: ''
30/07/2026 10:47:48: }
30/07/2026 10:47:49: [PUT] Linhas afetadas: 1
30/07/2026 10:47:49: [PUT] Cotação atualizada com sucesso: {
30/07/2026 10:47:49:   id_cotacao: 18133,
30/07/2026 10:47:49:   cotacao: 'Q6391777',
30/07/2026 10:47:49:   id_qldd: null,
30/07/2026 10:47:49:   anotacao: 'Tarefa: E001 - PME - 61.120.317/0001-56 | Fila: CPC - PME\n' +
30/07/2026 10:47:49:     '\n' +
30/07/2026 10:47:49:     '> O documento CNH encaminhado não está dentro dos padrões aceitos para análise pois a partir de 01/04/2022 em que o documento do sócio enviado for a CNH, deverá ser obrigatoriamente validado o envio do QRCode nas CNH’s emitidas a partir de 01/05/2017, tanto no formato impresso, quanto digital. OBS: É necessário enviar os dois lados do documento no mesmo anexo.**Documento CNH QRCode**\n' +
30/07/2026 10:47:49:     '\n' +
30/07/2026 10:47:49:     '> A etiqueta referente à franquia contratada [10 GB] não foi enviada. É necessário enviar uma etiqueta para cada franquia.**Etiqueta Incompleta*\n' +
30/07/2026 10:47:49:     '\n' +
30/07/2026 10:47:49:     '> O valor TOTAL NEGOCIADO divergem entre cotação e TCPJ.\n',
30/07/2026 10:47:49:   status: 'reprovado',
30/07/2026 10:47:49:   data_de_criacao: '30/07/2026 09:39',
30/07/2026 10:47:49:   data_da_ultima_atualizacao: '30/07/2026 10:47',
30/07/2026 10:47:49:   usuario_login: 'tuany.marques.3',
30/07/2026 10:47:49:   validacao: 'Ativo',
30/07/2026 10:47:49:   usuario_id: '143',
30/07/2026 10:47:49:   tarefa: '22895372',
30/07/2026 10:47:49:   origem: 'r_000250',
30/07/2026 10:47:49:   data_historico: 2026-07-29T16:32:13.000Z
30/07/2026 10:47:49: }
30/07/2026 10:47:50: [PUT] Atualizando cotação: 22894481
30/07/2026 10:47:50: [PUT] Usuário: yasmin.santana
30/07/2026 10:47:50: [PUT] Dados recebidos: {
30/07/2026 10:47:50:   anotacao: undefined,
30/07/2026 10:47:50:   status: 'aprovado',
30/07/2026 10:47:50:   auditoria_anotacao: undefined,
30/07/2026 10:47:50:   auditoria_status: undefined
30/07/2026 10:47:50: }
30/07/2026 10:47:50: [PUT] Linhas afetadas: 1
30/07/2026 10:47:50: [PUT] Cotação atualizada com sucesso: {
30/07/2026 10:47:50:   id_cotacao: 17956,
30/07/2026 10:47:50:   cotacao: 'Q6391808',
30/07/2026 10:47:50:   id_qldd: null,
30/07/2026 10:47:50:   anotacao: 'Tarefa: E001 - PME - 26.842.590/0001-93 | Fila: CPC - PME',
30/07/2026 10:47:50:   status: 'aprovado',
30/07/2026 10:47:50:   data_de_criacao: '30/07/2026 07:33',
30/07/2026 10:47:50:   data_da_ultima_atualizacao: '30/07/2026 10:47',
30/07/2026 10:47:50:   usuario_login: 'tuany.marques.3',
30/07/2026 10:47:50:   validacao: 'Ativo',
30/07/2026 10:47:50:   usuario_id: '156',
30/07/2026 10:47:50:   tarefa: '22894481',
30/07/2026 10:47:50:   origem: 'r_000250',
30/07/2026 10:47:50:   data_historico: 2026-07-29T13:58:16.000Z
30/07/2026 10:47:50: }
30/07/2026 10:47:53: [PUT] Atualizando cotação: 22896883
30/07/2026 10:47:53: [PUT] Usuário: tuany.marques.3
30/07/2026 10:47:53: [PUT] Dados recebidos: {
30/07/2026 10:47:53:   anotacao: undefined,
30/07/2026 10:47:53:   status: 'pendente-maratona',
30/07/2026 10:47:53:   auditoria_anotacao: undefined,
30/07/2026 10:47:53:   auditoria_status: undefined
30/07/2026 10:47:53: }
30/07/2026 10:47:53: [PUT] Linhas afetadas: 1
30/07/2026 10:47:53: [PUT] Cotação atualizada com sucesso: {
30/07/2026 10:47:53:   id_cotacao: 18218,
30/07/2026 10:47:53:   cotacao: 'Q6393267',
30/07/2026 10:47:53:   id_qldd: null,
30/07/2026 10:47:53:   anotacao: 'Tarefa: E001 - PME - 50.282.551/0001-63 | Fila: CPC - PME',
30/07/2026 10:47:53:   status: 'pendente-maratona',
30/07/2026 10:47:53:   data_de_criacao: '30/07/2026 10:47',
30/07/2026 10:47:53:   data_da_ultima_atualizacao: '30/07/2026 10:47',
30/07/2026 10:47:53:   usuario_login: 'tuany.marques.3',
30/07/2026 10:47:53:   validacao: 'Ativo',
30/07/2026 10:47:53:   usuario_id: '156',
30/07/2026 10:47:53:   tarefa: '22896883',
30/07/2026 10:47:53:   origem: 'r_000250',
30/07/2026 10:47:53:   data_historico: 2026-07-29T20:02:12.000Z
30/07/2026 10:47:53: }
30/07/2026 10:48:00: [PUT] Atualizando cotação: 22895439
30/07/2026 10:48:00: [PUT] Usuário: eder.fernandes.3
30/07/2026 10:48:00: [PUT] Dados recebidos: {
30/07/2026 10:48:00:   anotacao: undefined,
30/07/2026 10:48:00:   status: 'aprovado',
30/07/2026 10:48:00:   auditoria_anotacao: undefined,
30/07/2026 10:48:00:   auditoria_status: undefined
30/07/2026 10:48:00: }
30/07/2026 10:48:00: [PUT] Linhas afetadas: 1
30/07/2026 10:48:00: [PUT] Cotação atualizada com sucesso: {
30/07/2026 10:48:00:   id_cotacao: 18143,
30/07/2026 10:48:00:   cotacao: 'Q6346351',
30/07/2026 10:48:00:   id_qldd: null,
30/07/2026 10:48:00:   anotacao: 'Tarefa: E001 - PME - 10.535.911/0001-77 | Fila: CPC - PME',
30/07/2026 10:48:00:   status: 'aprovado',
30/07/2026 10:48:00:   data_de_criacao: '30/07/2026 09:39',
30/07/2026 10:48:00:   data_da_ultima_atualizacao: '30/07/2026 10:48',
30/07/2026 10:48:00:   usuario_login: 'tuany.marques.3',
30/07/2026 10:48:00:   validacao: 'Ativo',
30/07/2026 10:48:00:   usuario_id: '129',
30/07/2026 10:48:00:   tarefa: '22895439',
30/07/2026 10:48:00:   origem: 'r_000250',
30/07/2026 10:48:00:   data_historico: 2026-07-29T16:46:46.000Z
30/07/2026 10:48:00: }
30/07/2026 10:48:00: [PUT] Atualizando cotação: 22894731
30/07/2026 10:48:00: [PUT] Usuário: giovanna.mozzarelo.3
30/07/2026 10:48:00: [PUT] Dados recebidos: {
30/07/2026 10:48:00:   anotacao: undefined,
30/07/2026 10:48:00:   status: 'aprovado',
30/07/2026 10:48:00:   auditoria_anotacao: undefined,
30/07/2026 10:48:00:   auditoria_status: undefined
30/07/2026 10:48:00: }
30/07/2026 10:48:00: [PUT] Linhas afetadas: 1
30/07/2026 10:48:00: [PUT] Cotação atualizada com sucesso: {
30/07/2026 10:48:00:   id_cotacao: 18023,
30/07/2026 10:48:00:   cotacao: 'Q6389094',
30/07/2026 10:48:00:   id_qldd: null,
30/07/2026 10:48:00:   anotacao: 'Tarefa: E001 - PME - 13.811.194/0001-57 | Fila: CPC - PME',
30/07/2026 10:48:00:   status: 'aprovado',
30/07/2026 10:48:00:   data_de_criacao: '30/07/2026 08:45',
30/07/2026 10:48:00:   data_da_ultima_atualizacao: '30/07/2026 10:48',
30/07/2026 10:48:00:   usuario_login: 'tuany.marques.3',
30/07/2026 10:48:00:   validacao: 'Ativo',
30/07/2026 10:48:00:   usuario_id: '199',
30/07/2026 10:48:00:   tarefa: '22894731',
30/07/2026 10:48:00:   origem: 'r_000250',
30/07/2026 10:48:00:   data_historico: 2026-07-29T14:35:02.000Z
30/07/2026 10:48:00: }
30/07/2026 10:48:26: [PUT] Atualizando cotação: 22894383
30/07/2026 10:48:26: [PUT] Usuário: rita.meira.3
30/07/2026 10:48:26: [PUT] Dados recebidos: {
30/07/2026 10:48:26:   anotacao: undefined,
30/07/2026 10:48:26:   status: 'aprovado',
30/07/2026 10:48:26:   auditoria_anotacao: undefined,
30/07/2026 10:48:26:   auditoria_status: undefined
30/07/2026 10:48:26: }
30/07/2026 10:48:26: [PUT] Linhas afetadas: 1
30/07/2026 10:48:26: [PUT] Cotação atualizada com sucesso: {
30/07/2026 10:48:26:   id_cotacao: 17941,
30/07/2026 10:48:26:   cotacao: 'Q6385914',
30/07/2026 10:48:26:   id_qldd: null,
30/07/2026 10:48:26:   anotacao: 'Tarefa: E001 - PME - 31.415.680/0001-38 | Fila: CPC - PME',
30/07/2026 10:48:26:   status: 'aprovado',
30/07/2026 10:48:26:   data_de_criacao: '30/07/2026 07:32',
30/07/2026 10:48:26:   data_da_ultima_atualizacao: '30/07/2026 10:48',
30/07/2026 10:48:26:   usuario_login: 'tuany.marques.3',
30/07/2026 10:48:26:   validacao: 'Ativo',
30/07/2026 10:48:26:   usuario_id: '147',
30/07/2026 10:48:26:   tarefa: '22894383',
30/07/2026 10:48:26:   origem: 'r_000250',
30/07/2026 10:48:26:   data_historico: 2026-07-29T13:44:07.000Z
30/07/2026 10:48:26: }
30/07/2026 10:48:41: [PUT] Atualizando cotação: 22894823
30/07/2026 10:48:41: [PUT] Usuário: rita.meira.3
30/07/2026 10:48:41: [PUT] Dados recebidos: {
30/07/2026 10:48:41:   anotacao: undefined,
30/07/2026 10:48:41:   status: 'assumido',
30/07/2026 10:48:41:   auditoria_anotacao: undefined,
30/07/2026 10:48:41:   auditoria_status: undefined
30/07/2026 10:48:41: }
30/07/2026 10:48:41: [PUT] Linhas afetadas: 1
30/07/2026 10:48:41: [PUT] Cotação atualizada com sucesso: {
30/07/2026 10:48:41:   id_cotacao: 18044,
30/07/2026 10:48:41:   cotacao: 'Q6390648',
30/07/2026 10:48:41:   id_qldd: null,
30/07/2026 10:48:41:   anotacao: 'Tarefa: E001 - PME - 07.084.315/0001-03 | Fila: CPC - PME',
30/07/2026 10:48:41:   status: 'assumido',
30/07/2026 10:48:41:   data_de_criacao: '30/07/2026 08:46',
30/07/2026 10:48:41:   data_da_ultima_atualizacao: '30/07/2026 10:48',
30/07/2026 10:48:41:   usuario_login: 'tuany.marques.3',
30/07/2026 10:48:41:   validacao: 'Ativo',
30/07/2026 10:48:41:   usuario_id: '147',
30/07/2026 10:48:41:   tarefa: '22894823',
30/07/2026 10:48:41:   origem: 'r_000250',
30/07/2026 10:48:41:   data_historico: 2026-07-29T14:47:59.000Z
30/07/2026 10:48:41: }
30/07/2026 10:48:44: [PUT] Atualizando cotação: 22894838
30/07/2026 10:48:44: [PUT] Usuário: rita.meira.3
30/07/2026 10:48:44: [PUT] Dados recebidos: {
30/07/2026 10:48:44:   anotacao: undefined,
30/07/2026 10:48:44:   status: 'assumido',
30/07/2026 10:48:44:   auditoria_anotacao: undefined,
30/07/2026 10:48:44:   auditoria_status: undefined
30/07/2026 10:48:44: }
30/07/2026 10:48:44: [PUT] Linhas afetadas: 1
30/07/2026 10:48:44: [PUT] Cotação atualizada com sucesso: {
30/07/2026 10:48:44:   id_cotacao: 18046,
30/07/2026 10:48:44:   cotacao: 'Q6392123',
30/07/2026 10:48:44:   id_qldd: null,
30/07/2026 10:48:44:   anotacao: 'Tarefa: E001 - PME - 19.308.763/0001-22 | Fila: CPC - PME',
30/07/2026 10:48:44:   status: 'assumido',
30/07/2026 10:48:44:   data_de_criacao: '30/07/2026 08:46',
30/07/2026 10:48:44:   data_da_ultima_atualizacao: '30/07/2026 10:48',
30/07/2026 10:48:44:   usuario_login: 'tuany.marques.3',
30/07/2026 10:48:44:   validacao: 'Ativo',
30/07/2026 10:48:44:   usuario_id: '147',
30/07/2026 10:48:44:   tarefa: '22894838',
30/07/2026 10:48:44:   origem: 'r_000250',
30/07/2026 10:48:44:   data_historico: 2026-07-29T14:49:16.000Z
30/07/2026 10:48:44: }
30/07/2026 10:48:47: [PUT] Atualizando cotação: 22894844
30/07/2026 10:48:47: [PUT] Usuário: rita.meira.3
30/07/2026 10:48:47: [PUT] Dados recebidos: {
30/07/2026 10:48:47:   anotacao: undefined,
30/07/2026 10:48:47:   status: 'assumido',
30/07/2026 10:48:47:   auditoria_anotacao: undefined,
30/07/2026 10:48:47:   auditoria_status: undefined
30/07/2026 10:48:47: }
30/07/2026 10:48:47: [PUT] Linhas afetadas: 1
30/07/2026 10:48:47: [PUT] Cotação atualizada com sucesso: {
30/07/2026 10:48:47:   id_cotacao: 18047,
30/07/2026 10:48:47:   cotacao: 'Q6392279',
30/07/2026 10:48:47:   id_qldd: null,
30/07/2026 10:48:47:   anotacao: 'Tarefa: E001 - PME - 00.995.046/0001-98 | Fila: CPC - PME',
30/07/2026 10:48:47:   status: 'assumido',
30/07/2026 10:48:47:   data_de_criacao: '30/07/2026 08:46',
30/07/2026 10:48:47:   data_da_ultima_atualizacao: '30/07/2026 10:48',
30/07/2026 10:48:47:   usuario_login: 'tuany.marques.3',
30/07/2026 10:48:47:   validacao: 'Ativo',
30/07/2026 10:48:47:   usuario_id: '147',
30/07/2026 10:48:47:   tarefa: '22894844',
30/07/2026 10:48:47:   origem: 'r_000250',
30/07/2026 10:48:47:   data_historico: 2026-07-29T14:49:52.000Z
30/07/2026 10:48:47: }
30/07/2026 10:48:49: [PUT] Atualizando cotação: 22894845
30/07/2026 10:48:49: [PUT] Usuário: rita.meira.3
30/07/2026 10:48:49: [PUT] Dados recebidos: {
30/07/2026 10:48:49:   anotacao: undefined,
30/07/2026 10:48:49:   status: 'assumido',
30/07/2026 10:48:49:   auditoria_anotacao: undefined,
30/07/2026 10:48:49:   auditoria_status: undefined
30/07/2026 10:48:49: }
30/07/2026 10:48:49: [PUT] Linhas afetadas: 1
30/07/2026 10:48:49: [PUT] Cotação atualizada com sucesso: {
30/07/2026 10:48:49:   id_cotacao: 18048,
30/07/2026 10:48:49:   cotacao: 'Q6385392',
30/07/2026 10:48:49:   id_qldd: null,
30/07/2026 10:48:49:   anotacao: 'Tarefa: E001 - PME - 07.026.734/0001-99 | Fila: CPC - PME',
30/07/2026 10:48:49:   status: 'assumido',
30/07/2026 10:48:49:   data_de_criacao: '30/07/2026 08:46',
30/07/2026 10:48:49:   data_da_ultima_atualizacao: '30/07/2026 10:48',
30/07/2026 10:48:49:   usuario_login: 'tuany.marques.3',
30/07/2026 10:48:49:   validacao: 'Ativo',
30/07/2026 10:48:49:   usuario_id: '147',
30/07/2026 10:48:49:   tarefa: '22894845',
30/07/2026 10:48:49:   origem: 'r_000250',
30/07/2026 10:48:49:   data_historico: 2026-07-29T14:50:08.000Z
30/07/2026 10:48:49: }
30/07/2026 10:48:52: [PUT] Atualizando cotação: 22894847
30/07/2026 10:48:52: [PUT] Usuário: rita.meira.3
30/07/2026 10:48:52: [PUT] Dados recebidos: {
30/07/2026 10:48:52:   anotacao: undefined,
30/07/2026 10:48:52:   status: 'assumido',
30/07/2026 10:48:52:   auditoria_anotacao: undefined,
30/07/2026 10:48:52:   auditoria_status: undefined
30/07/2026 10:48:52: }
30/07/2026 10:48:52: [PUT] Linhas afetadas: 1
30/07/2026 10:48:52: [PUT] Cotação atualizada com sucesso: {
30/07/2026 10:48:52:   id_cotacao: 18049,
30/07/2026 10:48:52:   cotacao: 'Q6381599',
30/07/2026 10:48:52:   id_qldd: null,
30/07/2026 10:48:52:   anotacao: 'Tarefa: E001 - PME - 09.477.872/0001-10 | Fila: CPC - PME',
30/07/2026 10:48:52:   status: 'assumido',
30/07/2026 10:48:52:   data_de_criacao: '30/07/2026 08:46',
30/07/2026 10:48:52:   data_da_ultima_atualizacao: '30/07/2026 10:48',
30/07/2026 10:48:52:   usuario_login: 'tuany.marques.3',
30/07/2026 10:48:52:   validacao: 'Ativo',
30/07/2026 10:48:52:   usuario_id: '147',
30/07/2026 10:48:52:   tarefa: '22894847',
30/07/2026 10:48:52:   origem: 'r_000250',
30/07/2026 10:48:52:   data_historico: 2026-07-29T14:50:19.000Z
30/07/2026 10:48:52: }
30/07/2026 10:48:55: [PUT] Atualizando cotação: 22897262
30/07/2026 10:48:55: [PUT] Usuário: tuany.marques.3
30/07/2026 10:48:55: [PUT] Dados recebidos: {
30/07/2026 10:48:55:   anotacao: undefined,
30/07/2026 10:48:55:   status: 'pendente-maratona',
30/07/2026 10:48:55:   auditoria_anotacao: undefined,
30/07/2026 10:48:55:   auditoria_status: undefined
30/07/2026 10:48:55: }
30/07/2026 10:48:55: [PUT] Linhas afetadas: 1
30/07/2026 10:48:55: [PUT] Cotação atualizada com sucesso: {
30/07/2026 10:48:55:   id_cotacao: 18219,
30/07/2026 10:48:55:   cotacao: 'Q6390315',
30/07/2026 10:48:55:   id_qldd: null,
30/07/2026 10:48:55:   anotacao: 'Tarefa: E001 - PME - 09.335.222/0001-30 | Fila: CPC - PME',
30/07/2026 10:48:55:   status: 'pendente-maratona',
30/07/2026 10:48:55:   data_de_criacao: '30/07/2026 10:48',
30/07/2026 10:48:55:   data_da_ultima_atualizacao: '30/07/2026 10:48',
30/07/2026 10:48:55:   usuario_login: 'tuany.marques.3',
30/07/2026 10:48:55:   validacao: 'Ativo',
30/07/2026 10:48:55:   usuario_id: '134',
30/07/2026 10:48:55:   tarefa: '22897262',
30/07/2026 10:48:55:   origem: 'r_000250',
30/07/2026 10:48:55:   data_historico: 2026-07-29T21:00:12.000Z
30/07/2026 10:48:55: }
30/07/2026 10:49:30: [PUT] Atualizando cotação: 22897271
30/07/2026 10:49:30: [PUT] Usuário: tuany.marques.3
30/07/2026 10:49:30: [PUT] Dados recebidos: {
30/07/2026 10:49:30:   anotacao: undefined,
30/07/2026 10:49:30:   status: 'pendente-maratona',
30/07/2026 10:49:30:   auditoria_anotacao: undefined,
30/07/2026 10:49:30:   auditoria_status: undefined
30/07/2026 10:49:30: }
30/07/2026 10:49:30: [PUT] Linhas afetadas: 1
30/07/2026 10:49:30: [PUT] Cotação atualizada com sucesso: {
30/07/2026 10:49:30:   id_cotacao: 18220,
30/07/2026 10:49:30:   cotacao: 'Q6393829',
30/07/2026 10:49:30:   id_qldd: null,
30/07/2026 10:49:30:   anotacao: 'Tarefa: E001 - PME - 09.212.131/0001-07 | Fila: CPC - PME',
30/07/2026 10:49:30:   status: 'pendente-maratona',
30/07/2026 10:49:30:   data_de_criacao: '30/07/2026 10:49',
30/07/2026 10:49:30:   data_da_ultima_atualizacao: '30/07/2026 10:49',
30/07/2026 10:49:30:   usuario_login: 'tuany.marques.3',
30/07/2026 10:49:30:   validacao: 'Ativo',
30/07/2026 10:49:30:   usuario_id: '134',
30/07/2026 10:49:30:   tarefa: '22897271',
30/07/2026 10:49:30:   origem: 'r_000250',
30/07/2026 10:49:30:   data_historico: 2026-07-29T21:01:40.000Z
30/07/2026 10:49:30: }
30/07/2026 10:49:48: [PUT] Atualizando cotação: 22897226
30/07/2026 10:49:48: [PUT] Usuário: yasmin.santana
30/07/2026 10:49:48: [PUT] Dados recebidos: {
30/07/2026 10:49:48:   anotacao: undefined,
30/07/2026 10:49:48:   status: 'assumido',
30/07/2026 10:49:48:   auditoria_anotacao: undefined,
30/07/2026 10:49:48:   auditoria_status: undefined
30/07/2026 10:49:48: }
30/07/2026 10:49:48: [PUT] Linhas afetadas: 1
30/07/2026 10:49:48: [PUT] Cotação atualizada com sucesso: {
30/07/2026 10:49:48:   id_cotacao: 18217,
30/07/2026 10:49:48:   cotacao: 'Q6393426',
30/07/2026 10:49:48:   id_qldd: null,
30/07/2026 10:49:48:   anotacao: 'Tarefa: E001 - PME - 22.577.479/0001-66 | Fila: CPC - PME',
30/07/2026 10:49:48:   status: 'assumido',
30/07/2026 10:49:48:   data_de_criacao: '30/07/2026 10:47',
30/07/2026 10:49:48:   data_da_ultima_atualizacao: '30/07/2026 10:49',
30/07/2026 10:49:48:   usuario_login: 'tuany.marques.3',
30/07/2026 10:49:48:   validacao: 'Ativo',
30/07/2026 10:49:48:   usuario_id: '156',
30/07/2026 10:49:48:   tarefa: '22897226',
30/07/2026 10:49:48:   origem: 'r_000250',
30/07/2026 10:49:48:   data_historico: 2026-07-29T20:51:29.000Z
30/07/2026 10:49:48: }
30/07/2026 10:50:10: [PUT] Atualizando cotação: 22896122
30/07/2026 10:50:10: [PUT] Usuário: tuany.marques.3
30/07/2026 10:50:10: [PUT] Dados recebidos: {
30/07/2026 10:50:10:   anotacao: undefined,
30/07/2026 10:50:10:   status: 'pendente-maratona',
30/07/2026 10:50:10:   auditoria_anotacao: undefined,
30/07/2026 10:50:10:   auditoria_status: undefined
30/07/2026 10:50:10: }
30/07/2026 10:50:10: [PUT] Linhas afetadas: 1
30/07/2026 10:50:10: [PUT] Cotação atualizada com sucesso: {
30/07/2026 10:50:10:   id_cotacao: 18221,
30/07/2026 10:50:10:   cotacao: 'Q6388134',
30/07/2026 10:50:10:   id_qldd: null,
30/07/2026 10:50:10:   anotacao: 'Tarefa: E001 - PME - 11.112.755/0001-02 | Fila: CPC - PME',
30/07/2026 10:50:10:   status: 'pendente-maratona',
30/07/2026 10:50:10:   data_de_criacao: '30/07/2026 10:50',
30/07/2026 10:50:10:   data_da_ultima_atualizacao: '30/07/2026 10:50',
30/07/2026 10:50:10:   usuario_login: 'tuany.marques.3',
30/07/2026 10:50:10:   validacao: 'Ativo',
30/07/2026 10:50:10:   usuario_id: '134',
30/07/2026 10:50:10:   tarefa: '22896122',
30/07/2026 10:50:10:   origem: 'r_000250',
30/07/2026 10:50:10:   data_historico: 2026-07-29T18:29:55.000Z
30/07/2026 10:50:10: }
30/07/2026 10:50:44: [PUT] Atualizando cotação: 22897801
30/07/2026 10:50:44: [PUT] Usuário: tuany.marques.3
30/07/2026 10:50:44: [PUT] Dados recebidos: {
30/07/2026 10:50:44:   anotacao: undefined,
30/07/2026 10:50:44:   status: 'pendente-maratona',
30/07/2026 10:50:44:   auditoria_anotacao: undefined,
30/07/2026 10:50:44:   auditoria_status: undefined
30/07/2026 10:50:44: }
30/07/2026 10:50:44: [PUT] Linhas afetadas: 1
30/07/2026 10:50:44: [PUT] Cotação atualizada com sucesso: {
30/07/2026 10:50:44:   id_cotacao: 18222,
30/07/2026 10:50:44:   cotacao: 'Q6393488',
30/07/2026 10:50:44:   id_qldd: null,
30/07/2026 10:50:44:   anotacao: 'Tarefa: E001 - PME - 75.958.926/0001-93 | Fila: CPC - PME',
30/07/2026 10:50:44:   status: 'pendente-maratona',
30/07/2026 10:50:44:   data_de_criacao: '30/07/2026 10:50',
30/07/2026 10:50:44:   data_da_ultima_atualizacao: '30/07/2026 10:50',
30/07/2026 10:50:44:   usuario_login: 'tuany.marques.3',
30/07/2026 10:50:44:   validacao: 'Ativo',
30/07/2026 10:50:44:   usuario_id: '134',
30/07/2026 10:50:44:   tarefa: '22897801',
30/07/2026 10:50:44:   origem: 'r_000250',
30/07/2026 10:50:44:   data_historico: 2026-07-30T01:58:03.000Z
30/07/2026 10:50:44: }
30/07/2026 10:50:50: [PUT] Atualizando cotação: 22894457
30/07/2026 10:50:50: [PUT] Usuário: luiza.franco.3
30/07/2026 10:50:50: [PUT] Dados recebidos: {
30/07/2026 10:50:50:   anotacao: undefined,
30/07/2026 10:50:50:   status: 'aprovado',
30/07/2026 10:50:50:   auditoria_anotacao: undefined,
30/07/2026 10:50:50:   auditoria_status: undefined
30/07/2026 10:50:50: }
30/07/2026 10:50:50: [PUT] Linhas afetadas: 1
30/07/2026 10:50:50: [PUT] Cotação atualizada com sucesso: {
30/07/2026 10:50:50:   id_cotacao: 17950,
30/07/2026 10:50:50:   cotacao: 'Q6384263',
30/07/2026 10:50:50:   id_qldd: null,
30/07/2026 10:50:50:   anotacao: 'Tarefa: E001 - PME - 61.577.003/0001-87 | Fila: CPC - PME',
30/07/2026 10:50:50:   status: 'aprovado',
30/07/2026 10:50:50:   data_de_criacao: '30/07/2026 07:33',
30/07/2026 10:50:50:   data_da_ultima_atualizacao: '30/07/2026 10:50',
30/07/2026 10:50:50:   usuario_login: 'tuany.marques.3',
30/07/2026 10:50:50:   validacao: 'Ativo',
30/07/2026 10:50:50:   usuario_id: '140',
30/07/2026 10:50:50:   tarefa: '22894457',
30/07/2026 10:50:50:   origem: 'r_000250',
30/07/2026 10:50:50:   data_historico: 2026-07-29T13:55:22.000Z
30/07/2026 10:50:50: }
30/07/2026 10:51:20: [PUT] Atualizando cotação: 22896769
30/07/2026 10:51:20: [PUT] Usuário: tuany.marques.3
30/07/2026 10:51:20: [PUT] Dados recebidos: {
30/07/2026 10:51:20:   anotacao: undefined,
30/07/2026 10:51:20:   status: 'pendente-maratona',
30/07/2026 10:51:20:   auditoria_anotacao: undefined,
30/07/2026 10:51:20:   auditoria_status: undefined
30/07/2026 10:51:20: }
30/07/2026 10:51:20: [PUT] Linhas afetadas: 1
30/07/2026 10:51:20: [PUT] Cotação atualizada com sucesso: {
30/07/2026 10:51:20:   id_cotacao: 18223,
30/07/2026 10:51:20:   cotacao: 'Q6392735',
30/07/2026 10:51:20:   id_qldd: null,
30/07/2026 10:51:20:   anotacao: 'Tarefa: E001 - PME - 41.159.391/0001-79 | Fila: CPC - PME',
30/07/2026 10:51:20:   status: 'pendente-maratona',
30/07/2026 10:51:20:   data_de_criacao: '30/07/2026 10:51',
30/07/2026 10:51:20:   data_da_ultima_atualizacao: '30/07/2026 10:51',
30/07/2026 10:51:20:   usuario_login: 'tuany.marques.3',
30/07/2026 10:51:20:   validacao: 'Ativo',
30/07/2026 10:51:20:   usuario_id: '134',
30/07/2026 10:51:20:   tarefa: '22896769',
30/07/2026 10:51:20:   origem: 'r_000250',
30/07/2026 10:51:20:   data_historico: 2026-07-29T19:47:48.000Z
30/07/2026 10:51:20: }
30/07/2026 10:51:24: [PUT] Atualizando cotação: 22895598
30/07/2026 10:51:24: [PUT] Usuário: gustavo.sanches
30/07/2026 10:51:24: [PUT] Dados recebidos: {
30/07/2026 10:51:24:   anotacao: undefined,
30/07/2026 10:51:24:   status: 'reprovado',
30/07/2026 10:51:24:   auditoria_anotacao: undefined,
30/07/2026 10:51:24:   auditoria_status: undefined
30/07/2026 10:51:24: }
30/07/2026 10:51:24: [PUT] Linhas afetadas: 1
30/07/2026 10:51:24: [PUT] Cotação atualizada com sucesso: {
30/07/2026 10:51:24:   id_cotacao: 18091,
30/07/2026 10:51:24:   cotacao: 'Q6392544',
30/07/2026 10:51:24:   id_qldd: null,
30/07/2026 10:51:24:   anotacao: 'Tarefa: E001 - PME - 21.297.435/0001-10 | Fila: CPC - PME',
30/07/2026 10:51:24:   status: 'reprovado',
30/07/2026 10:51:24:   data_de_criacao: '30/07/2026 08:54',
30/07/2026 10:51:24:   data_da_ultima_atualizacao: '30/07/2026 10:51',
30/07/2026 10:51:24:   usuario_login: 'gustavo.sanches',
30/07/2026 10:51:24:   validacao: 'Ativo',
30/07/2026 10:51:24:   usuario_id: '134',
30/07/2026 10:51:24:   tarefa: '22895598',
30/07/2026 10:51:24:   origem: 'r_000250',
30/07/2026 10:51:24:   data_historico: 2026-07-29T17:13:13.000Z
30/07/2026 10:51:24: }
30/07/2026 10:51:46: [PUT] Atualizando cotação: 22896119
30/07/2026 10:51:46: [PUT] Usuário: tuany.marques.3
30/07/2026 10:51:46: [PUT] Dados recebidos: {
30/07/2026 10:51:46:   anotacao: undefined,
30/07/2026 10:51:46:   status: 'pendente-maratona',
30/07/2026 10:51:46:   auditoria_anotacao: undefined,
30/07/2026 10:51:46:   auditoria_status: undefined
30/07/2026 10:51:46: }
30/07/2026 10:51:46: [PUT] Linhas afetadas: 1
30/07/2026 10:51:46: [PUT] Cotação atualizada com sucesso: {
30/07/2026 10:51:46:   id_cotacao: 18224,
30/07/2026 10:51:46:   cotacao: 'Q6393038',
30/07/2026 10:51:46:   id_qldd: null,
30/07/2026 10:51:46:   anotacao: 'Tarefa: E001 - PME - 13.120.520/0001-80 | Fila: CPC - PME',
30/07/2026 10:51:46:   status: 'pendente-maratona',
30/07/2026 10:51:46:   data_de_criacao: '30/07/2026 10:51',
30/07/2026 10:51:46:   data_da_ultima_atualizacao: '30/07/2026 10:51',
30/07/2026 10:51:46:   usuario_login: 'tuany.marques.3',
30/07/2026 10:51:46:   validacao: 'Ativo',
30/07/2026 10:51:46:   usuario_id: '134',
30/07/2026 10:51:46:   tarefa: '22896119',
30/07/2026 10:51:46:   origem: 'r_000250',
30/07/2026 10:51:46:   data_historico: 2026-07-29T18:29:13.000Z
30/07/2026 10:51:46: }
30/07/2026 10:52:06: [PUT] Atualizando cotação: 22895443
30/07/2026 10:52:06: [PUT] Usuário: eder.fernandes.3
30/07/2026 10:52:06: [PUT] Dados recebidos: {
30/07/2026 10:52:06:   anotacao: undefined,
30/07/2026 10:52:06:   status: 'aprovado',
30/07/2026 10:52:06:   auditoria_anotacao: undefined,
30/07/2026 10:52:06:   auditoria_status: undefined
30/07/2026 10:52:06: }
30/07/2026 10:52:06: [PUT] Linhas afetadas: 1
30/07/2026 10:52:06: [PUT] Cotação atualizada com sucesso: {
30/07/2026 10:52:06:   id_cotacao: 18144,
30/07/2026 10:52:06:   cotacao: 'Q6391593',
30/07/2026 10:52:06:   id_qldd: null,
30/07/2026 10:52:06:   anotacao: 'Tarefa: E001 - PME - 40.021.726/0001-25 | Fila: CPC - PME',
30/07/2026 10:52:06:   status: 'aprovado',
30/07/2026 10:52:06:   data_de_criacao: '30/07/2026 09:39',
30/07/2026 10:52:06:   data_da_ultima_atualizacao: '30/07/2026 10:52',
30/07/2026 10:52:06:   usuario_login: 'tuany.marques.3',
30/07/2026 10:52:06:   validacao: 'Ativo',
30/07/2026 10:52:06:   usuario_id: '129',
30/07/2026 10:52:06:   tarefa: '22895443',
30/07/2026 10:52:06:   origem: 'r_000250',
30/07/2026 10:52:06:   data_historico: 2026-07-29T16:47:33.000Z
30/07/2026 10:52:06: }
30/07/2026 10:52:10: [PUT] Atualizando cotação: 22896316
30/07/2026 10:52:10: [PUT] Usuário: tuany.marques.3
30/07/2026 10:52:10: [PUT] Dados recebidos: {
30/07/2026 10:52:10:   anotacao: undefined,
30/07/2026 10:52:10:   status: 'pendente-maratona',
30/07/2026 10:52:10:   auditoria_anotacao: undefined,
30/07/2026 10:52:10:   auditoria_status: undefined
30/07/2026 10:52:10: }
30/07/2026 10:52:10: [PUT] Linhas afetadas: 1
30/07/2026 10:52:10: [PUT] Cotação atualizada com sucesso: {
30/07/2026 10:52:10:   id_cotacao: 18225,
30/07/2026 10:52:10:   cotacao: 'Q6391975',
30/07/2026 10:52:10:   id_qldd: null,
30/07/2026 10:52:10:   anotacao: 'Tarefa: E001 - PME - 67.508.912/0001-40 | Fila: CPC - PME',
30/07/2026 10:52:10:   status: 'pendente-maratona',
30/07/2026 10:52:10:   data_de_criacao: '30/07/2026 10:52',
30/07/2026 10:52:10:   data_da_ultima_atualizacao: '30/07/2026 10:52',
30/07/2026 10:52:10:   usuario_login: 'tuany.marques.3',
30/07/2026 10:52:10:   validacao: 'Ativo',
30/07/2026 10:52:10:   usuario_id: '156',
30/07/2026 10:52:10:   tarefa: '22896316',
30/07/2026 10:52:10:   origem: 'r_000250',
30/07/2026 10:52:10:   data_historico: 2026-07-29T18:50:05.000Z
30/07/2026 10:52:10: }
30/07/2026 10:52:35: [PUT] Atualizando cotação: 22896345
30/07/2026 10:52:35: [PUT] Usuário: tuany.marques.3
30/07/2026 10:52:35: [PUT] Dados recebidos: {
30/07/2026 10:52:35:   anotacao: undefined,
30/07/2026 10:52:35:   status: 'pendente-maratona',
30/07/2026 10:52:35:   auditoria_anotacao: undefined,
30/07/2026 10:52:35:   auditoria_status: undefined
30/07/2026 10:52:35: }
30/07/2026 10:52:35: [PUT] Linhas afetadas: 1
30/07/2026 10:52:35: [PUT] Cotação atualizada com sucesso: {
30/07/2026 10:52:35:   id_cotacao: 18226,
30/07/2026 10:52:35:   cotacao: 'Q6389670',
30/07/2026 10:52:35:   id_qldd: null,
30/07/2026 10:52:35:   anotacao: 'Tarefa: E001 - PME - 66.545.031/0001-36 | Fila: CPC - PME',
30/07/2026 10:52:35:   status: 'pendente-maratona',
30/07/2026 10:52:35:   data_de_criacao: '30/07/2026 10:52',
30/07/2026 10:52:35:   data_da_ultima_atualizacao: '30/07/2026 10:52',
30/07/2026 10:52:35:   usuario_login: 'tuany.marques.3',
30/07/2026 10:52:35:   validacao: 'Ativo',
30/07/2026 10:52:35:   usuario_id: '124',
30/07/2026 10:52:35:   tarefa: '22896345',
30/07/2026 10:52:35:   origem: 'r_000250',
30/07/2026 10:52:35:   data_historico: 2026-07-29T18:53:33.000Z
30/07/2026 10:52:35: }
30/07/2026 10:54:04: [PUT] Atualizando cotação: 22895456
30/07/2026 10:54:04: [PUT] Usuário: eder.fernandes.3
30/07/2026 10:54:04: [PUT] Dados recebidos: {
30/07/2026 10:54:04:   anotacao: undefined,
30/07/2026 10:54:04:   status: 'aprovado',
30/07/2026 10:54:04:   auditoria_anotacao: undefined,
30/07/2026 10:54:04:   auditoria_status: undefined
30/07/2026 10:54:04: }
30/07/2026 10:54:04: [PUT] Linhas afetadas: 1
30/07/2026 10:54:04: [PUT] Cotação atualizada com sucesso: {
30/07/2026 10:54:04:   id_cotacao: 18145,
30/07/2026 10:54:04:   cotacao: 'Q6389317',
30/07/2026 10:54:04:   id_qldd: null,
30/07/2026 10:54:04:   anotacao: 'Tarefa: E001 - PME - 45.869.475/0001-57 | Fila: CPC - PME',
30/07/2026 10:54:04:   status: 'aprovado',
30/07/2026 10:54:04:   data_de_criacao: '30/07/2026 09:39',
30/07/2026 10:54:04:   data_da_ultima_atualizacao: '30/07/2026 10:54',
30/07/2026 10:54:04:   usuario_login: 'tuany.marques.3',
30/07/2026 10:54:04:   validacao: 'Ativo',
30/07/2026 10:54:04:   usuario_id: '129',
30/07/2026 10:54:04:   tarefa: '22895456',
30/07/2026 10:54:04:   origem: 'r_000250',
30/07/2026 10:54:04:   data_historico: 2026-07-29T16:49:00.000Z
30/07/2026 10:54:04: }
30/07/2026 10:54:05: [PUT] Atualizando cotação: 22896080
30/07/2026 10:54:05: [PUT] Usuário: tuany.marques.3
30/07/2026 10:54:05: [PUT] Dados recebidos: {
30/07/2026 10:54:05:   anotacao: undefined,
30/07/2026 10:54:05:   status: 'pendente-maratona',
30/07/2026 10:54:05:   auditoria_anotacao: undefined,
30/07/2026 10:54:05:   auditoria_status: undefined
30/07/2026 10:54:05: }
30/07/2026 10:54:05: [PUT] Linhas afetadas: 1
30/07/2026 10:54:05: [PUT] Cotação atualizada com sucesso: {
30/07/2026 10:54:05:   id_cotacao: 18227,
30/07/2026 10:54:05:   cotacao: 'Q6389554',
30/07/2026 10:54:05:   id_qldd: null,
30/07/2026 10:54:05:   anotacao: 'Tarefa: E001 - PME - 34.375.080/0001-81 | Fila: CPC - PME',
30/07/2026 10:54:05:   status: 'pendente-maratona',
30/07/2026 10:54:05:   data_de_criacao: '30/07/2026 10:53',
30/07/2026 10:54:05:   data_da_ultima_atualizacao: '30/07/2026 10:54',
30/07/2026 10:54:05:   usuario_login: 'tuany.marques.3',
30/07/2026 10:54:05:   validacao: 'Ativo',
30/07/2026 10:54:05:   usuario_id: '147',
30/07/2026 10:54:05:   tarefa: '22896080',
30/07/2026 10:54:05:   origem: 'r_000250',
30/07/2026 10:54:05:   data_historico: 2026-07-29T18:24:36.000Z
30/07/2026 10:54:05: }
30/07/2026 10:54:27: [PUT] Atualizando cotação: 22895785
30/07/2026 10:54:27: [PUT] Usuário: tuany.marques.3
30/07/2026 10:54:27: [PUT] Dados recebidos: {
30/07/2026 10:54:27:   anotacao: undefined,
30/07/2026 10:54:27:   status: 'pendente-maratona',
30/07/2026 10:54:27:   auditoria_anotacao: undefined,
30/07/2026 10:54:27:   auditoria_status: undefined
30/07/2026 10:54:27: }
30/07/2026 10:54:27: [PUT] Linhas afetadas: 1
30/07/2026 10:54:27: [PUT] Cotação atualizada com sucesso: {
30/07/2026 10:54:27:   id_cotacao: 18228,
30/07/2026 10:54:27:   cotacao: 'Q6384592',
30/07/2026 10:54:27:   id_qldd: null,
30/07/2026 10:54:27:   anotacao: 'Tarefa: E001 - PME - 33.759.218/0001-83 | Fila: CPC - PME',
30/07/2026 10:54:27:   status: 'pendente-maratona',
30/07/2026 10:54:27:   data_de_criacao: '30/07/2026 10:54',
30/07/2026 10:54:27:   data_da_ultima_atualizacao: '30/07/2026 10:54',
30/07/2026 10:54:27:   usuario_login: 'tuany.marques.3',
30/07/2026 10:54:27:   validacao: 'Ativo',
30/07/2026 10:54:27:   usuario_id: '143',
30/07/2026 10:54:27:   tarefa: '22895785',
30/07/2026 10:54:27:   origem: 'r_000250',
30/07/2026 10:54:27:   data_historico: 2026-07-29T17:46:08.000Z
30/07/2026 10:54:27: }
30/07/2026 10:54:56: [PUT] Atualizando cotação: 22898443
30/07/2026 10:54:56: [PUT] Usuário: tuany.marques.3
30/07/2026 10:54:56: [PUT] Dados recebidos: {
30/07/2026 10:54:56:   anotacao: undefined,
30/07/2026 10:54:56:   status: 'pendente-maratona',
30/07/2026 10:54:56:   auditoria_anotacao: undefined,
30/07/2026 10:54:56:   auditoria_status: undefined
30/07/2026 10:54:56: }
30/07/2026 10:54:56: [PUT] Linhas afetadas: 1
30/07/2026 10:54:56: [PUT] Cotação atualizada com sucesso: {
30/07/2026 10:54:56:   id_cotacao: 18229,
30/07/2026 10:54:56:   cotacao: 'Q6394304',
30/07/2026 10:54:56:   id_qldd: null,
30/07/2026 10:54:56:   anotacao: 'Tarefa: E001 - PME - 05.624.124/0001-61 | Fila: CPC - PME',
30/07/2026 10:54:56:   status: 'pendente-maratona',
30/07/2026 10:54:56:   data_de_criacao: '30/07/2026 10:54',
30/07/2026 10:54:56:   data_da_ultima_atualizacao: '30/07/2026 10:54',
30/07/2026 10:54:56:   usuario_login: 'tuany.marques.3',
30/07/2026 10:54:56:   validacao: 'Ativo',
30/07/2026 10:54:56:   usuario_id: '143',
30/07/2026 10:54:56:   tarefa: '22898443',
30/07/2026 10:54:56:   origem: 'r_000250',
30/07/2026 10:54:56:   data_historico: 2026-07-30T13:00:50.000Z
30/07/2026 10:54:56: }
30/07/2026 10:55:24: [PUT] Atualizando cotação: 22896242
30/07/2026 10:55:24: [PUT] Usuário: tuany.marques.3
30/07/2026 10:55:24: [PUT] Dados recebidos: {
30/07/2026 10:55:24:   anotacao: undefined,
30/07/2026 10:55:24:   status: 'pendente-maratona',
30/07/2026 10:55:24:   auditoria_anotacao: undefined,
30/07/2026 10:55:24:   auditoria_status: undefined
30/07/2026 10:55:24: }
30/07/2026 10:55:24: [PUT] Linhas afetadas: 1
30/07/2026 10:55:24: [PUT] Cotação atualizada com sucesso: {
30/07/2026 10:55:24:   id_cotacao: 18230,
30/07/2026 10:55:24:   cotacao: 'Q6392574',
30/07/2026 10:55:24:   id_qldd: null,
30/07/2026 10:55:24:   anotacao: 'Tarefa: E001 - PME - 31.134.963/0001-01 | Fila: CPC - PME',
30/07/2026 10:55:24:   status: 'pendente-maratona',
30/07/2026 10:55:24:   data_de_criacao: '30/07/2026 10:55',
30/07/2026 10:55:24:   data_da_ultima_atualizacao: '30/07/2026 10:55',
30/07/2026 10:55:24:   usuario_login: 'tuany.marques.3',
30/07/2026 10:55:24:   validacao: 'Ativo',
30/07/2026 10:55:24:   usuario_id: '135',
30/07/2026 10:55:24:   tarefa: '22896242',
30/07/2026 10:55:24:   origem: 'r_000250',
30/07/2026 10:55:24:   data_historico: 2026-07-29T18:41:42.000Z
30/07/2026 10:55:24: }
30/07/2026 10:56:06: [PUT] Atualizando cotação: 22897891
30/07/2026 10:56:06: [PUT] Usuário: tuany.marques.3
30/07/2026 10:56:06: [PUT] Dados recebidos: {
30/07/2026 10:56:06:   anotacao: undefined,
30/07/2026 10:56:06:   status: 'pendente-maratona',
30/07/2026 10:56:06:   auditoria_anotacao: undefined,
30/07/2026 10:56:06:   auditoria_status: undefined
30/07/2026 10:56:06: }
30/07/2026 10:56:06: [PUT] Linhas afetadas: 1
30/07/2026 10:56:06: [PUT] Cotação atualizada com sucesso: {
30/07/2026 10:56:06:   id_cotacao: 18231,
30/07/2026 10:56:06:   cotacao: 'Q6394157',
30/07/2026 10:56:06:   id_qldd: null,
30/07/2026 10:56:06:   anotacao: 'Tarefa: E001 - PME - 40.235.871/0001-09 | Fila: CPC - PME',
30/07/2026 10:56:06:   status: 'pendente-maratona',
30/07/2026 10:56:06:   data_de_criacao: '30/07/2026 10:55',
30/07/2026 10:56:06:   data_da_ultima_atualizacao: '30/07/2026 10:56',
30/07/2026 10:56:06:   usuario_login: 'tuany.marques.3',
30/07/2026 10:56:06:   validacao: 'Ativo',
30/07/2026 10:56:06:   usuario_id: '135',
30/07/2026 10:56:06:   tarefa: '22897891',
30/07/2026 10:56:06:   origem: 'r_000250',
30/07/2026 10:56:06:   data_historico: 2026-07-30T11:26:48.000Z
30/07/2026 10:56:06: }
30/07/2026 10:56:12: [PUT] Atualizando cotação: 22894879
30/07/2026 10:56:12: [PUT] Usuário: samanta.andrade
30/07/2026 10:56:12: [PUT] Dados recebidos: {
30/07/2026 10:56:12:   anotacao: undefined,
30/07/2026 10:56:12:   status: 'aprovado',
30/07/2026 10:56:12:   auditoria_anotacao: undefined,
30/07/2026 10:56:12:   auditoria_status: undefined
30/07/2026 10:56:12: }
30/07/2026 10:56:12: [PUT] Linhas afetadas: 1
30/07/2026 10:56:12: [PUT] Cotação atualizada com sucesso: {
30/07/2026 10:56:12:   id_cotacao: 18055,
30/07/2026 10:56:12:   cotacao: 'Q6392120',
30/07/2026 10:56:12:   id_qldd: null,
30/07/2026 10:56:12:   anotacao: 'Tarefa: E001 - PME - 09.489.661/0001-05 | Fila: CPC - PME',
30/07/2026 10:56:12:   status: 'aprovado',
30/07/2026 10:56:12:   data_de_criacao: '30/07/2026 08:46',
30/07/2026 10:56:12:   data_da_ultima_atualizacao: '30/07/2026 10:56',
30/07/2026 10:56:12:   usuario_login: 'tuany.marques.3',
30/07/2026 10:56:12:   validacao: 'Ativo',
30/07/2026 10:56:12:   usuario_id: '150',
30/07/2026 10:56:12:   tarefa: '22894879',
30/07/2026 10:56:12:   origem: 'r_000250',
30/07/2026 10:56:12:   data_historico: 2026-07-29T14:53:06.000Z
30/07/2026 10:56:12: }
30/07/2026 10:56:35: [PUT] Atualizando cotação: 22896465
30/07/2026 10:56:35: [PUT] Usuário: tuany.marques.3
30/07/2026 10:56:35: [PUT] Dados recebidos: {
30/07/2026 10:56:35:   anotacao: undefined,
30/07/2026 10:56:35:   status: 'pendente-maratona',
30/07/2026 10:56:35:   auditoria_anotacao: undefined,
30/07/2026 10:56:35:   auditoria_status: undefined
30/07/2026 10:56:35: }
30/07/2026 10:56:35: [PUT] Linhas afetadas: 1
30/07/2026 10:56:35: [PUT] Cotação atualizada com sucesso: {
30/07/2026 10:56:35:   id_cotacao: 18232,
30/07/2026 10:56:35:   cotacao: 'Q6392620',
30/07/2026 10:56:35:   id_qldd: null,
30/07/2026 10:56:35:   anotacao: 'Tarefa: E001 - PME - 42.160.812/0008-10 | Fila: CPC - PME',
30/07/2026 10:56:35:   status: 'pendente-maratona',
30/07/2026 10:56:35:   data_de_criacao: '30/07/2026 10:56',
30/07/2026 10:56:35:   data_da_ultima_atualizacao: '30/07/2026 10:56',
30/07/2026 10:56:35:   usuario_login: 'tuany.marques.3',
30/07/2026 10:56:35:   validacao: 'Ativo',
30/07/2026 10:56:35:   usuario_id: '135',
30/07/2026 10:56:35:   tarefa: '22896465',
30/07/2026 10:56:35:   origem: 'r_000250',
30/07/2026 10:56:35:   data_historico: 2026-07-29T19:08:27.000Z
30/07/2026 10:56:35: }
30/07/2026 10:57:48: [PUT] Atualizando cotação: 22896116
30/07/2026 10:57:48: [PUT] Usuário: tuany.marques.3
30/07/2026 10:57:48: [PUT] Dados recebidos: {
30/07/2026 10:57:48:   anotacao: undefined,
30/07/2026 10:57:48:   status: 'pendente-maratona',
30/07/2026 10:57:48:   auditoria_anotacao: undefined,
30/07/2026 10:57:48:   auditoria_status: undefined
30/07/2026 10:57:48: }
30/07/2026 10:57:48: [PUT] Linhas afetadas: 1
30/07/2026 10:57:48: [PUT] Cotação atualizada com sucesso: {
30/07/2026 10:57:48:   id_cotacao: 18233,
30/07/2026 10:57:48:   cotacao: 'Q6391230',
30/07/2026 10:57:48:   id_qldd: null,
30/07/2026 10:57:48:   anotacao: 'Tarefa: E001 - PME - 37.998.132/0001-64 | Fila: CPC - PME',
30/07/2026 10:57:48:   status: 'pendente-maratona',
30/07/2026 10:57:48:   data_de_criacao: '30/07/2026 10:57',
30/07/2026 10:57:48:   data_da_ultima_atualizacao: '30/07/2026 10:57',
30/07/2026 10:57:48:   usuario_login: 'tuany.marques.3',
30/07/2026 10:57:48:   validacao: 'Ativo',
30/07/2026 10:57:48:   usuario_id: '131',
30/07/2026 10:57:48:   tarefa: '22896116',
30/07/2026 10:57:48:   origem: 'r_000250',
30/07/2026 10:57:48:   data_historico: 2026-07-29T18:28:53.000Z
30/07/2026 10:57:48: }
30/07/2026 10:57:53: [PUT] Atualizando cotação: 22894885
30/07/2026 10:57:53: [PUT] Usuário: samanta.andrade
30/07/2026 10:57:53: [PUT] Dados recebidos: {
30/07/2026 10:57:53:   anotacao: undefined,
30/07/2026 10:57:53:   status: 'assumido',
30/07/2026 10:57:53:   auditoria_anotacao: undefined,
30/07/2026 10:57:53:   auditoria_status: undefined
30/07/2026 10:57:53: }
30/07/2026 10:57:53: [PUT] Linhas afetadas: 1
30/07/2026 10:57:53: [PUT] Cotação atualizada com sucesso: {
30/07/2026 10:57:53:   id_cotacao: 18057,
30/07/2026 10:57:53:   cotacao: 'Q6386487',
30/07/2026 10:57:53:   id_qldd: null,
30/07/2026 10:57:53:   anotacao: 'Tarefa: E001 - PME - 10.442.495/0001-62 | Fila: CPC - PME',
30/07/2026 10:57:53:   status: 'assumido',
30/07/2026 10:57:53:   data_de_criacao: '30/07/2026 08:46',
30/07/2026 10:57:53:   data_da_ultima_atualizacao: '30/07/2026 10:57',
30/07/2026 10:57:53:   usuario_login: 'tuany.marques.3',
30/07/2026 10:57:53:   validacao: 'Ativo',
30/07/2026 10:57:53:   usuario_id: '150',
30/07/2026 10:57:53:   tarefa: '22894885',
30/07/2026 10:57:53:   origem: 'r_000250',
30/07/2026 10:57:53:   data_historico: 2026-07-29T14:53:50.000Z
30/07/2026 10:57:53: }
30/07/2026 10:58:12: [PUT] Atualizando cotação: 22896235
30/07/2026 10:58:12: [PUT] Usuário: tuany.marques.3
30/07/2026 10:58:12: [PUT] Dados recebidos: {
30/07/2026 10:58:12:   anotacao: undefined,
30/07/2026 10:58:12:   status: 'pendente-maratona',
30/07/2026 10:58:12:   auditoria_anotacao: undefined,
30/07/2026 10:58:12:   auditoria_status: undefined
30/07/2026 10:58:12: }
30/07/2026 10:58:12: [PUT] Linhas afetadas: 1
30/07/2026 10:58:12: [PUT] Cotação atualizada com sucesso: {
30/07/2026 10:58:12:   id_cotacao: 18234,
30/07/2026 10:58:12:   cotacao: 'Q6392716',
30/07/2026 10:58:12:   id_qldd: null,
30/07/2026 10:58:12:   anotacao: 'Tarefa: E001 - PME - NET - 25.051.477/0001-27 | Fila: CPC - PME',
30/07/2026 10:58:12:   status: 'pendente-maratona',
30/07/2026 10:58:12:   data_de_criacao: '30/07/2026 10:58',
30/07/2026 10:58:12:   data_da_ultima_atualizacao: '30/07/2026 10:58',
30/07/2026 10:58:12:   usuario_login: 'tuany.marques.3',
30/07/2026 10:58:12:   validacao: 'Ativo',
30/07/2026 10:58:12:   usuario_id: '199',
30/07/2026 10:58:12:   tarefa: '22896235',
30/07/2026 10:58:12:   origem: 'r_000250',
30/07/2026 10:58:12:   data_historico: 2026-07-29T18:41:11.000Z
30/07/2026 10:58:12: }
30/07/2026 10:58:20: [PUT] Atualizando cotação: 22895082
30/07/2026 10:58:20: [PUT] Usuário: rosa.ferreira.3
30/07/2026 10:58:20: [PUT] Dados recebidos: {
30/07/2026 10:58:20:   anotacao: undefined,
30/07/2026 10:58:20:   status: 'assumido',
30/07/2026 10:58:20:   auditoria_anotacao: undefined,
30/07/2026 10:58:20:   auditoria_status: undefined
30/07/2026 10:58:20: }
30/07/2026 10:58:20: [PUT] Linhas afetadas: 1
30/07/2026 10:58:20: [PUT] Cotação atualizada com sucesso: {
30/07/2026 10:58:20:   id_cotacao: 18085,
30/07/2026 10:58:20:   cotacao: 'Q6392268',
30/07/2026 10:58:20:   id_qldd: null,
30/07/2026 10:58:20:   anotacao: 'Tarefa: E001 - PME - 57.663.932/0001-31 | Fila: CPC - PME',
30/07/2026 10:58:20:   status: 'assumido',
30/07/2026 10:58:20:   data_de_criacao: '30/07/2026 08:54',
30/07/2026 10:58:20:   data_da_ultima_atualizacao: '30/07/2026 10:58',
30/07/2026 10:58:20:   usuario_login: 'tuany.marques.3',
30/07/2026 10:58:20:   validacao: 'Ativo',
30/07/2026 10:58:20:   usuario_id: '148',
30/07/2026 10:58:20:   tarefa: '22895082',
30/07/2026 10:58:20:   origem: 'r_000250',
30/07/2026 10:58:20:   data_historico: 2026-07-29T15:24:11.000Z
30/07/2026 10:58:20: }
30/07/2026 10:59:00: [PUT] Atualizando cotação: 22895679
30/07/2026 10:59:00: [PUT] Usuário: giovanna.mozzarelo.3
30/07/2026 10:59:00: [PUT] Dados recebidos: {
30/07/2026 10:59:00:   anotacao: undefined,
30/07/2026 10:59:00:   status: 'reprovado',
30/07/2026 10:59:00:   auditoria_anotacao: undefined,
30/07/2026 10:59:00:   auditoria_status: undefined
30/07/2026 10:59:00: }
30/07/2026 10:59:00: [PUT] Linhas afetadas: 1
30/07/2026 10:59:00: [PUT] Cotação atualizada com sucesso: {
30/07/2026 10:59:00:   id_cotacao: 18192,
30/07/2026 10:59:00:   cotacao: 'Q6379731',
30/07/2026 10:59:00:   id_qldd: null,
30/07/2026 10:59:00:   anotacao: 'Tarefa: E001 - PME - 35.519.384/0001-38 | Fila: CPC - PME',
30/07/2026 10:59:00:   status: 'reprovado',
30/07/2026 10:59:00:   data_de_criacao: '30/07/2026 10:08',
30/07/2026 10:59:00:   data_da_ultima_atualizacao: '30/07/2026 10:59',
30/07/2026 10:59:00:   usuario_login: 'elcler.modesto',
30/07/2026 10:59:00:   validacao: 'Ativo',
30/07/2026 10:59:00:   usuario_id: '199',
30/07/2026 10:59:00:   tarefa: '22895679',
30/07/2026 10:59:00:   origem: 'r_000250',
30/07/2026 10:59:00:   data_historico: 2026-07-29T17:28:03.000Z
30/07/2026 10:59:00: }
30/07/2026 10:59:03: [PUT] Atualizando cotação: 22895679
30/07/2026 10:59:03: [PUT] Usuário: giovanna.mozzarelo.3
30/07/2026 10:59:03: [PUT] Dados recebidos: {
30/07/2026 10:59:03:   anotacao: 'Tarefa: E001 - PME - 35.519.384/0001-38 | Fila: CPC - PME\n' +
30/07/2026 10:59:03:     '\n' +
30/07/2026 10:59:03:     '> A informação à vista no campo Forma de Pagamento do Aparelho MOTOROLA MOTO G67 5G 256GB da cotação detalhada está divergindo do que foi informado no TCPJ, à prazo em 24x. (Todos os documentos que possuir a mesma informação devem ser corrigidos, caso necessite também de correção). **Forma de Pagamento // a prazo 24x**\n' +
30/07/2026 10:59:03:     '\n' +
30/07/2026 10:59:03:     '> A etiqueta referente à franquia contratada 25GB sem bônus não foi enviada. É necessário enviar uma etiqueta para cada franquia.**Etiqueta Incompleta**\n' +
30/07/2026 10:59:03:     '\n',
30/07/2026 10:59:03:   status: 'reprovado',
30/07/2026 10:59:03:   auditoria_anotacao: '',
30/07/2026 10:59:03:   auditoria_status: ''
30/07/2026 10:59:03: }
30/07/2026 10:59:03: [PUT] Linhas afetadas: 1
30/07/2026 10:59:03: [PUT] Cotação atualizada com sucesso: {
30/07/2026 10:59:03:   id_cotacao: 18192,
30/07/2026 10:59:03:   cotacao: 'Q6379731',
30/07/2026 10:59:03:   id_qldd: null,
30/07/2026 10:59:03:   anotacao: 'Tarefa: E001 - PME - 35.519.384/0001-38 | Fila: CPC - PME\n' +
30/07/2026 10:59:03:     '\n' +
30/07/2026 10:59:03:     '> A informação à vista no campo Forma de Pagamento do Aparelho MOTOROLA MOTO G67 5G 256GB da cotação detalhada está divergindo do que foi informado no TCPJ, à prazo em 24x. (Todos os documentos que possuir a mesma informação devem ser corrigidos, caso necessite também de correção). **Forma de Pagamento // a prazo 24x**\n' +
30/07/2026 10:59:03:     '\n' +
30/07/2026 10:59:03:     '> A etiqueta referente à franquia contratada 25GB sem bônus não foi enviada. É necessário enviar uma etiqueta para cada franquia.**Etiqueta Incompleta**\n' +
30/07/2026 10:59:03:     '\n',
30/07/2026 10:59:03:   status: 'reprovado',
30/07/2026 10:59:03:   data_de_criacao: '30/07/2026 10:08',
30/07/2026 10:59:03:   data_da_ultima_atualizacao: '30/07/2026 10:59',
30/07/2026 10:59:03:   usuario_login: 'elcler.modesto',
30/07/2026 10:59:03:   validacao: 'Ativo',
30/07/2026 10:59:03:   usuario_id: '199',
30/07/2026 10:59:03:   tarefa: '22895679',
30/07/2026 10:59:03:   origem: 'r_000250',
30/07/2026 10:59:03:   data_historico: 2026-07-29T17:28:03.000Z
30/07/2026 10:59:03: }
30/07/2026 11:00:19: [PUT] Atualizando cotação: 22897226
30/07/2026 11:00:19: [PUT] Usuário: yasmin.santana
30/07/2026 11:00:19: [PUT] Dados recebidos: {
30/07/2026 11:00:19:   anotacao: undefined,
30/07/2026 11:00:19:   status: 'aprovado',
30/07/2026 11:00:19:   auditoria_anotacao: undefined,
30/07/2026 11:00:19:   auditoria_status: undefined
30/07/2026 11:00:19: }
30/07/2026 11:00:19: [PUT] Linhas afetadas: 1
30/07/2026 11:00:19: [PUT] Cotação atualizada com sucesso: {
30/07/2026 11:00:19:   id_cotacao: 18217,
30/07/2026 11:00:19:   cotacao: 'Q6393426',
30/07/2026 11:00:19:   id_qldd: null,
30/07/2026 11:00:19:   anotacao: 'Tarefa: E001 - PME - 22.577.479/0001-66 | Fila: CPC - PME',
30/07/2026 11:00:19:   status: 'aprovado',
30/07/2026 11:00:19:   data_de_criacao: '30/07/2026 10:47',
30/07/2026 11:00:19:   data_da_ultima_atualizacao: '30/07/2026 11:00',
30/07/2026 11:00:19:   usuario_login: 'tuany.marques.3',
30/07/2026 11:00:19:   validacao: 'Ativo',
30/07/2026 11:00:19:   usuario_id: '156',
30/07/2026 11:00:19:   tarefa: '22897226',
30/07/2026 11:00:19:   origem: 'r_000250',
30/07/2026 11:00:19:   data_historico: 2026-07-29T20:51:29.000Z
30/07/2026 11:00:19: }
30/07/2026 11:00:46: [PUT] Atualizando cotação: 22895859
30/07/2026 11:00:46: [PUT] Usuário: yasmin.santana
30/07/2026 11:00:46: [PUT] Dados recebidos: {
30/07/2026 11:00:46:   anotacao: undefined,
30/07/2026 11:00:46:   status: 'assumido',
30/07/2026 11:00:46:   auditoria_anotacao: undefined,
30/07/2026 11:00:46:   auditoria_status: undefined
30/07/2026 11:00:46: }
30/07/2026 11:00:46: [PUT] Linhas afetadas: 1
30/07/2026 11:00:46: [PUT] Cotação atualizada com sucesso: {
30/07/2026 11:00:46:   id_cotacao: 18215,
30/07/2026 11:00:46:   cotacao: 'Q6392178',
30/07/2026 11:00:46:   id_qldd: null,
30/07/2026 11:00:46:   anotacao: 'Tarefa: E001 - PME - 20.168.708/0001-63 | Fila: CPC - PME',
30/07/2026 11:00:46:   status: 'assumido',
30/07/2026 11:00:46:   data_de_criacao: '30/07/2026 10:43',
30/07/2026 11:00:46:   data_da_ultima_atualizacao: '30/07/2026 11:00',
30/07/2026 11:00:46:   usuario_login: 'tuany.marques.3',
30/07/2026 11:00:46:   validacao: 'Ativo',
30/07/2026 11:00:46:   usuario_id: '156',
30/07/2026 11:00:46:   tarefa: '22895859',
30/07/2026 11:00:46:   origem: 'r_000250',
30/07/2026 11:00:46:   data_historico: 2026-07-29T17:55:41.000Z
30/07/2026 11:00:46: }
30/07/2026 11:01:03: [PUT] Atualizando cotação: 22896316
30/07/2026 11:01:03: [PUT] Usuário: yasmin.santana
30/07/2026 11:01:03: [PUT] Dados recebidos: {
30/07/2026 11:01:03:   anotacao: undefined,
30/07/2026 11:01:03:   status: 'assumido',
30/07/2026 11:01:03:   auditoria_anotacao: undefined,
30/07/2026 11:01:03:   auditoria_status: undefined
30/07/2026 11:01:03: }
30/07/2026 11:01:03: [PUT] Linhas afetadas: 1
30/07/2026 11:01:03: [PUT] Cotação atualizada com sucesso: {
30/07/2026 11:01:03:   id_cotacao: 18225,
30/07/2026 11:01:03:   cotacao: 'Q6391975',
30/07/2026 11:01:03:   id_qldd: null,
30/07/2026 11:01:03:   anotacao: 'Tarefa: E001 - PME - 67.508.912/0001-40 | Fila: CPC - PME',
30/07/2026 11:01:03:   status: 'assumido',
30/07/2026 11:01:03:   data_de_criacao: '30/07/2026 10:52',
30/07/2026 11:01:03:   data_da_ultima_atualizacao: '30/07/2026 11:01',
30/07/2026 11:01:03:   usuario_login: 'tuany.marques.3',
30/07/2026 11:01:03:   validacao: 'Ativo',
30/07/2026 11:01:03:   usuario_id: '156',
30/07/2026 11:01:03:   tarefa: '22896316',
30/07/2026 11:01:03:   origem: 'r_000250',
30/07/2026 11:01:03:   data_historico: 2026-07-29T18:50:05.000Z
30/07/2026 11:01:03: }
30/07/2026 11:01:30: [PUT] Atualizando cotação: 22896599
30/07/2026 11:01:30: [PUT] Usuário: yasmin.santana
30/07/2026 11:01:30: [PUT] Dados recebidos: {
30/07/2026 11:01:30:   anotacao: undefined,
30/07/2026 11:01:30:   status: 'assumido',
30/07/2026 11:01:30:   auditoria_anotacao: undefined,
30/07/2026 11:01:30:   auditoria_status: undefined
30/07/2026 11:01:30: }
30/07/2026 11:01:30: [PUT] Linhas afetadas: 1
30/07/2026 11:01:30: [PUT] Cotação atualizada com sucesso: {
30/07/2026 11:01:30:   id_cotacao: 18216,
30/07/2026 11:01:30:   cotacao: 'Q6385995',
30/07/2026 11:01:30:   id_qldd: null,
30/07/2026 11:01:30:   anotacao: 'Tarefa: E001 - PME - 05.617.589/0001-95 | Fila: CPC - PME',
30/07/2026 11:01:30:   status: 'assumido',
30/07/2026 11:01:30:   data_de_criacao: '30/07/2026 10:46',
30/07/2026 11:01:30:   data_da_ultima_atualizacao: '30/07/2026 11:01',
30/07/2026 11:01:30:   usuario_login: 'tuany.marques.3',
30/07/2026 11:01:30:   validacao: 'Ativo',
30/07/2026 11:01:30:   usuario_id: '156',
30/07/2026 11:01:30:   tarefa: '22896599',
30/07/2026 11:01:30:   origem: 'r_000250',
30/07/2026 11:01:30:   data_historico: 2026-07-29T19:24:56.000Z
30/07/2026 11:01:30: }
30/07/2026 11:01:32: [PUT] Atualizando cotação: 22894459
30/07/2026 11:01:32: [PUT] Usuário: luiza.franco.3
30/07/2026 11:01:32: [PUT] Dados recebidos: {
30/07/2026 11:01:32:   anotacao: '> Os SVA Mobilidade Comtemplados ao cliente na franquia Claro pós 10 GB presente no TCPJ e na tabela vigente na Intranet na data de assinatura do termo não refletiu na Cotação detalhada. OBS: Todas as informações relacionadas as franquias contratadas, como valores, bônus, módulos, entre outros devem estar de acordo entre as documentações e com os planos vigentes da Intranet na data de assinatura do TCPJ.\n',
30/07/2026 11:01:32:   status: 'pendente',
30/07/2026 11:01:32:   auditoria_anotacao: '',
30/07/2026 11:01:32:   auditoria_status: ''
30/07/2026 11:01:32: }
30/07/2026 11:01:32: [PUT] Linhas afetadas: 1
30/07/2026 11:01:32: [PUT] Cotação atualizada com sucesso: {
30/07/2026 11:01:32:   id_cotacao: 17951,
30/07/2026 11:01:32:   cotacao: 'Q6391894',
30/07/2026 11:01:32:   id_qldd: null,
30/07/2026 11:01:32:   anotacao: '> Os SVA Mobilidade Comtemplados ao cliente na franquia Claro pós 10 GB presente no TCPJ e na tabela vigente na Intranet na data de assinatura do termo não refletiu na Cotação detalhada. OBS: Todas as informações relacionadas as franquias contratadas, como valores, bônus, módulos, entre outros devem estar de acordo entre as documentações e com os planos vigentes da Intranet na data de assinatura do TCPJ.\n',
30/07/2026 11:01:32:   status: 'pendente',
30/07/2026 11:01:32:   data_de_criacao: '30/07/2026 07:33',
30/07/2026 11:01:32:   data_da_ultima_atualizacao: '30/07/2026 11:01',
30/07/2026 11:01:32:   usuario_login: 'tuany.marques.3',
30/07/2026 11:01:32:   validacao: 'Ativo',
30/07/2026 11:01:32:   usuario_id: '140',
30/07/2026 11:01:32:   tarefa: '22894459',
30/07/2026 11:01:32:   origem: 'r_000250',
30/07/2026 11:01:32:   data_historico: 2026-07-29T13:55:29.000Z
30/07/2026 11:01:32: }
30/07/2026 11:01:53: [PUT] Atualizando cotação: 22894473
30/07/2026 11:01:53: [PUT] Usuário: yasmin.santana
30/07/2026 11:01:53: [PUT] Dados recebidos: {
30/07/2026 11:01:53:   anotacao: undefined,
30/07/2026 11:01:53:   status: 'aprovado',
30/07/2026 11:01:53:   auditoria_anotacao: undefined,
30/07/2026 11:01:53:   auditoria_status: undefined
30/07/2026 11:01:53: }
30/07/2026 11:01:53: [PUT] Linhas afetadas: 1
30/07/2026 11:01:53: [PUT] Cotação atualizada com sucesso: {
30/07/2026 11:01:53:   id_cotacao: 17955,
30/07/2026 11:01:53:   cotacao: 'Q6389638',
30/07/2026 11:01:53:   id_qldd: null,
30/07/2026 11:01:53:   anotacao: 'Tarefa: E001 - PME - 52.175.722/0001-80 | Fila: CPC - PME',
30/07/2026 11:01:53:   status: 'aprovado',
30/07/2026 11:01:53:   data_de_criacao: '30/07/2026 07:33',
30/07/2026 11:01:53:   data_da_ultima_atualizacao: '30/07/2026 11:01',
30/07/2026 11:01:53:   usuario_login: 'tuany.marques.3',
30/07/2026 11:01:53:   validacao: 'Ativo',
30/07/2026 11:01:53:   usuario_id: '156',
30/07/2026 11:01:53:   tarefa: '22894473',
30/07/2026 11:01:53:   origem: 'r_000250',
30/07/2026 11:01:53:   data_historico: 2026-07-29T13:57:28.000Z
30/07/2026 11:01:53: }
30/07/2026 11:01:54: [PUT] Atualizando cotação: 22895141
30/07/2026 11:01:54: [PUT] Usuário: allison.aguilar.3
30/07/2026 11:01:54: [PUT] Dados recebidos: {
30/07/2026 11:01:54:   anotacao: undefined,
30/07/2026 11:01:54:   status: 'aprovado',
30/07/2026 11:01:54:   auditoria_anotacao: undefined,
30/07/2026 11:01:54:   auditoria_status: undefined
30/07/2026 11:01:54: }
30/07/2026 11:01:54: [PUT] Linhas afetadas: 1
30/07/2026 11:01:54: [PUT] Cotação atualizada com sucesso: {
30/07/2026 11:01:54:   id_cotacao: 18108,
30/07/2026 11:01:54:   cotacao: 'Q6392084',
30/07/2026 11:01:54:   id_qldd: null,
30/07/2026 11:01:54:   anotacao: 'Tarefa: E001 - PME - 51.849.536/0001-17 | Fila: CPC - PME',
30/07/2026 11:01:54:   status: 'aprovado',
30/07/2026 11:01:54:   data_de_criacao: '30/07/2026 09:16',
30/07/2026 11:01:54:   data_da_ultima_atualizacao: '30/07/2026 11:01',
30/07/2026 11:01:54:   usuario_login: 'tuany.marques.3',
30/07/2026 11:01:54:   validacao: 'Ativo',
30/07/2026 11:01:54:   usuario_id: '124',
30/07/2026 11:01:54:   tarefa: '22895141',
30/07/2026 11:01:54:   origem: 'r_000250',
30/07/2026 11:01:54:   data_historico: 2026-07-29T15:33:33.000Z
30/07/2026 11:01:54: }
30/07/2026 11:01:56: [PUT] Atualizando cotação: 22895139
30/07/2026 11:01:56: [PUT] Usuário: allison.aguilar.3
30/07/2026 11:01:56: [PUT] Dados recebidos: {
30/07/2026 11:01:56:   anotacao: undefined,
30/07/2026 11:01:56:   status: 'aprovado',
30/07/2026 11:01:56:   auditoria_anotacao: undefined,
30/07/2026 11:01:56:   auditoria_status: undefined
30/07/2026 11:01:56: }
30/07/2026 11:01:56: [PUT] Linhas afetadas: 1
30/07/2026 11:01:56: [PUT] Cotação atualizada com sucesso: {
30/07/2026 11:01:56:   id_cotacao: 18107,
30/07/2026 11:01:56:   cotacao: 'Q6392281',
30/07/2026 11:01:56:   id_qldd: null,
30/07/2026 11:01:56:   anotacao: 'Tarefa: E001 - PME - 07.179.979/0001-56 | Fila: CPC - PME',
30/07/2026 11:01:56:   status: 'aprovado',
30/07/2026 11:01:56:   data_de_criacao: '30/07/2026 09:16',
30/07/2026 11:01:56:   data_da_ultima_atualizacao: '30/07/2026 11:01',
30/07/2026 11:01:56:   usuario_login: 'tuany.marques.3',
30/07/2026 11:01:56:   validacao: 'Ativo',
30/07/2026 11:01:56:   usuario_id: '124',
30/07/2026 11:01:56:   tarefa: '22895139',
30/07/2026 11:01:56:   origem: 'r_000250',
30/07/2026 11:01:56:   data_historico: 2026-07-29T15:33:32.000Z
30/07/2026 11:01:56: }
30/07/2026 11:01:56: [PUT] Atualizando cotação: 22894459
30/07/2026 11:01:56: [PUT] Usuário: luiza.franco.3
30/07/2026 11:01:56: [PUT] Dados recebidos: {
30/07/2026 11:01:56:   anotacao: undefined,
30/07/2026 11:01:56:   status: 'reprovado',
30/07/2026 11:01:56:   auditoria_anotacao: undefined,
30/07/2026 11:01:56:   auditoria_status: undefined
30/07/2026 11:01:56: }
30/07/2026 11:01:56: [PUT] Linhas afetadas: 1
30/07/2026 11:01:56: [PUT] Cotação atualizada com sucesso: {
30/07/2026 11:01:56:   id_cotacao: 17951,
30/07/2026 11:01:56:   cotacao: 'Q6391894',
30/07/2026 11:01:56:   id_qldd: null,
30/07/2026 11:01:56:   anotacao: '> Os SVA Mobilidade Comtemplados ao cliente na franquia Claro pós 10 GB presente no TCPJ e na tabela vigente na Intranet na data de assinatura do termo não refletiu na Cotação detalhada. OBS: Todas as informações relacionadas as franquias contratadas, como valores, bônus, módulos, entre outros devem estar de acordo entre as documentações e com os planos vigentes da Intranet na data de assinatura do TCPJ.\n',
30/07/2026 11:01:56:   status: 'reprovado',
30/07/2026 11:01:56:   data_de_criacao: '30/07/2026 07:33',
30/07/2026 11:01:56:   data_da_ultima_atualizacao: '30/07/2026 11:01',
30/07/2026 11:01:56:   usuario_login: 'tuany.marques.3',
30/07/2026 11:01:56:   validacao: 'Ativo',
30/07/2026 11:01:56:   usuario_id: '140',
30/07/2026 11:01:56:   tarefa: '22894459',
30/07/2026 11:01:56:   origem: 'r_000250',
30/07/2026 11:01:56:   data_historico: 2026-07-29T13:55:29.000Z
30/07/2026 11:01:56: }
30/07/2026 11:01:58: [PUT] Atualizando cotação: 22895137
30/07/2026 11:01:58: [PUT] Usuário: allison.aguilar.3
30/07/2026 11:01:58: [PUT] Dados recebidos: {
30/07/2026 11:01:58:   anotacao: undefined,
30/07/2026 11:01:58:   status: 'aprovado',
30/07/2026 11:01:58:   auditoria_anotacao: undefined,
30/07/2026 11:01:58:   auditoria_status: undefined
30/07/2026 11:01:58: }
30/07/2026 11:01:58: [PUT] Linhas afetadas: 1
30/07/2026 11:01:58: [PUT] Cotação atualizada com sucesso: {
30/07/2026 11:01:58:   id_cotacao: 18106,
30/07/2026 11:01:58:   cotacao: 'Q6392501',
30/07/2026 11:01:58:   id_qldd: null,
30/07/2026 11:01:58:   anotacao: 'Tarefa: E001 - PME - 59.564.280/0001-03 | Fila: CPC - PME',
30/07/2026 11:01:58:   status: 'aprovado',
30/07/2026 11:01:58:   data_de_criacao: '30/07/2026 09:16',
30/07/2026 11:01:58:   data_da_ultima_atualizacao: '30/07/2026 11:01',
30/07/2026 11:01:58:   usuario_login: 'tuany.marques.3',
30/07/2026 11:01:58:   validacao: 'Ativo',
30/07/2026 11:01:58:   usuario_id: '124',
30/07/2026 11:01:58:   tarefa: '22895137',
30/07/2026 11:01:58:   origem: 'r_000250',
30/07/2026 11:01:58:   data_historico: 2026-07-29T15:33:14.000Z
30/07/2026 11:01:58: }
30/07/2026 11:01:59: [PUT] Atualizando cotação: 22895135
30/07/2026 11:01:59: [PUT] Usuário: allison.aguilar.3
30/07/2026 11:01:59: [PUT] Dados recebidos: {
30/07/2026 11:01:59:   anotacao: undefined,
30/07/2026 11:01:59:   status: 'aprovado',
30/07/2026 11:01:59:   auditoria_anotacao: undefined,
30/07/2026 11:01:59:   auditoria_status: undefined
30/07/2026 11:01:59: }
30/07/2026 11:01:59: [PUT] Linhas afetadas: 1
30/07/2026 11:01:59: [PUT] Cotação atualizada com sucesso: {
30/07/2026 11:01:59:   id_cotacao: 18105,
30/07/2026 11:01:59:   cotacao: 'Q6392111',
30/07/2026 11:01:59:   id_qldd: null,
30/07/2026 11:01:59:   anotacao: 'Tarefa: E001 - PME - 09.154.887/0001-47 | Fila: CPC - PME',
30/07/2026 11:01:59:   status: 'aprovado',
30/07/2026 11:01:59:   data_de_criacao: '30/07/2026 09:16',
30/07/2026 11:01:59:   data_da_ultima_atualizacao: '30/07/2026 11:01',
30/07/2026 11:01:59:   usuario_login: 'tuany.marques.3',
30/07/2026 11:01:59:   validacao: 'Ativo',
30/07/2026 11:01:59:   usuario_id: '124',
30/07/2026 11:01:59:   tarefa: '22895135',
30/07/2026 11:01:59:   origem: 'r_000250',
30/07/2026 11:01:59:   data_historico: 2026-07-29T15:32:58.000Z
30/07/2026 11:01:59: }
30/07/2026 11:02:54: [PUT] Atualizando cotação: 22894885
30/07/2026 11:02:54: [PUT] Usuário: samanta.andrade
30/07/2026 11:02:54: [PUT] Dados recebidos: {
30/07/2026 11:02:54:   anotacao: undefined,
30/07/2026 11:02:54:   status: 'aprovado',
30/07/2026 11:02:54:   auditoria_anotacao: undefined,
30/07/2026 11:02:54:   auditoria_status: undefined
30/07/2026 11:02:54: }
30/07/2026 11:02:54: [PUT] Linhas afetadas: 1
30/07/2026 11:02:54: [PUT] Cotação atualizada com sucesso: {
30/07/2026 11:02:54:   id_cotacao: 18057,
30/07/2026 11:02:54:   cotacao: 'Q6386487',
30/07/2026 11:02:54:   id_qldd: null,
30/07/2026 11:02:54:   anotacao: 'Tarefa: E001 - PME - 10.442.495/0001-62 | Fila: CPC - PME',
30/07/2026 11:02:54:   status: 'aprovado',
30/07/2026 11:02:54:   data_de_criacao: '30/07/2026 08:46',
30/07/2026 11:02:54:   data_da_ultima_atualizacao: '30/07/2026 11:02',
30/07/2026 11:02:54:   usuario_login: 'tuany.marques.3',
30/07/2026 11:02:54:   validacao: 'Ativo',
30/07/2026 11:02:54:   usuario_id: '150',
30/07/2026 11:02:54:   tarefa: '22894885',
30/07/2026 11:02:54:   origem: 'r_000250',
30/07/2026 11:02:54:   data_historico: 2026-07-29T14:53:50.000Z
30/07/2026 11:02:54: }
30/07/2026 11:03:31: [PUT] Atualizando cotação: 22894883
30/07/2026 11:03:31: [PUT] Usuário: samanta.andrade
30/07/2026 11:03:31: [PUT] Dados recebidos: {
30/07/2026 11:03:31:   anotacao: undefined,
30/07/2026 11:03:31:   status: 'assumido',
30/07/2026 11:03:31:   auditoria_anotacao: undefined,
30/07/2026 11:03:31:   auditoria_status: undefined
30/07/2026 11:03:31: }
30/07/2026 11:03:31: [PUT] Linhas afetadas: 1
30/07/2026 11:03:31: [PUT] Cotação atualizada com sucesso: {
30/07/2026 11:03:31:   id_cotacao: 18056,
30/07/2026 11:03:31:   cotacao: 'Q6391708',
30/07/2026 11:03:31:   id_qldd: null,
30/07/2026 11:03:31:   anotacao: 'Tarefa: E001 - PME - 54.033.598/0001-44 | Fila: CPC - PME',
30/07/2026 11:03:31:   status: 'assumido',
30/07/2026 11:03:31:   data_de_criacao: '30/07/2026 08:46',
30/07/2026 11:03:31:   data_da_ultima_atualizacao: '30/07/2026 11:03',
30/07/2026 11:03:31:   usuario_login: 'tuany.marques.3',
30/07/2026 11:03:31:   validacao: 'Ativo',
30/07/2026 11:03:31:   usuario_id: '150',
30/07/2026 11:03:31:   tarefa: '22894883',
30/07/2026 11:03:31:   origem: 'r_000250',
30/07/2026 11:03:31:   data_historico: 2026-07-29T14:53:42.000Z
30/07/2026 11:03:31: }
30/07/2026 11:04:11: [PUT] Atualizando cotação: 22895678
30/07/2026 11:04:11: [PUT] Usuário: giovanna.mozzarelo.3
30/07/2026 11:04:11: [PUT] Dados recebidos: {
30/07/2026 11:04:11:   anotacao: undefined,
30/07/2026 11:04:11:   status: 'aprovado',
30/07/2026 11:04:11:   auditoria_anotacao: undefined,
30/07/2026 11:04:11:   auditoria_status: undefined
30/07/2026 11:04:11: }
30/07/2026 11:04:11: [PUT] Linhas afetadas: 1
30/07/2026 11:04:11: [PUT] Cotação atualizada com sucesso: {
30/07/2026 11:04:11:   id_cotacao: 18191,
30/07/2026 11:04:11:   cotacao: 'Q6392679',
30/07/2026 11:04:11:   id_qldd: null,
30/07/2026 11:04:11:   anotacao: 'Tarefa: E001 - PME - 06.208.305/0001-70 | Fila: CPC - PME',
30/07/2026 11:04:11:   status: 'aprovado',
30/07/2026 11:04:11:   data_de_criacao: '30/07/2026 10:08',
30/07/2026 11:04:11:   data_da_ultima_atualizacao: '30/07/2026 11:04',
30/07/2026 11:04:11:   usuario_login: 'elcler.modesto',
30/07/2026 11:04:11:   validacao: 'Ativo',
30/07/2026 11:04:11:   usuario_id: '199',
30/07/2026 11:04:11:   tarefa: '22895678',
30/07/2026 11:04:11:   origem: 'r_000250',
30/07/2026 11:04:11:   data_historico: 2026-07-29T17:28:01.000Z
30/07/2026 11:04:11: }
30/07/2026 11:05:40: [PUT] Atualizando cotação: 22894837
30/07/2026 11:05:40: [PUT] Usuário: rita.meira.3
30/07/2026 11:05:40: [PUT] Dados recebidos: {
30/07/2026 11:05:40:   anotacao: undefined,
30/07/2026 11:05:40:   status: 'aprovado',
30/07/2026 11:05:40:   auditoria_anotacao: undefined,
30/07/2026 11:05:40:   auditoria_status: undefined
30/07/2026 11:05:40: }
30/07/2026 11:05:40: [PUT] Linhas afetadas: 1
30/07/2026 11:05:40: [PUT] Cotação atualizada com sucesso: {
30/07/2026 11:05:40:   id_cotacao: 18045,
30/07/2026 11:05:40:   cotacao: 'Q6383708',
30/07/2026 11:05:40:   id_qldd: null,
30/07/2026 11:05:40:   anotacao: 'Tarefa: E001 - PME - 29.553.609/0001-70 | Fila: CPC - PME',
30/07/2026 11:05:40:   status: 'aprovado',
30/07/2026 11:05:40:   data_de_criacao: '30/07/2026 08:46',
30/07/2026 11:05:40:   data_da_ultima_atualizacao: '30/07/2026 11:05',
30/07/2026 11:05:40:   usuario_login: 'tuany.marques.3',
30/07/2026 11:05:40:   validacao: 'Ativo',
30/07/2026 11:05:40:   usuario_id: '147',
30/07/2026 11:05:40:   tarefa: '22894837',
30/07/2026 11:05:40:   origem: 'r_000250',
30/07/2026 11:05:40:   data_historico: 2026-07-29T14:49:12.000Z
30/07/2026 11:05:40: }
30/07/2026 11:06:17: [PUT] Atualizando cotação: 22895600
30/07/2026 11:06:17: [PUT] Usuário: gustavo.sanches
30/07/2026 11:06:17: [PUT] Dados recebidos: {
30/07/2026 11:06:17:   anotacao: undefined,
30/07/2026 11:06:17:   status: 'aprovado',
30/07/2026 11:06:17:   auditoria_anotacao: undefined,
30/07/2026 11:06:17:   auditoria_status: undefined
30/07/2026 11:06:17: }
30/07/2026 11:06:17: [PUT] Linhas afetadas: 1
30/07/2026 11:06:17: [PUT] Cotação atualizada com sucesso: {
30/07/2026 11:06:17:   id_cotacao: 18090,
30/07/2026 11:06:17:   cotacao: 'Q6392758',
30/07/2026 11:06:17:   id_qldd: null,
30/07/2026 11:06:17:   anotacao: 'Tarefa: E001 - PME - 04.358.383/0001-25 | Fila: CPC - PME',
30/07/2026 11:06:17:   status: 'aprovado',
30/07/2026 11:06:17:   data_de_criacao: '30/07/2026 08:54',
30/07/2026 11:06:17:   data_da_ultima_atualizacao: '30/07/2026 11:06',
30/07/2026 11:06:17:   usuario_login: 'gustavo.sanches',
30/07/2026 11:06:17:   validacao: 'Ativo',
30/07/2026 11:06:17:   usuario_id: '134',
30/07/2026 11:06:17:   tarefa: '22895600',
30/07/2026 11:06:17:   origem: 'r_000250',
30/07/2026 11:06:17:   data_historico: 2026-07-29T17:13:30.000Z
30/07/2026 11:06:17: }
30/07/2026 11:07:40: [PUT] Atualizando cotação: 22895460
30/07/2026 11:07:40: [PUT] Usuário: eder.fernandes.3
30/07/2026 11:07:40: [PUT] Dados recebidos: {
30/07/2026 11:07:40:   anotacao: undefined,
30/07/2026 11:07:40:   status: 'aprovado',
30/07/2026 11:07:40:   auditoria_anotacao: undefined,
30/07/2026 11:07:40:   auditoria_status: undefined
30/07/2026 11:07:40: }
30/07/2026 11:07:40: [PUT] Linhas afetadas: 1
30/07/2026 11:07:40: [PUT] Cotação atualizada com sucesso: {
30/07/2026 11:07:40:   id_cotacao: 18146,
30/07/2026 11:07:40:   cotacao: 'Q6392522',
30/07/2026 11:07:40:   id_qldd: null,
30/07/2026 11:07:40:   anotacao: 'Tarefa: E001 - PME - 43.048.012/0001-07 | Fila: CPC - PME',
30/07/2026 11:07:40:   status: 'aprovado',
30/07/2026 11:07:40:   data_de_criacao: '30/07/2026 09:39',
30/07/2026 11:07:40:   data_da_ultima_atualizacao: '30/07/2026 11:07',
30/07/2026 11:07:40:   usuario_login: 'tuany.marques.3',
30/07/2026 11:07:40:   validacao: 'Ativo',
30/07/2026 11:07:40:   usuario_id: '129',
30/07/2026 11:07:40:   tarefa: '22895460',
30/07/2026 11:07:40:   origem: 'r_000250',
30/07/2026 11:07:40:   data_historico: 2026-07-29T16:49:31.000Z
30/07/2026 11:07:40: }
30/07/2026 11:09:56: [PUT] Atualizando cotação: 22895676
30/07/2026 11:09:56: [PUT] Usuário: giovanna.mozzarelo.3
30/07/2026 11:09:56: [PUT] Dados recebidos: {
30/07/2026 11:09:56:   anotacao: undefined,
30/07/2026 11:09:56:   status: 'reprovado',
30/07/2026 11:09:56:   auditoria_anotacao: undefined,
30/07/2026 11:09:56:   auditoria_status: undefined
30/07/2026 11:09:56: }
30/07/2026 11:09:56: [PUT] Linhas afetadas: 1
30/07/2026 11:09:56: [PUT] Cotação atualizada com sucesso: {
30/07/2026 11:09:56:   id_cotacao: 18190,
30/07/2026 11:09:56:   cotacao: 'Q6374318',
30/07/2026 11:09:56:   id_qldd: null,
30/07/2026 11:09:56:   anotacao: 'Tarefa: E001 - PME - 54.410.403/0001-38 | Fila: CPC - PME',
30/07/2026 11:09:56:   status: 'reprovado',
30/07/2026 11:09:56:   data_de_criacao: '30/07/2026 10:08',
30/07/2026 11:09:56:   data_da_ultima_atualizacao: '30/07/2026 11:09',
30/07/2026 11:09:56:   usuario_login: 'elcler.modesto',
30/07/2026 11:09:56:   validacao: 'Ativo',
30/07/2026 11:09:56:   usuario_id: '199',
30/07/2026 11:09:56:   tarefa: '22895676',
30/07/2026 11:09:56:   origem: 'r_000250',
30/07/2026 11:09:56:   data_historico: 2026-07-29T17:27:38.000Z
30/07/2026 11:09:56: }
30/07/2026 11:10:03: [PUT] Atualizando cotação: 22895676
30/07/2026 11:10:03: [PUT] Usuário: giovanna.mozzarelo.3
30/07/2026 11:10:03: [PUT] Dados recebidos: {
30/07/2026 11:10:03:   anotacao: 'Tarefa: E001 - PME - 54.410.403/0001-38 | Fila: CPC - PME\n' +
30/07/2026 11:10:03:     '\n' +
30/07/2026 11:10:03:     '> O documento TCPJ foi assinado a mais de 60 dias, portanto está vencido e não é valido.  **Documento vencido**',
30/07/2026 11:10:03:   status: 'reprovado',
30/07/2026 11:10:03:   auditoria_anotacao: '',
30/07/2026 11:10:03:   auditoria_status: ''
30/07/2026 11:10:03: }
30/07/2026 11:10:03: [PUT] Linhas afetadas: 1
30/07/2026 11:10:03: [PUT] Cotação atualizada com sucesso: {
30/07/2026 11:10:03:   id_cotacao: 18190,
30/07/2026 11:10:03:   cotacao: 'Q6374318',
30/07/2026 11:10:03:   id_qldd: null,
30/07/2026 11:10:03:   anotacao: 'Tarefa: E001 - PME - 54.410.403/0001-38 | Fila: CPC - PME\n' +
30/07/2026 11:10:03:     '\n' +
30/07/2026 11:10:03:     '> O documento TCPJ foi assinado a mais de 60 dias, portanto está vencido e não é valido.  **Documento vencido**',
30/07/2026 11:10:03:   status: 'reprovado',
30/07/2026 11:10:03:   data_de_criacao: '30/07/2026 10:08',
30/07/2026 11:10:03:   data_da_ultima_atualizacao: '30/07/2026 11:10',
30/07/2026 11:10:03:   usuario_login: 'elcler.modesto',
30/07/2026 11:10:03:   validacao: 'Ativo',
30/07/2026 11:10:03:   usuario_id: '199',
30/07/2026 11:10:03:   tarefa: '22895676',
30/07/2026 11:10:03:   origem: 'r_000250',
30/07/2026 11:10:03:   data_historico: 2026-07-29T17:27:38.000Z
30/07/2026 11:10:03: }
30/07/2026 11:10:46: [PUT] Atualizando cotação: 22895474
30/07/2026 11:10:46: [PUT] Usuário: eder.fernandes.3
30/07/2026 11:10:46: [PUT] Dados recebidos: {
30/07/2026 11:10:46:   anotacao: undefined,
30/07/2026 11:10:46:   status: 'aprovado',
30/07/2026 11:10:46:   auditoria_anotacao: undefined,
30/07/2026 11:10:46:   auditoria_status: undefined
30/07/2026 11:10:46: }
30/07/2026 11:10:46: [PUT] Linhas afetadas: 1
30/07/2026 11:10:46: [PUT] Cotação atualizada com sucesso: {
30/07/2026 11:10:46:   id_cotacao: 18147,
30/07/2026 11:10:46:   cotacao: 'Q6392541',
30/07/2026 11:10:46:   id_qldd: null,
30/07/2026 11:10:46:   anotacao: 'Tarefa: E001 - PME - 58.588.476/0001-75 | Fila: CPC - PME',
30/07/2026 11:10:46:   status: 'aprovado',
30/07/2026 11:10:46:   data_de_criacao: '30/07/2026 09:39',
30/07/2026 11:10:46:   data_da_ultima_atualizacao: '30/07/2026 11:10',
30/07/2026 11:10:46:   usuario_login: 'tuany.marques.3',
30/07/2026 11:10:46:   validacao: 'Ativo',
30/07/2026 11:10:46:   usuario_id: '129',
30/07/2026 11:10:46:   tarefa: '22895474',
30/07/2026 11:10:46:   origem: 'r_000250',
30/07/2026 11:10:46:   data_historico: 2026-07-29T16:51:49.000Z
30/07/2026 11:10:46: }
30/07/2026 11:12:14: [PUT] Atualizando cotação: 22895859
30/07/2026 11:12:14: [PUT] Usuário: yasmin.santana
30/07/2026 11:12:14: [PUT] Dados recebidos: {
30/07/2026 11:12:14:   anotacao: undefined,
30/07/2026 11:12:14:   status: 'aprovado',
30/07/2026 11:12:14:   auditoria_anotacao: undefined,
30/07/2026 11:12:14:   auditoria_status: undefined
30/07/2026 11:12:14: }
30/07/2026 11:12:14: [PUT] Linhas afetadas: 1
30/07/2026 11:12:14: [PUT] Cotação atualizada com sucesso: {
30/07/2026 11:12:14:   id_cotacao: 18215,
30/07/2026 11:12:14:   cotacao: 'Q6392178',
30/07/2026 11:12:14:   id_qldd: null,
30/07/2026 11:12:14:   anotacao: 'Tarefa: E001 - PME - 20.168.708/0001-63 | Fila: CPC - PME',
30/07/2026 11:12:14:   status: 'aprovado',
30/07/2026 11:12:14:   data_de_criacao: '30/07/2026 10:43',
30/07/2026 11:12:14:   data_da_ultima_atualizacao: '30/07/2026 11:12',
30/07/2026 11:12:14:   usuario_login: 'tuany.marques.3',
30/07/2026 11:12:14:   validacao: 'Ativo',
30/07/2026 11:12:14:   usuario_id: '156',
30/07/2026 11:12:14:   tarefa: '22895859',
30/07/2026 11:12:14:   origem: 'r_000250',
30/07/2026 11:12:14:   data_historico: 2026-07-29T17:55:41.000Z
30/07/2026 11:12:14: }
30/07/2026 11:12:17: [PUT] Atualizando cotação: 22895859
30/07/2026 11:12:17: [PUT] Usuário: yasmin.santana
30/07/2026 11:12:17: [PUT] Dados recebidos: {
30/07/2026 11:12:17:   anotacao: undefined,
30/07/2026 11:12:17:   status: 'reprovado',
30/07/2026 11:12:17:   auditoria_anotacao: undefined,
30/07/2026 11:12:17:   auditoria_status: undefined
30/07/2026 11:12:17: }
30/07/2026 11:12:17: [PUT] Linhas afetadas: 1
30/07/2026 11:12:17: [PUT] Cotação atualizada com sucesso: {
30/07/2026 11:12:17:   id_cotacao: 18215,
30/07/2026 11:12:17:   cotacao: 'Q6392178',
30/07/2026 11:12:17:   id_qldd: null,
30/07/2026 11:12:17:   anotacao: 'Tarefa: E001 - PME - 20.168.708/0001-63 | Fila: CPC - PME',
30/07/2026 11:12:17:   status: 'reprovado',
30/07/2026 11:12:17:   data_de_criacao: '30/07/2026 10:43',
30/07/2026 11:12:17:   data_da_ultima_atualizacao: '30/07/2026 11:12',
30/07/2026 11:12:17:   usuario_login: 'tuany.marques.3',
30/07/2026 11:12:17:   validacao: 'Ativo',
30/07/2026 11:12:17:   usuario_id: '156',
30/07/2026 11:12:17:   tarefa: '22895859',
30/07/2026 11:12:17:   origem: 'r_000250',
30/07/2026 11:12:17:   data_historico: 2026-07-29T17:55:41.000Z
30/07/2026 11:12:17: }
